Time,2011,2012,2013,2014,2015,2016,2017,2018,2019,2020,2021,2022,2023,2024,2025
"Buildings Construction[DFH,Bellinzona,VeryLow]",0,0,0,0,0,0,0,0,0,0,0,0,0,0,0
"Buildings Construction[DFH,Bellinzona,Low]",0,0,0,0,0,0,0,0,0,0,0,0,0,0,0
"Buildings Construction[DFH,Bellinzona,Moderate]",7.09281,7.09281,5.57292,4.55966,5.06629,2.53315,4.55966,4.55966,4.55966,1.01326,3.5464,2.02652,4.55966,3.03977,0.506629
"Buildings Construction[DFH,Bellinzona,High]",5.02646,5.02646,3.94936,3.2313,3.59033,1.79517,3.2313,3.2313,3.2313,0.718066,2.51323,1.43613,3.2313,2.1542,0.359033
"Buildings Construction[DFH,Bellinzona,VeryHigh]",1.88073,1.88073,1.47772,1.20904,1.34338,0.671689,1.20904,1.20904,1.20904,0.268676,0.940365,0.537351,1.20904,0.806027,0.134338
"Buildings Construction[DFH,Blenio,VeryLow]",0,0,0,0,0,0,0,0,0,0,0,0,0,0,0
"Buildings Construction[DFH,Blenio,Low]",0,0,0,0,0,0,0,0,0,0,0,0,0,0,0
"Buildings Construction[DFH,Blenio,Moderate]",1.01326,0.506629,0,0.506629,1.51989,0.506629,0.506629,1.51989,1.01326,0,0,1.51989,0.506629,1.01326,0
"Buildings Construction[DFH,Blenio,High]",0.718066,0.359033,0,0.359033,1.0771,0.359033,0.359033,1.0771,0.718066,0,0,1.0771,0.359033,0.718066,0
"Buildings Construction[DFH,Blenio,VeryHigh]",0.268676,0.134338,0,0.134338,0.403014,0.134338,0.134338,0.403014,0.268676,0,0,0.403014,0.134338,0.268676,0
"Buildings Construction[DFH,Leventina,VeryLow]",0,0,0,0,0,0,0,0,0,0,0,0,0,0,0
"Buildings Construction[DFH,Leventina,Low]",0,0,0,0,0,0,0,0,0,0,0,0,0,0,0
"Buildings Construction[DFH,Leventina,Moderate]",1.01326,0,1.01326,0.506629,0.506629,0,0,0.506629,0,0.506629,0.506629,0.506629,1.01326,1.51989,0
"Buildings Construction[DFH,Leventina,High]",0.718066,0,0.718066,0.359033,0.359033,0,0,0.359033,0,0.359033,0.359033,0.359033,0.718066,1.0771,0
"Buildings Construction[DFH,Leventina,VeryHigh]",0.268676,0,0.268676,0.134338,0.134338,0,0,0.134338,0,0.134338,0.134338,0.134338,0.268676,0.403014,0
"Buildings Construction[DFH,Locarno,VeryLow]",0,0,0,0,0,0,0,0,0,0,0,0,0,0,0
"Buildings Construction[DFH,Locarno,Low]",0,0,0,0,0,0,0,0,0,0,0,0,0,0,0
"Buildings Construction[DFH,Locarno,Moderate]",3.03977,6.07955,7.59944,6.07955,6.07955,6.58618,4.55966,4.55966,3.5464,2.02652,3.03977,3.03977,2.53315,2.53315,2.02652
"Buildings Construction[DFH,Locarno,High]",2.1542,4.3084,5.3855,4.3084,4.3084,4.66743,3.2313,3.2313,2.51323,1.43613,2.1542,2.1542,1.79517,1.79517,1.43613
"Buildings Construction[DFH,Locarno,VeryHigh]",0.806027,1.61205,2.01507,1.61205,1.61205,1.74639,1.20904,1.20904,0.940365,0.537351,0.806027,0.806027,0.671689,0.671689,0.537351
"Buildings Construction[DFH,Lugano,VeryLow]",0,0,0,0,0,0,0,0,0,0,0,0,0,0,0
"Buildings Construction[DFH,Lugano,Low]",0,0,0,0,0,0,0,0,0,0,0,0,0,0,0
"Buildings Construction[DFH,Lugano,Moderate]",11.6525,10.1326,14.1856,13.1724,7.09281,9.11932,9.11932,3.03977,8.10607,7.59944,4.55966,3.03977,6.07955,7.09281,2.53315
"Buildings Construction[DFH,Lugano,High]",8.25776,7.18066,10.0529,9.33486,5.02646,6.4626,6.4626,2.1542,5.74453,5.3855,3.2313,2.1542,4.3084,5.02646,1.79517
"Buildings Construction[DFH,Lugano,VeryHigh]",3.08977,2.68676,3.76146,3.49278,1.88073,2.41808,2.41808,0.806027,2.14941,2.01507,1.20904,0.806027,1.61205,1.88073,0.671689
"Buildings Construction[DFH,Mendrisio,VeryLow]",0,0,0,0,0,0,0,0,0,0,0,0,0,0,0
"Buildings Construction[DFH,Mendrisio,Low]",0,0,0,0,0,0,0,0,0,0,0,0,0,0,0
"Buildings Construction[DFH,Mendrisio,Moderate]",5.06629,4.05303,2.02652,2.53315,2.53315,3.5464,4.05303,2.02652,2.53315,1.51989,1.51989,2.53315,2.02652,0,0.506629
"Buildings Construction[DFH,Mendrisio,High]",3.59033,2.87226,1.43613,1.79517,1.79517,2.51323,2.87226,1.43613,1.79517,1.0771,1.0771,1.79517,1.43613,0,0.359033
"Buildings Construction[DFH,Mendrisio,VeryHigh]",1.34338,1.0747,0.537351,0.671689,0.671689,0.940365,1.0747,0.537351,0.671689,0.403014,0.403014,0.671689,0.537351,0,0.134338
"Buildings Construction[DFH,Riviera,VeryLow]",0,0,0,0,0,0,0,0,0,0,0,0,0,0,0
"Buildings Construction[DFH,Riviera,Low]",0,0,0,0,0,0,0,0,0,0,0,0,0,0,0
"Buildings Construction[DFH,Riviera,Moderate]",3.03977,1.51989,2.02652,2.53315,1.01326,0,0,2.02652,1.01326,0.506629,1.51989,1.51989,1.51989,0.506629,0
"Buildings Construction[DFH,Riviera,High]",2.1542,1.0771,1.43613,1.79517,0.718066,0,0,1.43613,0.718066,0.359033,1.0771,1.0771,1.0771,0.359033,0
"Buildings Construction[DFH,Riviera,VeryHigh]",0.806027,0.403014,0.537351,0.671689,0.268676,0,0,0.537351,0.268676,0.134338,0.403014,0.403014,0.403014,0.134338,0
"Buildings Construction[DFH,Vallemaggia,VeryLow]",0,0,0,0,0,0,0,0,0,0,0,0,0,0,0
"Buildings Construction[DFH,Vallemaggia,Low]",0,0,0,0,0,0,0,0,0,0,0,0,0,0,0
"Buildings Construction[DFH,Vallemaggia,Moderate]",1.51989,2.53315,1.01326,1.01326,1.51989,1.51989,0.506629,0.506629,0,0,1.01326,1.51989,2.53315,1.01326,0
"Buildings Construction[DFH,Vallemaggia,High]",1.0771,1.79517,0.718066,0.718066,1.0771,1.0771,0.359033,0.359033,0,0,0.718066,1.0771,1.79517,0.718066,0
"Buildings Construction[DFH,Vallemaggia,VeryHigh]",0.403014,0.671689,0.268676,0.268676,0.403014,0.403014,0.134338,0.134338,0,0,0.268676,0.403014,0.671689,0.268676,0
"Buildings Construction[MFH,Bellinzona,VeryLow]",0,0,0,0,0,0,0,0,0,0,0,0,0,0,0
"Buildings Construction[MFH,Bellinzona,Low]",0,0,0,0,0,0,0,0,0,0,0,0,0,0,0
"Buildings Construction[MFH,Bellinzona,Moderate]",11.1458,12.1591,26.8513,17.2254,27.358,21.2784,25.8381,21.2784,25.3315,18.2386,17.732,17.2254,8.61269,23.8116,6.58618
"Buildings Construction[MFH,Bellinzona,High]",7.89873,8.61679,19.0288,12.2071,19.3878,15.0794,18.3107,15.0794,17.9517,12.9252,12.5662,12.2071,6.10356,16.8746,4.66743
"Buildings Construction[MFH,Bellinzona,VeryHigh]",2.95543,3.22411,7.11991,4.56749,7.25424,5.64219,6.85123,5.64219,6.71689,4.83616,4.70182,4.56749,2.28374,6.31388,1.74639
"Buildings Construction[MFH,Blenio,VeryLow]",0,0,0,0,0,0,0,0,0,0,0,0,0,0,0
"Buildings Construction[MFH,Blenio,Low]",0,0,0,0,0,0,0,0,0,0,0,0,0,0,0
"Buildings Construction[MFH,Blenio,Moderate]",0,1.01326,0.506629,0.506629,0,0.506629,0.506629,0.506629,0.506629,0,0.506629,0,0,0.506629,0
"Buildings Construction[MFH,Blenio,High]",0,0.718066,0.359033,0.359033,0,0.359033,0.359033,0.359033,0.359033,0,0.359033,0,0,0.359033,0
"Buildings Construction[MFH,Blenio,VeryHigh]",0,0.268676,0.134338,0.134338,0,0.134338,0.134338,0.134338,0.134338,0,0.134338,0,0,0.134338,0
"Buildings Construction[MFH,Leventina,VeryLow]",0,0,0,0,0,0,0,0,0,0,0,0,0,0,0
"Buildings Construction[MFH,Leventina,Low]",0,0,0,0,0,0,0,0,0,0,0,0,0,0,0
"Buildings Construction[MFH,Leventina,Moderate]",0,0,0.506629,0,0,0,1.51989,0.506629,1.01326,1.51989,0.506629,1.01326,1.01326,2.02652,0
"Buildings Construction[MFH,Leventina,High]",0,0,0.359033,0,0,0,1.0771,0.359033,0.718066,1.0771,0.359033,0.718066,0.718066,1.43613,0
"Buildings Construction[MFH,Leventina,VeryHigh]",0,0,0.134338,0,0,0,0.403014,0.134338,0.268676,0.403014,0.134338,0.268676,0.268676,0.537351,0
"Buildings Construction[MFH,Locarno,VeryLow]",0,0,0,0,0,0,0,0,0,0,0,0,0,0,0
"Buildings Construction[MFH,Locarno,Low]",0,0,0,0,0,0,0,0,0,0,0,0,0,0,0
"Buildings Construction[MFH,Locarno,Moderate]",17.2254,23.8116,15.1989,28.8779,27.8646,26.8513,22.7983,15.7055,14.6922,14.6922,17.732,14.6922,13.1724,8.10607,4.55966
"Buildings Construction[MFH,Locarno,High]",12.2071,16.8746,10.771,20.4649,19.7468,19.0288,16.1565,11.13,10.412,10.412,12.5662,10.412,9.33486,5.74453,3.2313
"Buildings Construction[MFH,Locarno,VeryHigh]",4.56749,6.31388,4.03014,7.65726,7.38858,7.11991,6.0452,4.16447,3.8958,3.8958,4.70182,3.8958,3.49278,2.14941,1.20904
"Buildings Construction[MFH,Lugano,VeryLow]",0,0,0,0,0,0,0,0,0,0,0,0,0,0,0
"Buildings Construction[MFH,Lugano,Low]",0,0,0,0,0,0,0,0,0,0,0,0,0,0,0
"Buildings Construction[MFH,Lugano,Moderate]",29.3845,31.411,49.6497,34.9574,35.464,32.9309,37.4906,36.9839,30.9044,36.9839,32.4243,32.4243,24.8248,24.8248,10.1326
"Buildings Construction[MFH,Lugano,High]",20.8239,22.26,35.1852,24.7733,25.1323,23.3371,26.5684,26.2094,21.901,26.2094,22.9781,22.9781,17.5926,17.5926,7.18066
"Buildings Construction[MFH,Lugano,VeryHigh]",7.7916,8.32895,13.1651,9.26931,9.40365,8.73196,9.941,9.80666,8.19461,9.80666,8.59762,8.59762,6.58255,6.58255,2.68676
"Buildings Construction[MFH,Mendrisio,VeryLow]",0,0,0,0,0,0,0,0,0,0,0,0,0,0,0
"Buildings Construction[MFH,Mendrisio,Low]",0,0,0,0,0,0,0,0,0,0,0,0,0,0,0
"Buildings Construction[MFH,Mendrisio,Moderate]",6.07955,5.57292,9.11932,14.6922,14.1856,12.6657,10.6392,12.6657,14.1856,7.09281,14.6922,7.59944,5.06629,3.5464,1.01326
"Buildings Construction[MFH,Mendrisio,High]",4.3084,3.94936,6.4626,10.412,10.0529,8.97583,7.53969,8.97583,10.0529,5.02646,10.412,5.3855,3.59033,2.51323,0.718066
"Buildings Construction[MFH,Mendrisio,VeryHigh]",1.61205,1.47772,2.41808,3.8958,3.76146,3.35845,2.82109,3.35845,3.76146,1.88073,3.8958,2.01507,1.34338,0.940365,0.268676
"Buildings Construction[MFH,Riviera,VeryLow]",0,0,0,0,0,0,0,0,0,0,0,0,0,0,0
"Buildings Construction[MFH,Riviera,Low]",0,0,0,0,0,0,0,0,0,0,0,0,0,0,0
"Buildings Construction[MFH,Riviera,Moderate]",0.506629,0.506629,1.51989,2.02652,2.02652,4.05303,5.06629,6.07955,2.53315,3.03977,1.01326,3.5464,2.53315,2.02652,0
"Buildings Construction[MFH,Riviera,High]",0.359033,0.359033,1.0771,1.43613,1.43613,2.87226,3.59033,4.3084,1.79517,2.1542,0.718066,2.51323,1.79517,1.43613,0
"Buildings Construction[MFH,Riviera,VeryHigh]",0.134338,0.134338,0.403014,0.537351,0.537351,1.0747,1.34338,1.61205,0.671689,0.806027,0.268676,0.940365,0.671689,0.537351,0
"Buildings Construction[MFH,Vallemaggia,VeryLow]",0,0,0,0,0,0,0,0,0,0,0,0,0,0,0
"Buildings Construction[MFH,Vallemaggia,Low]",0,0,0,0,0,0,0,0,0,0,0,0,0,0,0
"Buildings Construction[MFH,Vallemaggia,Moderate]",0.506629,0.506629,1.51989,1.01326,1.51989,0,0.506629,0,1.01326,0.506629,1.01326,0.506629,0.506629,0,0.506629
"Buildings Construction[MFH,Vallemaggia,High]",0.359033,0.359033,1.0771,0.718066,1.0771,0,0.359033,0,0.718066,0.359033,0.718066,0.359033,0.359033,0,0.359033
"Buildings Construction[MFH,Vallemaggia,VeryHigh]",0.134338,0.134338,0.403014,0.268676,0.403014,0,0.134338,0,0.268676,0.134338,0.268676,0.134338,0.134338,0,0.134338
"Buildings Construction[SFH,Bellinzona,VeryLow]",0,0,0,0,0,0,0,0,0,0,0,0,0,0,0
"Buildings Construction[SFH,Bellinzona,Low]",0,0,0,0,0,0,0,0,0,0,0,0,0,0,0
"Buildings Construction[SFH,Bellinzona,Moderate]",24.2027,19.2522,22.5526,17.327,15.6768,11.0012,12.3764,12.6514,11.0012,12.6514,5.77565,17.877,9.07603,12.6514,7.9759
"Buildings Construction[SFH,Bellinzona,High]",36.3924,28.9485,33.9111,26.0537,23.5724,16.542,18.6098,19.0233,16.542,19.0233,8.68455,26.8808,13.6472,19.0233,11.993
"Buildings Construction[SFH,Bellinzona,VeryHigh]",27.4048,21.7993,25.5363,19.6194,17.7509,12.4567,14.0138,14.3253,12.4567,14.3253,6.53979,20.2422,10.2768,14.3253,9.03114
"Buildings Construction[SFH,Blenio,VeryLow]",0,0,0,0,0,0,0,0,0,0,0,0,0,0,0
"Buildings Construction[SFH,Blenio,Low]",0,0,0,0,0,0,0,0,0,0,0,0,0,0,0
"Buildings Construction[SFH,Blenio,Moderate]",2.75031,2.75031,0.825093,3.02534,2.75031,3.85044,3.02534,2.47528,4.12547,1.10012,1.92522,2.75031,1.92522,4.95056,0.550062
"Buildings Construction[SFH,Blenio,High]",4.1355,4.1355,1.24065,4.54905,4.1355,5.7897,4.54905,3.72195,6.20325,1.6542,2.89485,4.1355,2.89485,7.4439,0.8271
"Buildings Construction[SFH,Blenio,VeryHigh]",3.11419,3.11419,0.934256,3.42561,3.11419,4.35986,3.42561,2.80277,4.67128,1.24567,2.17993,3.11419,2.17993,5.60554,0.622837
"Buildings Construction[SFH,Leventina,VeryLow]",0,0,0,0,0,0,0,0,0,0,0,0,0,0,0
"Buildings Construction[SFH,Leventina,Low]",0,0,0,0,0,0,0,0,0,0,0,0,0,0,0
"Buildings Construction[SFH,Leventina,Moderate]",3.02534,2.47528,3.5754,3.5754,3.30037,4.12547,4.4005,3.5754,3.5754,2.75031,4.67553,2.47528,4.67553,7.15081,1.65019
"Buildings Construction[SFH,Leventina,High]",4.54905,3.72195,5.37615,5.37615,4.9626,6.20325,6.6168,5.37615,5.37615,4.1355,7.03035,3.72195,7.03035,10.7523,2.4813
"Buildings Construction[SFH,Leventina,VeryHigh]",3.42561,2.80277,4.04844,4.04844,3.73702,4.67128,4.9827,4.04844,4.04844,3.11419,5.29412,2.80277,5.29412,8.09688,1.86851
"Buildings Construction[SFH,Locarno,VeryLow]",0,0,0,0,0,0,0,0,0,0,0,0,0,0,0
"Buildings Construction[SFH,Locarno,Low]",0,0,0,0,0,0,0,0,0,0,0,0,0,0,0
"Buildings Construction[SFH,Locarno,Moderate]",26.128,18.4271,21.4524,19.8022,16.2268,11.8263,11.8263,9.62609,9.35106,9.35106,10.4512,6.87578,5.77565,7.15081,7.70087
"Buildings Construction[SFH,Locarno,High]",39.2873,27.7079,32.2569,29.7756,24.3995,17.7827,17.7827,14.4743,14.0607,14.0607,15.7149,10.3388,8.68455,10.7523,11.5794
"Buildings Construction[SFH,Locarno,VeryHigh]",29.5848,20.865,24.2907,22.4221,18.3737,13.391,13.391,10.8997,10.5882,10.5882,11.8339,7.78547,6.53979,8.09688,8.71972
"Buildings Construction[SFH,Lugano,VeryLow]",0,0,0,0,0,0,0,0,0,0,0,0,0,0,0
"Buildings Construction[SFH,Lugano,Low]",0,0,0,0,0,0,0,0,0,0,0,0,0,0,0
"Buildings Construction[SFH,Lugano,Moderate]",39.8795,40.1545,42.6298,36.3041,33.8288,27.2281,31.3535,25.0278,24.4778,22.2775,21.4524,15.1267,18.7021,23.1026,9.07603
"Buildings Construction[SFH,Lugano,High]",59.9648,60.3783,64.1003,54.5886,50.8667,40.9415,47.1447,37.6331,36.806,33.4976,32.2569,22.7453,28.1214,34.7382,13.6472
"Buildings Construction[SFH,Lugano,VeryHigh]",45.1557,45.4671,48.2699,41.1073,38.3045,30.8304,35.5017,28.3391,27.7163,25.2249,24.2907,17.128,21.1765,26.1592,10.2768
"Buildings Construction[SFH,Mendrisio,VeryLow]",0,0,0,0,0,0,0,0,0,0,0,0,0,0,0
"Buildings Construction[SFH,Mendrisio,Low]",0,0,0,0,0,0,0,0,0,0,0,0,0,0,0
"Buildings Construction[SFH,Mendrisio,Moderate]",22.5526,21.1774,13.2015,15.4017,11.0012,11.0012,11.8263,4.95056,7.15081,8.52597,13.4765,5.77565,5.50062,7.15081,1.37516
"Buildings Construction[SFH,Mendrisio,High]",33.9111,31.8434,19.8504,23.1588,16.542,16.542,17.7827,7.4439,10.7523,12.8201,20.264,8.68455,8.271,10.7523,2.06775
"Buildings Construction[SFH,Mendrisio,VeryHigh]",25.5363,23.9792,14.9481,17.4394,12.4567,12.4567,13.391,5.60554,8.09688,9.65398,15.2595,6.53979,6.22837,8.09688,1.55709
"Buildings Construction[SFH,Riviera,VeryLow]",0,0,0,0,0,0,0,0,0,0,0,0,0,0,0
"Buildings Construction[SFH,Riviera,Low]",0,0,0,0,0,0,0,0,0,0,0,0,0,0,0
"Buildings Construction[SFH,Riviera,Moderate]",6.32572,7.15081,8.801,7.9759,5.50062,3.85044,4.95056,5.50062,6.05068,10.1762,4.12547,5.22559,4.67553,3.5754,1.92522
"Buildings Construction[SFH,Riviera,High]",9.51166,10.7523,13.2336,11.993,8.271,5.7897,7.4439,8.271,9.0981,15.3014,6.20325,7.85745,7.03035,5.37615,2.89485
"Buildings Construction[SFH,Riviera,VeryHigh]",7.16263,8.09688,9.9654,9.03114,6.22837,4.35986,5.60554,6.22837,6.85121,11.5225,4.67128,5.91695,5.29412,4.04844,2.17993
"Buildings Construction[SFH,Vallemaggia,VeryLow]",0,0,0,0,0,0,0,0,0,0,0,0,0,0,0
"Buildings Construction[SFH,Vallemaggia,Low]",0,0,0,0,0,0,0,0,0,0,0,0,0,0,0
"Buildings Construction[SFH,Vallemaggia,Moderate]",4.67553,3.85044,4.67553,5.22559,4.67553,5.22559,3.85044,4.12547,4.95056,3.30037,5.22559,4.95056,4.67553,2.47528,0.550062
"Buildings Construction[SFH,Vallemaggia,High]",7.03035,5.7897,7.03035,7.85745,7.03035,7.85745,5.7897,6.20325,7.4439,4.9626,7.85745,7.4439,7.03035,3.72195,0.8271
"Buildings Construction[SFH,Vallemaggia,VeryHigh]",5.29412,4.35986,5.29412,5.91695,5.29412,5.91695,4.35986,4.67128,5.60554,3.73702,5.91695,5.60554,5.29412,2.80277,0.622837
"Initial Heating Solution[Bellinzona,DH,VeryLow,DFH,PVno]",16.0118,16.0118,16.0118,16.0118,16.0118,16.0118,16.0118,16.0118,16.0118,16.0118,16.0118,16.0118,16.0118,16.0118,16.0118
"Initial Heating Solution[Bellinzona,DH,VeryLow,DFH,PVyes]",0,0,0,0,0,0,0,0,0,0,0,0,0,0,0
"Initial Heating Solution[Bellinzona,DH,VeryLow,MFH,PVno]",52.9907,52.9907,52.9907,52.9907,52.9907,52.9907,52.9907,52.9907,52.9907,52.9907,52.9907,52.9907,52.9907,52.9907,52.9907
"Initial Heating Solution[Bellinzona,DH,VeryLow,MFH,PVyes]",0,0,0,0,0,0,0,0,0,0,0,0,0,0,0
"Initial Heating Solution[Bellinzona,DH,VeryLow,SFH,PVno]",14.8974,14.8974,14.8974,14.8974,14.8974,14.8974,14.8974,14.8974,14.8974,14.8974,14.8974,14.8974,14.8974,14.8974,14.8974
"Initial Heating Solution[Bellinzona,DH,VeryLow,SFH,PVyes]",0,0,0,0,0,0,0,0,0,0,0,0,0,0,0
"Initial Heating Solution[Bellinzona,DH,Low,DFH,PVno]",1.22216,1.22216,1.22216,1.22216,1.22216,1.22216,1.22216,1.22216,1.22216,1.22216,1.22216,1.22216,1.22216,1.22216,1.22216
"Initial Heating Solution[Bellinzona,DH,Low,DFH,PVyes]",0,0,0,0,0,0,0,0,0,0,0,0,0,0,0
"Initial Heating Solution[Bellinzona,DH,Low,MFH,PVno]",16.0725,16.0725,16.0725,16.0725,16.0725,16.0725,16.0725,16.0725,16.0725,16.0725,16.0725,16.0725,16.0725,16.0725,16.0725
"Initial Heating Solution[Bellinzona,DH,Low,MFH,PVyes]",0,0,0,0,0,0,0,0,0,0,0,0,0,0,0
"Initial Heating Solution[Bellinzona,DH,Low,SFH,PVno]",17.2404,17.2404,17.2404,17.2404,17.2404,17.2404,17.2404,17.2404,17.2404,17.2404,17.2404,17.2404,17.2404,17.2404,17.2404
"Initial Heating Solution[Bellinzona,DH,Low,SFH,PVyes]",0,0,0,0,0,0,0,0,0,0,0,0,0,0,0
"Initial Heating Solution[Bellinzona,DH,Moderate,DFH,PVno]",0.111067,0.111067,0.111067,0.111067,0.111067,0.111067,0.111067,0.111067,0.111067,0.111067,0.111067,0.111067,0.111067,0.111067,0.111067
"Initial Heating Solution[Bellinzona,DH,Moderate,DFH,PVyes]",0,0,0,0,0,0,0,0,0,0,0,0,0,0,0
"Initial Heating Solution[Bellinzona,DH,Moderate,MFH,PVno]",3.30849,3.30849,3.30849,3.30849,3.30849,3.30849,3.30849,3.30849,3.30849,3.30849,3.30849,3.30849,3.30849,3.30849,3.30849
"Initial Heating Solution[Bellinzona,DH,Moderate,MFH,PVyes]",0,0,0,0,0,0,0,0,0,0,0,0,0,0,0
"Initial Heating Solution[Bellinzona,DH,Moderate,SFH,PVno]",6.50067,6.50067,6.50067,6.50067,6.50067,6.50067,6.50067,6.50067,6.50067,6.50067,6.50067,6.50067,6.50067,6.50067,6.50067
"Initial Heating Solution[Bellinzona,DH,Moderate,SFH,PVyes]",0,0,0,0,0,0,0,0,0,0,0,0,0,0,0
"Initial Heating Solution[Bellinzona,DH,High,DFH,PVno]",0.0208484,0.0208484,0.0208484,0.0208484,0.0208484,0.0208484,0.0208484,0.0208484,0.0208484,0.0208484,0.0208484,0.0208484,0.0208484,0.0208484,0.0208484
"Initial Heating Solution[Bellinzona,DH,High,DFH,PVyes]",0,0,0,0,0,0,0,0,0,0,0,0,0,0,0
"Initial Heating Solution[Bellinzona,DH,High,MFH,PVno]",1.34101,1.34101,1.34101,1.34101,1.34101,1.34101,1.34101,1.34101,1.34101,1.34101,1.34101,1.34101,1.34101,1.34101,1.34101
"Initial Heating Solution[Bellinzona,DH,High,MFH,PVyes]",0,0,0,0,0,0,0,0,0,0,0,0,0,0,0
"Initial Heating Solution[Bellinzona,DH,High,SFH,PVno]",4.87533,4.87533,4.87533,4.87533,4.87533,4.87533,4.87533,4.87533,4.87533,4.87533,4.87533,4.87533,4.87533,4.87533,4.87533
"Initial Heating Solution[Bellinzona,DH,High,SFH,PVyes]",0,0,0,0,0,0,0,0,0,0,0,0,0,0,0
"Initial Heating Solution[Bellinzona,DH,VeryHigh,DFH,PVno]",0,0,0,0,0,0,0,0,0,0,0,0,0,0,0
"Initial Heating Solution[Bellinzona,DH,VeryHigh,DFH,PVyes]",0,0,0,0,0,0,0,0,0,0,0,0,0,0,0
"Initial Heating Solution[Bellinzona,DH,VeryHigh,MFH,PVno]",0.0924884,0.0924884,0.0924884,0.0924884,0.0924884,0.0924884,0.0924884,0.0924884,0.0924884,0.0924884,0.0924884,0.0924884,0.0924884,0.0924884,0.0924884
"Initial Heating Solution[Bellinzona,DH,VeryHigh,MFH,PVyes]",0,0,0,0,0,0,0,0,0,0,0,0,0,0,0
"Initial Heating Solution[Bellinzona,DH,VeryHigh,SFH,PVno]",0.62462,0.62462,0.62462,0.62462,0.62462,0.62462,0.62462,0.62462,0.62462,0.62462,0.62462,0.62462,0.62462,0.62462,0.62462
"Initial Heating Solution[Bellinzona,DH,VeryHigh,SFH,PVyes]",0,0,0,0,0,0,0,0,0,0,0,0,0,0,0
"Initial Heating Solution[Bellinzona,ElectricHeater,VeryLow,DFH,PVno]",155.203,155.203,155.203,155.203,155.203,155.203,155.203,155.203,155.203,155.203,155.203,155.203,155.203,155.203,155.203
"Initial Heating Solution[Bellinzona,ElectricHeater,VeryLow,DFH,PVyes]",1.11612,1.11612,1.11612,1.11612,1.11612,1.11612,1.11612,1.11612,1.11612,1.11612,1.11612,1.11612,1.11612,1.11612,1.11612
"Initial Heating Solution[Bellinzona,ElectricHeater,VeryLow,MFH,PVno]",67.5766,67.5766,67.5766,67.5766,67.5766,67.5766,67.5766,67.5766,67.5766,67.5766,67.5766,67.5766,67.5766,67.5766,67.5766
"Initial Heating Solution[Bellinzona,ElectricHeater,VeryLow,MFH,PVyes]",0,0,0,0,0,0,0,0,0,0,0,0,0,0,0
"Initial Heating Solution[Bellinzona,ElectricHeater,VeryLow,SFH,PVno]",733.635,733.635,733.635,733.635,733.635,733.635,733.635,733.635,733.635,733.635,733.635,733.635,733.635,733.635,733.635
"Initial Heating Solution[Bellinzona,ElectricHeater,VeryLow,SFH,PVyes]",0,0,0,0,0,0,0,0,0,0,0,0,0,0,0
"Initial Heating Solution[Bellinzona,ElectricHeater,Low,DFH,PVno]",28.3652,28.3652,28.3652,28.3652,28.3652,28.3652,28.3652,28.3652,28.3652,28.3652,28.3652,28.3652,28.3652,28.3652,28.3652
"Initial Heating Solution[Bellinzona,ElectricHeater,Low,DFH,PVyes]",0.0062407,0.0062407,0.0062407,0.0062407,0.0062407,0.0062407,0.0062407,0.0062407,0.0062407,0.0062407,0.0062407,0.0062407,0.0062407,0.0062407,0.0062407
"Initial Heating Solution[Bellinzona,ElectricHeater,Low,MFH,PVno]",7.77128,7.77128,7.77128,7.77128,7.77128,7.77128,7.77128,7.77128,7.77128,7.77128,7.77128,7.77128,7.77128,7.77128,7.77128
"Initial Heating Solution[Bellinzona,ElectricHeater,Low,MFH,PVyes]",0,0,0,0,0,0,0,0,0,0,0,0,0,0,0
"Initial Heating Solution[Bellinzona,ElectricHeater,Low,SFH,PVno]",564.188,564.188,564.188,564.188,564.188,564.188,564.188,564.188,564.188,564.188,564.188,564.188,564.188,564.188,564.188
"Initial Heating Solution[Bellinzona,ElectricHeater,Low,SFH,PVyes]",0,0,0,0,0,0,0,0,0,0,0,0,0,0,0
"Initial Heating Solution[Bellinzona,ElectricHeater,Moderate,DFH,PVno]",4.55292,4.55292,4.55292,4.55292,4.55292,4.55292,4.55292,4.55292,4.55292,4.55292,4.55292,4.55292,4.55292,4.55292,4.55292
"Initial Heating Solution[Bellinzona,ElectricHeater,Moderate,DFH,PVyes]",1.29308E-05,1.29308E-05,1.29308E-05,1.29308E-05,1.29308E-05,1.29308E-05,1.29308E-05,1.29308E-05,1.29308E-05,1.29308E-05,1.29308E-05,1.29308E-05,1.29308E-05,1.29308E-05,1.29308E-05
"Initial Heating Solution[Bellinzona,ElectricHeater,Moderate,MFH,PVno]",1.5037,1.5037,1.5037,1.5037,1.5037,1.5037,1.5037,1.5037,1.5037,1.5037,1.5037,1.5037,1.5037,1.5037,1.5037
"Initial Heating Solution[Bellinzona,ElectricHeater,Moderate,MFH,PVyes]",0,0,0,0,0,0,0,0,0,0,0,0,0,0,0
"Initial Heating Solution[Bellinzona,ElectricHeater,Moderate,SFH,PVno]",103.161,103.161,103.161,103.161,103.161,103.161,103.161,103.161,103.161,103.161,103.161,103.161,103.161,103.161,103.161
"Initial Heating Solution[Bellinzona,ElectricHeater,Moderate,SFH,PVyes]",0,0,0,0,0,0,0,0,0,0,0,0,0,0,0
"Initial Heating Solution[Bellinzona,ElectricHeater,High,DFH,PVno]",1.51206,1.51206,1.51206,1.51206,1.51206,1.51206,1.51206,1.51206,1.51206,1.51206,1.51206,1.51206,1.51206,1.51206,1.51206
"Initial Heating Solution[Bellinzona,ElectricHeater,High,DFH,PVyes]",2.91816E-07,2.91816E-07,2.91816E-07,2.91816E-07,2.91816E-07,2.91816E-07,2.91816E-07,2.91816E-07,2.91816E-07,2.91816E-07,2.91816E-07,2.91816E-07,2.91816E-07,2.91816E-07,2.91816E-07
"Initial Heating Solution[Bellinzona,ElectricHeater,High,MFH,PVno]",0.568034,0.568034,0.568034,0.568034,0.568034,0.568034,0.568034,0.568034,0.568034,0.568034,0.568034,0.568034,0.568034,0.568034,0.568034
"Initial Heating Solution[Bellinzona,ElectricHeater,High,MFH,PVyes]",0,0,0,0,0,0,0,0,0,0,0,0,0,0,0
"Initial Heating Solution[Bellinzona,ElectricHeater,High,SFH,PVno]",48.5445,48.5445,48.5445,48.5445,48.5445,48.5445,48.5445,48.5445,48.5445,48.5445,48.5445,48.5445,48.5445,48.5445,48.5445
"Initial Heating Solution[Bellinzona,ElectricHeater,High,SFH,PVyes]",0,0,0,0,0,0,0,0,0,0,0,0,0,0,0
"Initial Heating Solution[Bellinzona,ElectricHeater,VeryHigh,DFH,PVno]",0.0478206,0.0478206,0.0478206,0.0478206,0.0478206,0.0478206,0.0478206,0.0478206,0.0478206,0.0478206,0.0478206,0.0478206,0.0478206,0.0478206,0.0478206
"Initial Heating Solution[Bellinzona,ElectricHeater,VeryHigh,DFH,PVyes]",0,0,0,0,0,0,0,0,0,0,0,0,0,0,0
"Initial Heating Solution[Bellinzona,ElectricHeater,VeryHigh,MFH,PVno]",0.0239103,0.0239103,0.0239103,0.0239103,0.0239103,0.0239103,0.0239103,0.0239103,0.0239103,0.0239103,0.0239103,0.0239103,0.0239103,0.0239103,0.0239103
"Initial Heating Solution[Bellinzona,ElectricHeater,VeryHigh,MFH,PVyes]",0,0,0,0,0,0,0,0,0,0,0,0,0,0,0
"Initial Heating Solution[Bellinzona,ElectricHeater,VeryHigh,SFH,PVno]",1.69552,1.69552,1.69552,1.69552,1.69552,1.69552,1.69552,1.69552,1.69552,1.69552,1.69552,1.69552,1.69552,1.69552,1.69552
"Initial Heating Solution[Bellinzona,ElectricHeater,VeryHigh,SFH,PVyes]",0,0,0,0,0,0,0,0,0,0,0,0,0,0,0
"Initial Heating Solution[Bellinzona,Gas,VeryLow,DFH,PVno]",24.0005,24.0005,24.0005,24.0005,24.0005,24.0005,24.0005,24.0005,24.0005,24.0005,24.0005,24.0005,24.0005,24.0005,24.0005
"Initial Heating Solution[Bellinzona,Gas,VeryLow,DFH,PVyes]",0,0,0,0,0,0,0,0,0,0,0,0,0,0,0
"Initial Heating Solution[Bellinzona,Gas,VeryLow,MFH,PVno]",32.0935,32.0935,32.0935,32.0935,32.0935,32.0935,32.0935,32.0935,32.0935,32.0935,32.0935,32.0935,32.0935,32.0935,32.0935
"Initial Heating Solution[Bellinzona,Gas,VeryLow,MFH,PVyes]",0,0,0,0,0,0,0,0,0,0,0,0,0,0,0
"Initial Heating Solution[Bellinzona,Gas,VeryLow,SFH,PVno]",42.0079,42.0079,42.0079,42.0079,42.0079,42.0079,42.0079,42.0079,42.0079,42.0079,42.0079,42.0079,42.0079,42.0079,42.0079
"Initial Heating Solution[Bellinzona,Gas,VeryLow,SFH,PVyes]",0,0,0,0,0,0,0,0,0,0,0,0,0,0,0
"Initial Heating Solution[Bellinzona,Gas,Low,DFH,PVno]",3.81285,3.81285,3.81285,3.81285,3.81285,3.81285,3.81285,3.81285,3.81285,3.81285,3.81285,3.81285,3.81285,3.81285,3.81285
"Initial Heating Solution[Bellinzona,Gas,Low,DFH,PVyes]",0,0,0,0,0,0,0,0,0,0,0,0,0,0,0
"Initial Heating Solution[Bellinzona,Gas,Low,MFH,PVno]",11.818,11.818,11.818,11.818,11.818,11.818,11.818,11.818,11.818,11.818,11.818,11.818,11.818,11.818,11.818
"Initial Heating Solution[Bellinzona,Gas,Low,MFH,PVyes]",0,0,0,0,0,0,0,0,0,0,0,0,0,0,0
"Initial Heating Solution[Bellinzona,Gas,Low,SFH,PVno]",38.7987,38.7987,38.7987,38.7987,38.7987,38.7987,38.7987,38.7987,38.7987,38.7987,38.7987,38.7987,38.7987,38.7987,38.7987
"Initial Heating Solution[Bellinzona,Gas,Low,SFH,PVyes]",0,0,0,0,0,0,0,0,0,0,0,0,0,0,0
"Initial Heating Solution[Bellinzona,Gas,Moderate,DFH,PVno]",1.12648,1.12648,1.12648,1.12648,1.12648,1.12648,1.12648,1.12648,1.12648,1.12648,1.12648,1.12648,1.12648,1.12648,1.12648
"Initial Heating Solution[Bellinzona,Gas,Moderate,DFH,PVyes]",0,0,0,0,0,0,0,0,0,0,0,0,0,0,0
"Initial Heating Solution[Bellinzona,Gas,Moderate,MFH,PVno]",2.64293,2.64293,2.64293,2.64293,2.64293,2.64293,2.64293,2.64293,2.64293,2.64293,2.64293,2.64293,2.64293,2.64293,2.64293
"Initial Heating Solution[Bellinzona,Gas,Moderate,MFH,PVyes]",0,0,0,0,0,0,0,0,0,0,0,0,0,0,0
"Initial Heating Solution[Bellinzona,Gas,Moderate,SFH,PVno]",10.5666,10.5666,10.5666,10.5666,10.5666,10.5666,10.5666,10.5666,10.5666,10.5666,10.5666,10.5666,10.5666,10.5666,10.5666
"Initial Heating Solution[Bellinzona,Gas,Moderate,SFH,PVyes]",0,0,0,0,0,0,0,0,0,0,0,0,0,0,0
"Initial Heating Solution[Bellinzona,Gas,High,DFH,PVno]",0.570039,0.570039,0.570039,0.570039,0.570039,0.570039,0.570039,0.570039,0.570039,0.570039,0.570039,0.570039,0.570039,0.570039,0.570039
"Initial Heating Solution[Bellinzona,Gas,High,DFH,PVyes]",0,0,0,0,0,0,0,0,0,0,0,0,0,0,0
"Initial Heating Solution[Bellinzona,Gas,High,MFH,PVno]",1.10515,1.10515,1.10515,1.10515,1.10515,1.10515,1.10515,1.10515,1.10515,1.10515,1.10515,1.10515,1.10515,1.10515,1.10515
"Initial Heating Solution[Bellinzona,Gas,High,MFH,PVyes]",0,0,0,0,0,0,0,0,0,0,0,0,0,0,0
"Initial Heating Solution[Bellinzona,Gas,High,SFH,PVno]",7.42684,7.42684,7.42684,7.42684,7.42684,7.42684,7.42684,7.42684,7.42684,7.42684,7.42684,7.42684,7.42684,7.42684,7.42684
"Initial Heating Solution[Bellinzona,Gas,High,SFH,PVyes]",0,0,0,0,0,0,0,0,0,0,0,0,0,0,0
"Initial Heating Solution[Bellinzona,Gas,VeryHigh,DFH,PVno]",0.0663235,0.0663235,0.0663235,0.0663235,0.0663235,0.0663235,0.0663235,0.0663235,0.0663235,0.0663235,0.0663235,0.0663235,0.0663235,0.0663235,0.0663235
"Initial Heating Solution[Bellinzona,Gas,VeryHigh,DFH,PVyes]",0,0,0,0,0,0,0,0,0,0,0,0,0,0,0
"Initial Heating Solution[Bellinzona,Gas,VeryHigh,MFH,PVno]",0.0773774,0.0773774,0.0773774,0.0773774,0.0773774,0.0773774,0.0773774,0.0773774,0.0773774,0.0773774,0.0773774,0.0773774,0.0773774,0.0773774,0.0773774
"Initial Heating Solution[Bellinzona,Gas,VeryHigh,MFH,PVyes]",0,0,0,0,0,0,0,0,0,0,0,0,0,0,0
"Initial Heating Solution[Bellinzona,Gas,VeryHigh,SFH,PVno]",1.34375,1.34375,1.34375,1.34375,1.34375,1.34375,1.34375,1.34375,1.34375,1.34375,1.34375,1.34375,1.34375,1.34375,1.34375
"Initial Heating Solution[Bellinzona,Gas,VeryHigh,SFH,PVyes]",0,0,0,0,0,0,0,0,0,0,0,0,0,0,0
"Initial Heating Solution[Bellinzona,HPST,VeryLow,DFH,PVno]",0.832665,0.832665,0.832665,0.832665,0.832665,0.832665,0.832665,0.832665,0.832665,0.832665,0.832665,0.832665,0.832665,0.832665,0.832665
"Initial Heating Solution[Bellinzona,HPST,VeryLow,DFH,PVyes]",0,0,0,0,0,0,0,0,0,0,0,0,0,0,0
"Initial Heating Solution[Bellinzona,HPST,VeryLow,MFH,PVno]",2.68888,2.68888,2.68888,2.68888,2.68888,2.68888,2.68888,2.68888,2.68888,2.68888,2.68888,2.68888,2.68888,2.68888,2.68888
"Initial Heating Solution[Bellinzona,HPST,VeryLow,MFH,PVyes]",0,0,0,0,0,0,0,0,0,0,0,0,0,0,0
"Initial Heating Solution[Bellinzona,HPST,VeryLow,SFH,PVno]",9.92444,9.92444,9.92444,9.92444,9.92444,9.92444,9.92444,9.92444,9.92444,9.92444,9.92444,9.92444,9.92444,9.92444,9.92444
"Initial Heating Solution[Bellinzona,HPST,VeryLow,SFH,PVyes]",0.31228,0.31228,0.31228,0.31228,0.31228,0.31228,0.31228,0.31228,0.31228,0.31228,0.31228,0.31228,0.31228,0.31228,0.31228
"Initial Heating Solution[Bellinzona,HPST,Low,DFH,PVno]",5.10719,5.10719,5.10719,5.10719,5.10719,5.10719,5.10719,5.10719,5.10719,5.10719,5.10719,5.10719,5.10719,5.10719,5.10719
"Initial Heating Solution[Bellinzona,HPST,Low,DFH,PVyes]",0,0,0,0,0,0,0,0,0,0,0,0,0,0,0
"Initial Heating Solution[Bellinzona,HPST,Low,MFH,PVno]",3.03144,3.03144,3.03144,3.03144,3.03144,3.03144,3.03144,3.03144,3.03144,3.03144,3.03144,3.03144,3.03144,3.03144,3.03144
"Initial Heating Solution[Bellinzona,HPST,Low,MFH,PVyes]",0,0,0,0,0,0,0,0,0,0,0,0,0,0,0
"Initial Heating Solution[Bellinzona,HPST,Low,SFH,PVno]",14.7088,14.7088,14.7088,14.7088,14.7088,14.7088,14.7088,14.7088,14.7088,14.7088,14.7088,14.7088,14.7088,14.7088,14.7088
"Initial Heating Solution[Bellinzona,HPST,Low,SFH,PVyes]",0.572767,0.572767,0.572767,0.572767,0.572767,0.572767,0.572767,0.572767,0.572767,0.572767,0.572767,0.572767,0.572767,0.572767,0.572767
"Initial Heating Solution[Bellinzona,HPST,Moderate,DFH,PVno]",2.09537,2.09537,2.09537,2.09537,2.09537,2.09537,2.09537,2.09537,2.09537,2.09537,2.09537,2.09537,2.09537,2.09537,2.09537
"Initial Heating Solution[Bellinzona,HPST,Moderate,DFH,PVyes]",0,0,0,0,0,0,0,0,0,0,0,0,0,0,0
"Initial Heating Solution[Bellinzona,HPST,Moderate,MFH,PVno]",1.09524,1.09524,1.09524,1.09524,1.09524,1.09524,1.09524,1.09524,1.09524,1.09524,1.09524,1.09524,1.09524,1.09524,1.09524
"Initial Heating Solution[Bellinzona,HPST,Moderate,MFH,PVyes]",0,0,0,0,0,0,0,0,0,0,0,0,0,0,0
"Initial Heating Solution[Bellinzona,HPST,Moderate,SFH,PVno]",10.1763,10.1763,10.1763,10.1763,10.1763,10.1763,10.1763,10.1763,10.1763,10.1763,10.1763,10.1763,10.1763,10.1763,10.1763
"Initial Heating Solution[Bellinzona,HPST,Moderate,SFH,PVyes]",0.17163,0.17163,0.17163,0.17163,0.17163,0.17163,0.17163,0.17163,0.17163,0.17163,0.17163,0.17163,0.17163,0.17163,0.17163
"Initial Heating Solution[Bellinzona,HPST,High,DFH,PVno]",1.16172,1.16172,1.16172,1.16172,1.16172,1.16172,1.16172,1.16172,1.16172,1.16172,1.16172,1.16172,1.16172,1.16172,1.16172
"Initial Heating Solution[Bellinzona,HPST,High,DFH,PVyes]",0,0,0,0,0,0,0,0,0,0,0,0,0,0,0
"Initial Heating Solution[Bellinzona,HPST,High,MFH,PVno]",0.589833,0.589833,0.589833,0.589833,0.589833,0.589833,0.589833,0.589833,0.589833,0.589833,0.589833,0.589833,0.589833,0.589833,0.589833
"Initial Heating Solution[Bellinzona,HPST,High,MFH,PVyes]",0,0,0,0,0,0,0,0,0,0,0,0,0,0,0
"Initial Heating Solution[Bellinzona,HPST,High,SFH,PVno]",10.6131,10.6131,10.6131,10.6131,10.6131,10.6131,10.6131,10.6131,10.6131,10.6131,10.6131,10.6131,10.6131,10.6131,10.6131
"Initial Heating Solution[Bellinzona,HPST,High,SFH,PVyes]",0.0434788,0.0434788,0.0434788,0.0434788,0.0434788,0.0434788,0.0434788,0.0434788,0.0434788,0.0434788,0.0434788,0.0434788,0.0434788,0.0434788,0.0434788
"Initial Heating Solution[Bellinzona,HPST,VeryHigh,DFH,PVno]",0.159459,0.159459,0.159459,0.159459,0.159459,0.159459,0.159459,0.159459,0.159459,0.159459,0.159459,0.159459,0.159459,0.159459,0.159459
"Initial Heating Solution[Bellinzona,HPST,VeryHigh,DFH,PVyes]",0,0,0,0,0,0,0,0,0,0,0,0,0,0,0
"Initial Heating Solution[Bellinzona,HPST,VeryHigh,MFH,PVno]",0.0797293,0.0797293,0.0797293,0.0797293,0.0797293,0.0797293,0.0797293,0.0797293,0.0797293,0.0797293,0.0797293,0.0797293,0.0797293,0.0797293,0.0797293
"Initial Heating Solution[Bellinzona,HPST,VeryHigh,MFH,PVyes]",0,0,0,0,0,0,0,0,0,0,0,0,0,0,0
"Initial Heating Solution[Bellinzona,HPST,VeryHigh,SFH,PVno]",3.23071,3.23071,3.23071,3.23071,3.23071,3.23071,3.23071,3.23071,3.23071,3.23071,3.23071,3.23071,3.23071,3.23071,3.23071
"Initial Heating Solution[Bellinzona,HPST,VeryHigh,SFH,PVyes]",0,0,0,0,0,0,0,0,0,0,0,0,0,0,0
"Initial Heating Solution[Bellinzona,HeatPump,VeryLow,DFH,PVno]",51.3936,51.3936,51.3936,51.3936,51.3936,51.3936,51.3936,51.3936,51.3936,51.3936,51.3936,51.3936,51.3936,51.3936,51.3936
"Initial Heating Solution[Bellinzona,HeatPump,VeryLow,DFH,PVyes]",0,0,0,0,0,0,0,0,0,0,0,0,0,0,0
"Initial Heating Solution[Bellinzona,HeatPump,VeryLow,MFH,PVno]",33.6271,33.6271,33.6271,33.6271,33.6271,33.6271,33.6271,33.6271,33.6271,33.6271,33.6271,33.6271,33.6271,33.6271,33.6271
"Initial Heating Solution[Bellinzona,HeatPump,VeryLow,MFH,PVyes]",0,0,0,0,0,0,0,0,0,0,0,0,0,0,0
"Initial Heating Solution[Bellinzona,HeatPump,VeryLow,SFH,PVno]",101.169,101.169,101.169,101.169,101.169,101.169,101.169,101.169,101.169,101.169,101.169,101.169,101.169,101.169,101.169
"Initial Heating Solution[Bellinzona,HeatPump,VeryLow,SFH,PVyes]",0,0,0,0,0,0,0,0,0,0,0,0,0,0,0
"Initial Heating Solution[Bellinzona,HeatPump,Low,DFH,PVno]",43.9246,43.9246,43.9246,43.9246,43.9246,43.9246,43.9246,43.9246,43.9246,43.9246,43.9246,43.9246,43.9246,43.9246,43.9246
"Initial Heating Solution[Bellinzona,HeatPump,Low,DFH,PVyes]",1.04539,1.04539,1.04539,1.04539,1.04539,1.04539,1.04539,1.04539,1.04539,1.04539,1.04539,1.04539,1.04539,1.04539,1.04539
"Initial Heating Solution[Bellinzona,HeatPump,Low,MFH,PVno]",78.1951,78.1951,78.1951,78.1951,78.1951,78.1951,78.1951,78.1951,78.1951,78.1951,78.1951,78.1951,78.1951,78.1951,78.1951
"Initial Heating Solution[Bellinzona,HeatPump,Low,MFH,PVyes]",0,0,0,0,0,0,0,0,0,0,0,0,0,0,0
"Initial Heating Solution[Bellinzona,HeatPump,Low,SFH,PVno]",179.936,179.936,179.936,179.936,179.936,179.936,179.936,179.936,179.936,179.936,179.936,179.936,179.936,179.936,179.936
"Initial Heating Solution[Bellinzona,HeatPump,Low,SFH,PVyes]",0.260355,0.260355,0.260355,0.260355,0.260355,0.260355,0.260355,0.260355,0.260355,0.260355,0.260355,0.260355,0.260355,0.260355,0.260355
"Initial Heating Solution[Bellinzona,HeatPump,Moderate,DFH,PVno]",18.4125,18.4125,18.4125,18.4125,18.4125,18.4125,18.4125,18.4125,18.4125,18.4125,18.4125,18.4125,18.4125,18.4125,18.4125
"Initial Heating Solution[Bellinzona,HeatPump,Moderate,DFH,PVyes]",0.500082,0.500082,0.500082,0.500082,0.500082,0.500082,0.500082,0.500082,0.500082,0.500082,0.500082,0.500082,0.500082,0.500082,0.500082
"Initial Heating Solution[Bellinzona,HeatPump,Moderate,MFH,PVno]",34.5803,34.5803,34.5803,34.5803,34.5803,34.5803,34.5803,34.5803,34.5803,34.5803,34.5803,34.5803,34.5803,34.5803,34.5803
"Initial Heating Solution[Bellinzona,HeatPump,Moderate,MFH,PVyes]",0,0,0,0,0,0,0,0,0,0,0,0,0,0,0
"Initial Heating Solution[Bellinzona,HeatPump,Moderate,SFH,PVno]",131.1,131.1,131.1,131.1,131.1,131.1,131.1,131.1,131.1,131.1,131.1,131.1,131.1,131.1,131.1
"Initial Heating Solution[Bellinzona,HeatPump,Moderate,SFH,PVyes]",0.558711,0.558711,0.558711,0.558711,0.558711,0.558711,0.558711,0.558711,0.558711,0.558711,0.558711,0.558711,0.558711,0.558711,0.558711
"Initial Heating Solution[Bellinzona,HeatPump,High,DFH,PVno]",10.2498,10.2498,10.2498,10.2498,10.2498,10.2498,10.2498,10.2498,10.2498,10.2498,10.2498,10.2498,10.2498,10.2498,10.2498
"Initial Heating Solution[Bellinzona,HeatPump,High,DFH,PVyes]",0.285946,0.285946,0.285946,0.285946,0.285946,0.285946,0.285946,0.285946,0.285946,0.285946,0.285946,0.285946,0.285946,0.285946,0.285946
"Initial Heating Solution[Bellinzona,HeatPump,High,MFH,PVno]",19.3816,19.3816,19.3816,19.3816,19.3816,19.3816,19.3816,19.3816,19.3816,19.3816,19.3816,19.3816,19.3816,19.3816,19.3816
"Initial Heating Solution[Bellinzona,HeatPump,High,MFH,PVyes]",0,0,0,0,0,0,0,0,0,0,0,0,0,0,0
"Initial Heating Solution[Bellinzona,HeatPump,High,SFH,PVno]",137.121,137.121,137.121,137.121,137.121,137.121,137.121,137.121,137.121,137.121,137.121,137.121,137.121,137.121,137.121
"Initial Heating Solution[Bellinzona,HeatPump,High,SFH,PVyes]",0.623451,0.623451,0.623451,0.623451,0.623451,0.623451,0.623451,0.623451,0.623451,0.623451,0.623451,0.623451,0.623451,0.623451,0.623451
"Initial Heating Solution[Bellinzona,HeatPump,VeryHigh,DFH,PVno]",1.39526,1.39526,1.39526,1.39526,1.39526,1.39526,1.39526,1.39526,1.39526,1.39526,1.39526,1.39526,1.39526,1.39526,1.39526
"Initial Heating Solution[Bellinzona,HeatPump,VeryHigh,DFH,PVyes]",0.0398647,0.0398647,0.0398647,0.0398647,0.0398647,0.0398647,0.0398647,0.0398647,0.0398647,0.0398647,0.0398647,0.0398647,0.0398647,0.0398647,0.0398647
"Initial Heating Solution[Bellinzona,HeatPump,VeryHigh,MFH,PVno]",2.63107,2.63107,2.63107,2.63107,2.63107,2.63107,2.63107,2.63107,2.63107,2.63107,2.63107,2.63107,2.63107,2.63107,2.63107
"Initial Heating Solution[Bellinzona,HeatPump,VeryHigh,MFH,PVyes]",0,0,0,0,0,0,0,0,0,0,0,0,0,0,0
"Initial Heating Solution[Bellinzona,HeatPump,VeryHigh,SFH,PVno]",41.9992,41.9992,41.9992,41.9992,41.9992,41.9992,41.9992,41.9992,41.9992,41.9992,41.9992,41.9992,41.9992,41.9992,41.9992
"Initial Heating Solution[Bellinzona,HeatPump,VeryHigh,SFH,PVyes]",0.201919,0.201919,0.201919,0.201919,0.201919,0.201919,0.201919,0.201919,0.201919,0.201919,0.201919,0.201919,0.201919,0.201919,0.201919
"Initial Heating Solution[Bellinzona,Oil,VeryLow,DFH,PVno]",1363.29,1363.29,1363.29,1363.29,1363.29,1363.29,1363.29,1363.29,1363.29,1363.29,1363.29,1363.29,1363.29,1363.29,1363.29
"Initial Heating Solution[Bellinzona,Oil,VeryLow,DFH,PVyes]",0.478115,0.478115,0.478115,0.478115,0.478115,0.478115,0.478115,0.478115,0.478115,0.478115,0.478115,0.478115,0.478115,0.478115,0.478115
"Initial Heating Solution[Bellinzona,Oil,VeryLow,MFH,PVno]",1147.74,1147.74,1147.74,1147.74,1147.74,1147.74,1147.74,1147.74,1147.74,1147.74,1147.74,1147.74,1147.74,1147.74,1147.74
"Initial Heating Solution[Bellinzona,Oil,VeryLow,MFH,PVyes]",0.991947,0.991947,0.991947,0.991947,0.991947,0.991947,0.991947,0.991947,0.991947,0.991947,0.991947,0.991947,0.991947,0.991947,0.991947
"Initial Heating Solution[Bellinzona,Oil,VeryLow,SFH,PVno]",1782.54,1782.54,1782.54,1782.54,1782.54,1782.54,1782.54,1782.54,1782.54,1782.54,1782.54,1782.54,1782.54,1782.54,1782.54
"Initial Heating Solution[Bellinzona,Oil,VeryLow,SFH,PVyes]",0,0,0,0,0,0,0,0,0,0,0,0,0,0,0
"Initial Heating Solution[Bellinzona,Oil,Low,DFH,PVno]",205.607,205.607,205.607,205.607,205.607,205.607,205.607,205.607,205.607,205.607,205.607,205.607,205.607,205.607,205.607
"Initial Heating Solution[Bellinzona,Oil,Low,DFH,PVyes]",1.16092,1.16092,1.16092,1.16092,1.16092,1.16092,1.16092,1.16092,1.16092,1.16092,1.16092,1.16092,1.16092,1.16092,1.16092
"Initial Heating Solution[Bellinzona,Oil,Low,MFH,PVno]",222.165,222.165,222.165,222.165,222.165,222.165,222.165,222.165,222.165,222.165,222.165,222.165,222.165,222.165,222.165
"Initial Heating Solution[Bellinzona,Oil,Low,MFH,PVyes]",0.00803182,0.00803182,0.00803182,0.00803182,0.00803182,0.00803182,0.00803182,0.00803182,0.00803182,0.00803182,0.00803182,0.00803182,0.00803182,0.00803182,0.00803182
"Initial Heating Solution[Bellinzona,Oil,Low,SFH,PVno]",1979.23,1979.23,1979.23,1979.23,1979.23,1979.23,1979.23,1979.23,1979.23,1979.23,1979.23,1979.23,1979.23,1979.23,1979.23
"Initial Heating Solution[Bellinzona,Oil,Low,SFH,PVyes]",0.260355,0.260355,0.260355,0.260355,0.260355,0.260355,0.260355,0.260355,0.260355,0.260355,0.260355,0.260355,0.260355,0.260355,0.260355
"Initial Heating Solution[Bellinzona,Oil,Moderate,DFH,PVno]",43.1319,43.1319,43.1319,43.1319,43.1319,43.1319,43.1319,43.1319,43.1319,43.1319,43.1319,43.1319,43.1319,43.1319,43.1319
"Initial Heating Solution[Bellinzona,Oil,Moderate,DFH,PVyes]",0.263801,0.263801,0.263801,0.263801,0.263801,0.263801,0.263801,0.263801,0.263801,0.263801,0.263801,0.263801,0.263801,0.263801,0.263801
"Initial Heating Solution[Bellinzona,Oil,Moderate,MFH,PVno]",48.9594,48.9594,48.9594,48.9594,48.9594,48.9594,48.9594,48.9594,48.9594,48.9594,48.9594,48.9594,48.9594,48.9594,48.9594
"Initial Heating Solution[Bellinzona,Oil,Moderate,MFH,PVyes]",2.0459E-05,2.0459E-05,2.0459E-05,2.0459E-05,2.0459E-05,2.0459E-05,2.0459E-05,2.0459E-05,2.0459E-05,2.0459E-05,2.0459E-05,2.0459E-05,2.0459E-05,2.0459E-05,2.0459E-05
"Initial Heating Solution[Bellinzona,Oil,Moderate,SFH,PVno]",574.114,574.114,574.114,574.114,574.114,574.114,574.114,574.114,574.114,574.114,574.114,574.114,574.114,574.114,574.114
"Initial Heating Solution[Bellinzona,Oil,Moderate,SFH,PVyes]",0.671614,0.671614,0.671614,0.671614,0.671614,0.671614,0.671614,0.671614,0.671614,0.671614,0.671614,0.671614,0.671614,0.671614,0.671614
"Initial Heating Solution[Bellinzona,Oil,High,DFH,PVno]",17.6054,17.6054,17.6054,17.6054,17.6054,17.6054,17.6054,17.6054,17.6054,17.6054,17.6054,17.6054,17.6054,17.6054,17.6054
"Initial Heating Solution[Bellinzona,Oil,High,DFH,PVyes]",0.100775,0.100775,0.100775,0.100775,0.100775,0.100775,0.100775,0.100775,0.100775,0.100775,0.100775,0.100775,0.100775,0.100775,0.100775
"Initial Heating Solution[Bellinzona,Oil,High,MFH,PVno]",20.0708,20.0708,20.0708,20.0708,20.0708,20.0708,20.0708,20.0708,20.0708,20.0708,20.0708,20.0708,20.0708,20.0708,20.0708
"Initial Heating Solution[Bellinzona,Oil,High,MFH,PVyes]",5.12E-07,5.12E-07,5.12E-07,5.12E-07,5.12E-07,5.12E-07,5.12E-07,5.12E-07,5.12E-07,5.12E-07,5.12E-07,5.12E-07,5.12E-07,5.12E-07,5.12E-07
"Initial Heating Solution[Bellinzona,Oil,High,SFH,PVno]",378.525,378.525,378.525,378.525,378.525,378.525,378.525,378.525,378.525,378.525,378.525,378.525,378.525,378.525,378.525
"Initial Heating Solution[Bellinzona,Oil,High,SFH,PVyes]",0.768576,0.768576,0.768576,0.768576,0.768576,0.768576,0.768576,0.768576,0.768576,0.768576,0.768576,0.768576,0.768576,0.768576,0.768576
"Initial Heating Solution[Bellinzona,Oil,VeryHigh,DFH,PVno]",1.00668,1.00668,1.00668,1.00668,1.00668,1.00668,1.00668,1.00668,1.00668,1.00668,1.00668,1.00668,1.00668,1.00668,1.00668
"Initial Heating Solution[Bellinzona,Oil,VeryHigh,DFH,PVyes]",0.00274218,0.00274218,0.00274218,0.00274218,0.00274218,0.00274218,0.00274218,0.00274218,0.00274218,0.00274218,0.00274218,0.00274218,0.00274218,0.00274218,0.00274218
"Initial Heating Solution[Bellinzona,Oil,VeryHigh,MFH,PVno]",1.10751,1.10751,1.10751,1.10751,1.10751,1.10751,1.10751,1.10751,1.10751,1.10751,1.10751,1.10751,1.10751,1.10751,1.10751
"Initial Heating Solution[Bellinzona,Oil,VeryHigh,MFH,PVyes]",0,0,0,0,0,0,0,0,0,0,0,0,0,0,0
"Initial Heating Solution[Bellinzona,Oil,VeryHigh,SFH,PVno]",45.4242,45.4242,45.4242,45.4242,45.4242,45.4242,45.4242,45.4242,45.4242,45.4242,45.4242,45.4242,45.4242,45.4242,45.4242
"Initial Heating Solution[Bellinzona,Oil,VeryHigh,SFH,PVyes]",0.229698,0.229698,0.229698,0.229698,0.229698,0.229698,0.229698,0.229698,0.229698,0.229698,0.229698,0.229698,0.229698,0.229698,0.229698
"Initial Heating Solution[Bellinzona,OilST,VeryLow,DFH,PVno]",7.39854,7.39854,7.39854,7.39854,7.39854,7.39854,7.39854,7.39854,7.39854,7.39854,7.39854,7.39854,7.39854,7.39854,7.39854
"Initial Heating Solution[Bellinzona,OilST,VeryLow,DFH,PVyes]",0,0,0,0,0,0,0,0,0,0,0,0,0,0,0
"Initial Heating Solution[Bellinzona,OilST,VeryLow,MFH,PVno]",0.796706,0.796706,0.796706,0.796706,0.796706,0.796706,0.796706,0.796706,0.796706,0.796706,0.796706,0.796706,0.796706,0.796706,0.796706
"Initial Heating Solution[Bellinzona,OilST,VeryLow,MFH,PVyes]",0.995089,0.995089,0.995089,0.995089,0.995089,0.995089,0.995089,0.995089,0.995089,0.995089,0.995089,0.995089,0.995089,0.995089,0.995089
"Initial Heating Solution[Bellinzona,OilST,VeryLow,SFH,PVno]",9.43083,9.43083,9.43083,9.43083,9.43083,9.43083,9.43083,9.43083,9.43083,9.43083,9.43083,9.43083,9.43083,9.43083,9.43083
"Initial Heating Solution[Bellinzona,OilST,VeryLow,SFH,PVyes]",0,0,0,0,0,0,0,0,0,0,0,0,0,0,0
"Initial Heating Solution[Bellinzona,OilST,Low,DFH,PVno]",2.58192,2.58192,2.58192,2.58192,2.58192,2.58192,2.58192,2.58192,2.58192,2.58192,2.58192,2.58192,2.58192,2.58192,2.58192
"Initial Heating Solution[Bellinzona,OilST,Low,DFH,PVyes]",0,0,0,0,0,0,0,0,0,0,0,0,0,0,0
"Initial Heating Solution[Bellinzona,OilST,Low,MFH,PVno]",5.93641,5.93641,5.93641,5.93641,5.93641,5.93641,5.93641,5.93641,5.93641,5.93641,5.93641,5.93641,5.93641,5.93641,5.93641
"Initial Heating Solution[Bellinzona,OilST,Low,MFH,PVyes]",0.00490146,0.00490146,0.00490146,0.00490146,0.00490146,0.00490146,0.00490146,0.00490146,0.00490146,0.00490146,0.00490146,0.00490146,0.00490146,0.00490146,0.00490146
"Initial Heating Solution[Bellinzona,OilST,Low,SFH,PVno]",13.8066,13.8066,13.8066,13.8066,13.8066,13.8066,13.8066,13.8066,13.8066,13.8066,13.8066,13.8066,13.8066,13.8066,13.8066
"Initial Heating Solution[Bellinzona,OilST,Low,SFH,PVyes]",0,0,0,0,0,0,0,0,0,0,0,0,0,0,0
"Initial Heating Solution[Bellinzona,OilST,Moderate,DFH,PVno]",0.261428,0.261428,0.261428,0.261428,0.261428,0.261428,0.261428,0.261428,0.261428,0.261428,0.261428,0.261428,0.261428,0.261428,0.261428
"Initial Heating Solution[Bellinzona,OilST,Moderate,DFH,PVyes]",0,0,0,0,0,0,0,0,0,0,0,0,0,0,0
"Initial Heating Solution[Bellinzona,OilST,Moderate,MFH,PVno]",2.29419,2.29419,2.29419,2.29419,2.29419,2.29419,2.29419,2.29419,2.29419,2.29419,2.29419,2.29419,2.29419,2.29419,2.29419
"Initial Heating Solution[Bellinzona,OilST,Moderate,MFH,PVyes]",9.47847E-06,9.47847E-06,9.47847E-06,9.47847E-06,9.47847E-06,9.47847E-06,9.47847E-06,9.47847E-06,9.47847E-06,9.47847E-06,9.47847E-06,9.47847E-06,9.47847E-06,9.47847E-06,9.47847E-06
"Initial Heating Solution[Bellinzona,OilST,Moderate,SFH,PVno]",4.28344,4.28344,4.28344,4.28344,4.28344,4.28344,4.28344,4.28344,4.28344,4.28344,4.28344,4.28344,4.28344,4.28344,4.28344
"Initial Heating Solution[Bellinzona,OilST,Moderate,SFH,PVyes]",0,0,0,0,0,0,0,0,0,0,0,0,0,0,0
"Initial Heating Solution[Bellinzona,OilST,High,DFH,PVno]",0.0493342,0.0493342,0.0493342,0.0493342,0.0493342,0.0493342,0.0493342,0.0493342,0.0493342,0.0493342,0.0493342,0.0493342,0.0493342,0.0493342,0.0493342
"Initial Heating Solution[Bellinzona,OilST,High,DFH,PVyes]",0,0,0,0,0,0,0,0,0,0,0,0,0,0,0
"Initial Heating Solution[Bellinzona,OilST,High,MFH,PVno]",1.1543,1.1543,1.1543,1.1543,1.1543,1.1543,1.1543,1.1543,1.1543,1.1543,1.1543,1.1543,1.1543,1.1543,1.1543
"Initial Heating Solution[Bellinzona,OilST,High,MFH,PVyes]",2.07E-07,2.07E-07,2.07E-07,2.07E-07,2.07E-07,2.07E-07,2.07E-07,2.07E-07,2.07E-07,2.07E-07,2.07E-07,2.07E-07,2.07E-07,2.07E-07,2.07E-07
"Initial Heating Solution[Bellinzona,OilST,High,SFH,PVno]",2.7976,2.7976,2.7976,2.7976,2.7976,2.7976,2.7976,2.7976,2.7976,2.7976,2.7976,2.7976,2.7976,2.7976,2.7976
"Initial Heating Solution[Bellinzona,OilST,High,SFH,PVyes]",0,0,0,0,0,0,0,0,0,0,0,0,0,0,0
"Initial Heating Solution[Bellinzona,OilST,VeryHigh,DFH,PVno]",0,0,0,0,0,0,0,0,0,0,0,0,0,0,0
"Initial Heating Solution[Bellinzona,OilST,VeryHigh,DFH,PVyes]",0,0,0,0,0,0,0,0,0,0,0,0,0,0,0
"Initial Heating Solution[Bellinzona,OilST,VeryHigh,MFH,PVno]",0.109619,0.109619,0.109619,0.109619,0.109619,0.109619,0.109619,0.109619,0.109619,0.109619,0.109619,0.109619,0.109619,0.109619,0.109619
"Initial Heating Solution[Bellinzona,OilST,VeryHigh,MFH,PVyes]",0,0,0,0,0,0,0,0,0,0,0,0,0,0,0
"Initial Heating Solution[Bellinzona,OilST,VeryHigh,SFH,PVno]",0.555234,0.555234,0.555234,0.555234,0.555234,0.555234,0.555234,0.555234,0.555234,0.555234,0.555234,0.555234,0.555234,0.555234,0.555234
"Initial Heating Solution[Bellinzona,OilST,VeryHigh,SFH,PVyes]",0,0,0,0,0,0,0,0,0,0,0,0,0,0,0
"Initial Heating Solution[Bellinzona,Wood,VeryLow,DFH,PVno]",97.5212,97.5212,97.5212,97.5212,97.5212,97.5212,97.5212,97.5212,97.5212,97.5212,97.5212,97.5212,97.5212,97.5212,97.5212
"Initial Heating Solution[Bellinzona,Wood,VeryLow,DFH,PVyes]",0,0,0,0,0,0,0,0,0,0,0,0,0,0,0
"Initial Heating Solution[Bellinzona,Wood,VeryLow,MFH,PVno]",27.0248,27.0248,27.0248,27.0248,27.0248,27.0248,27.0248,27.0248,27.0248,27.0248,27.0248,27.0248,27.0248,27.0248,27.0248
"Initial Heating Solution[Bellinzona,Wood,VeryLow,MFH,PVyes]",0,0,0,0,0,0,0,0,0,0,0,0,0,0,0
"Initial Heating Solution[Bellinzona,Wood,VeryLow,SFH,PVno]",896.226,896.226,896.226,896.226,896.226,896.226,896.226,896.226,896.226,896.226,896.226,896.226,896.226,896.226,896.226
"Initial Heating Solution[Bellinzona,Wood,VeryLow,SFH,PVyes]",0.897915,0.897915,0.897915,0.897915,0.897915,0.897915,0.897915,0.897915,0.897915,0.897915,0.897915,0.897915,0.897915,0.897915,0.897915
"Initial Heating Solution[Bellinzona,Wood,Low,DFH,PVno]",16.581,16.581,16.581,16.581,16.581,16.581,16.581,16.581,16.581,16.581,16.581,16.581,16.581,16.581,16.581
"Initial Heating Solution[Bellinzona,Wood,Low,DFH,PVyes]",0,0,0,0,0,0,0,0,0,0,0,0,0,0,0
"Initial Heating Solution[Bellinzona,Wood,Low,MFH,PVno]",7.62345,7.62345,7.62345,7.62345,7.62345,7.62345,7.62345,7.62345,7.62345,7.62345,7.62345,7.62345,7.62345,7.62345,7.62345
"Initial Heating Solution[Bellinzona,Wood,Low,MFH,PVyes]",0,0,0,0,0,0,0,0,0,0,0,0,0,0,0
"Initial Heating Solution[Bellinzona,Wood,Low,SFH,PVno]",498.713,498.713,498.713,498.713,498.713,498.713,498.713,498.713,498.713,498.713,498.713,498.713,498.713,498.713,498.713
"Initial Heating Solution[Bellinzona,Wood,Low,SFH,PVyes]",0.596081,0.596081,0.596081,0.596081,0.596081,0.596081,0.596081,0.596081,0.596081,0.596081,0.596081,0.596081,0.596081,0.596081,0.596081
"Initial Heating Solution[Bellinzona,Wood,Moderate,DFH,PVno]",2.4798,2.4798,2.4798,2.4798,2.4798,2.4798,2.4798,2.4798,2.4798,2.4798,2.4798,2.4798,2.4798,2.4798,2.4798
"Initial Heating Solution[Bellinzona,Wood,Moderate,DFH,PVyes]",0,0,0,0,0,0,0,0,0,0,0,0,0,0,0
"Initial Heating Solution[Bellinzona,Wood,Moderate,MFH,PVno]",2.22831,2.22831,2.22831,2.22831,2.22831,2.22831,2.22831,2.22831,2.22831,2.22831,2.22831,2.22831,2.22831,2.22831,2.22831
"Initial Heating Solution[Bellinzona,Wood,Moderate,MFH,PVyes]",0,0,0,0,0,0,0,0,0,0,0,0,0,0,0
"Initial Heating Solution[Bellinzona,Wood,Moderate,SFH,PVno]",60.4356,60.4356,60.4356,60.4356,60.4356,60.4356,60.4356,60.4356,60.4356,60.4356,60.4356,60.4356,60.4356,60.4356,60.4356
"Initial Heating Solution[Bellinzona,Wood,Moderate,SFH,PVyes]",0.0636223,0.0636223,0.0636223,0.0636223,0.0636223,0.0636223,0.0636223,0.0636223,0.0636223,0.0636223,0.0636223,0.0636223,0.0636223,0.0636223,0.0636223
"Initial Heating Solution[Bellinzona,Wood,High,DFH,PVno]",0.814566,0.814566,0.814566,0.814566,0.814566,0.814566,0.814566,0.814566,0.814566,0.814566,0.814566,0.814566,0.814566,0.814566,0.814566
"Initial Heating Solution[Bellinzona,Wood,High,DFH,PVyes]",0,0,0,0,0,0,0,0,0,0,0,0,0,0,0
"Initial Heating Solution[Bellinzona,Wood,High,MFH,PVno]",1.01564,1.01564,1.01564,1.01564,1.01564,1.01564,1.01564,1.01564,1.01564,1.01564,1.01564,1.01564,1.01564,1.01564,1.01564
"Initial Heating Solution[Bellinzona,Wood,High,MFH,PVyes]",0,0,0,0,0,0,0,0,0,0,0,0,0,0,0
"Initial Heating Solution[Bellinzona,Wood,High,SFH,PVno]",26.099,26.099,26.099,26.099,26.099,26.099,26.099,26.099,26.099,26.099,26.099,26.099,26.099,26.099,26.099
"Initial Heating Solution[Bellinzona,Wood,High,SFH,PVyes]",0.0126111,0.0126111,0.0126111,0.0126111,0.0126111,0.0126111,0.0126111,0.0126111,0.0126111,0.0126111,0.0126111,0.0126111,0.0126111,0.0126111,0.0126111
"Initial Heating Solution[Bellinzona,Wood,VeryHigh,DFH,PVno]",0.0376203,0.0376203,0.0376203,0.0376203,0.0376203,0.0376203,0.0376203,0.0376203,0.0376203,0.0376203,0.0376203,0.0376203,0.0376203,0.0376203,0.0376203
"Initial Heating Solution[Bellinzona,Wood,VeryHigh,DFH,PVyes]",0,0,0,0,0,0,0,0,0,0,0,0,0,0,0
"Initial Heating Solution[Bellinzona,Wood,VeryHigh,MFH,PVno]",0.0752406,0.0752406,0.0752406,0.0752406,0.0752406,0.0752406,0.0752406,0.0752406,0.0752406,0.0752406,0.0752406,0.0752406,0.0752406,0.0752406,0.0752406
"Initial Heating Solution[Bellinzona,Wood,VeryHigh,MFH,PVyes]",0,0,0,0,0,0,0,0,0,0,0,0,0,0,0
"Initial Heating Solution[Bellinzona,Wood,VeryHigh,SFH,PVno]",1.90551,1.90551,1.90551,1.90551,1.90551,1.90551,1.90551,1.90551,1.90551,1.90551,1.90551,1.90551,1.90551,1.90551,1.90551
"Initial Heating Solution[Bellinzona,Wood,VeryHigh,SFH,PVyes]",0,0,0,0,0,0,0,0,0,0,0,0,0,0,0
"Initial Heating Solution[Bellinzona,WoodST,VeryLow,DFH,PVno]",4.76091,4.76091,4.76091,4.76091,4.76091,4.76091,4.76091,4.76091,4.76091,4.76091,4.76091,4.76091,4.76091,4.76091,4.76091
"Initial Heating Solution[Bellinzona,WoodST,VeryLow,DFH,PVyes]",0,0,0,0,0,0,0,0,0,0,0,0,0,0,0
"Initial Heating Solution[Bellinzona,WoodST,VeryLow,MFH,PVno]",0,0,0,0,0,0,0,0,0,0,0,0,0,0,0
"Initial Heating Solution[Bellinzona,WoodST,VeryLow,MFH,PVyes]",0,0,0,0,0,0,0,0,0,0,0,0,0,0,0
"Initial Heating Solution[Bellinzona,WoodST,VeryLow,SFH,PVno]",33.418,33.418,33.418,33.418,33.418,33.418,33.418,33.418,33.418,33.418,33.418,33.418,33.418,33.418,33.418
"Initial Heating Solution[Bellinzona,WoodST,VeryLow,SFH,PVyes]",0.63468,0.63468,0.63468,0.63468,0.63468,0.63468,0.63468,0.63468,0.63468,0.63468,0.63468,0.63468,0.63468,0.63468,0.63468
"Initial Heating Solution[Bellinzona,WoodST,Low,DFH,PVno]",3.25481,3.25481,3.25481,3.25481,3.25481,3.25481,3.25481,3.25481,3.25481,3.25481,3.25481,3.25481,3.25481,3.25481,3.25481
"Initial Heating Solution[Bellinzona,WoodST,Low,DFH,PVyes]",0,0,0,0,0,0,0,0,0,0,0,0,0,0,0
"Initial Heating Solution[Bellinzona,WoodST,Low,MFH,PVno]",0,0,0,0,0,0,0,0,0,0,0,0,0,0,0
"Initial Heating Solution[Bellinzona,WoodST,Low,MFH,PVyes]",0,0,0,0,0,0,0,0,0,0,0,0,0,0,0
"Initial Heating Solution[Bellinzona,WoodST,Low,SFH,PVno]",22.5643,22.5643,22.5643,22.5643,22.5643,22.5643,22.5643,22.5643,22.5643,22.5643,22.5643,22.5643,22.5643,22.5643,22.5643
"Initial Heating Solution[Bellinzona,WoodST,Low,SFH,PVyes]",0.344358,0.344358,0.344358,0.344358,0.344358,0.344358,0.344358,0.344358,0.344358,0.344358,0.344358,0.344358,0.344358,0.344358,0.344358
"Initial Heating Solution[Bellinzona,WoodST,Moderate,DFH,PVno]",1.37937,1.37937,1.37937,1.37937,1.37937,1.37937,1.37937,1.37937,1.37937,1.37937,1.37937,1.37937,1.37937,1.37937,1.37937
"Initial Heating Solution[Bellinzona,WoodST,Moderate,DFH,PVyes]",0,0,0,0,0,0,0,0,0,0,0,0,0,0,0
"Initial Heating Solution[Bellinzona,WoodST,Moderate,MFH,PVno]",0,0,0,0,0,0,0,0,0,0,0,0,0,0,0
"Initial Heating Solution[Bellinzona,WoodST,Moderate,MFH,PVyes]",0,0,0,0,0,0,0,0,0,0,0,0,0,0,0
"Initial Heating Solution[Bellinzona,WoodST,Moderate,SFH,PVno]",3.19442,3.19442,3.19442,3.19442,3.19442,3.19442,3.19442,3.19442,3.19442,3.19442,3.19442,3.19442,3.19442,3.19442,3.19442
"Initial Heating Solution[Bellinzona,WoodST,Moderate,SFH,PVyes]",0.0956893,0.0956893,0.0956893,0.0956893,0.0956893,0.0956893,0.0956893,0.0956893,0.0956893,0.0956893,0.0956893,0.0956893,0.0956893,0.0956893,0.0956893
"Initial Heating Solution[Bellinzona,WoodST,High,DFH,PVno]",0.786514,0.786514,0.786514,0.786514,0.786514,0.786514,0.786514,0.786514,0.786514,0.786514,0.786514,0.786514,0.786514,0.786514,0.786514
"Initial Heating Solution[Bellinzona,WoodST,High,DFH,PVyes]",0,0,0,0,0,0,0,0,0,0,0,0,0,0,0
"Initial Heating Solution[Bellinzona,WoodST,High,MFH,PVno]",0,0,0,0,0,0,0,0,0,0,0,0,0,0,0
"Initial Heating Solution[Bellinzona,WoodST,High,MFH,PVyes]",0,0,0,0,0,0,0,0,0,0,0,0,0,0,0
"Initial Heating Solution[Bellinzona,WoodST,High,SFH,PVno]",2.01535,2.01535,2.01535,2.01535,2.01535,2.01535,2.01535,2.01535,2.01535,2.01535,2.01535,2.01535,2.01535,2.01535,2.01535
"Initial Heating Solution[Bellinzona,WoodST,High,SFH,PVyes]",0.012173,0.012173,0.012173,0.012173,0.012173,0.012173,0.012173,0.012173,0.012173,0.012173,0.012173,0.012173,0.012173,0.012173,0.012173
"Initial Heating Solution[Bellinzona,WoodST,VeryHigh,DFH,PVno]",0.109619,0.109619,0.109619,0.109619,0.109619,0.109619,0.109619,0.109619,0.109619,0.109619,0.109619,0.109619,0.109619,0.109619,0.109619
"Initial Heating Solution[Bellinzona,WoodST,VeryHigh,DFH,PVyes]",0,0,0,0,0,0,0,0,0,0,0,0,0,0,0
"Initial Heating Solution[Bellinzona,WoodST,VeryHigh,MFH,PVno]",0,0,0,0,0,0,0,0,0,0,0,0,0,0,0
"Initial Heating Solution[Bellinzona,WoodST,VeryHigh,MFH,PVyes]",0,0,0,0,0,0,0,0,0,0,0,0,0,0,0
"Initial Heating Solution[Bellinzona,WoodST,VeryHigh,SFH,PVno]",0.555234,0.555234,0.555234,0.555234,0.555234,0.555234,0.555234,0.555234,0.555234,0.555234,0.555234,0.555234,0.555234,0.555234,0.555234
"Initial Heating Solution[Bellinzona,WoodST,VeryHigh,SFH,PVyes]",0,0,0,0,0,0,0,0,0,0,0,0,0,0,0
"Initial Heating Solution[Bellinzona,GasST,VeryLow,DFH,PVno]",0,0,0,0,0,0,0,0,0,0,0,0,0,0,0
"Initial Heating Solution[Bellinzona,GasST,VeryLow,DFH,PVyes]",0,0,0,0,0,0,0,0,0,0,0,0,0,0,0
"Initial Heating Solution[Bellinzona,GasST,VeryLow,MFH,PVno]",5.10417,5.10417,5.10417,5.10417,5.10417,5.10417,5.10417,5.10417,5.10417,5.10417,5.10417,5.10417,5.10417,5.10417,5.10417
"Initial Heating Solution[Bellinzona,GasST,VeryLow,MFH,PVyes]",0,0,0,0,0,0,0,0,0,0,0,0,0,0,0
"Initial Heating Solution[Bellinzona,GasST,VeryLow,SFH,PVno]",0,0,0,0,0,0,0,0,0,0,0,0,0,0,0
"Initial Heating Solution[Bellinzona,GasST,VeryLow,SFH,PVyes]",0,0,0,0,0,0,0,0,0,0,0,0,0,0,0
"Initial Heating Solution[Bellinzona,GasST,Low,DFH,PVno]",0,0,0,0,0,0,0,0,0,0,0,0,0,0,0
"Initial Heating Solution[Bellinzona,GasST,Low,DFH,PVyes]",0,0,0,0,0,0,0,0,0,0,0,0,0,0,0
"Initial Heating Solution[Bellinzona,GasST,Low,MFH,PVno]",0.0413286,0.0413286,0.0413286,0.0413286,0.0413286,0.0413286,0.0413286,0.0413286,0.0413286,0.0413286,0.0413286,0.0413286,0.0413286,0.0413286,0.0413286
"Initial Heating Solution[Bellinzona,GasST,Low,MFH,PVyes]",0,0,0,0,0,0,0,0,0,0,0,0,0,0,0
"Initial Heating Solution[Bellinzona,GasST,Low,SFH,PVno]",0,0,0,0,0,0,0,0,0,0,0,0,0,0,0
"Initial Heating Solution[Bellinzona,GasST,Low,SFH,PVyes]",0,0,0,0,0,0,0,0,0,0,0,0,0,0,0
"Initial Heating Solution[Bellinzona,GasST,Moderate,DFH,PVno]",0,0,0,0,0,0,0,0,0,0,0,0,0,0,0
"Initial Heating Solution[Bellinzona,GasST,Moderate,DFH,PVyes]",0,0,0,0,0,0,0,0,0,0,0,0,0,0,0
"Initial Heating Solution[Bellinzona,GasST,Moderate,MFH,PVno]",0.000105274,0.000105274,0.000105274,0.000105274,0.000105274,0.000105274,0.000105274,0.000105274,0.000105274,0.000105274,0.000105274,0.000105274,0.000105274,0.000105274,0.000105274
"Initial Heating Solution[Bellinzona,GasST,Moderate,MFH,PVyes]",0,0,0,0,0,0,0,0,0,0,0,0,0,0,0
"Initial Heating Solution[Bellinzona,GasST,Moderate,SFH,PVno]",0,0,0,0,0,0,0,0,0,0,0,0,0,0,0
"Initial Heating Solution[Bellinzona,GasST,Moderate,SFH,PVyes]",0,0,0,0,0,0,0,0,0,0,0,0,0,0,0
"Initial Heating Solution[Bellinzona,GasST,High,DFH,PVno]",0,0,0,0,0,0,0,0,0,0,0,0,0,0,0
"Initial Heating Solution[Bellinzona,GasST,High,DFH,PVyes]",0,0,0,0,0,0,0,0,0,0,0,0,0,0,0
"Initial Heating Solution[Bellinzona,GasST,High,MFH,PVno]",2.63455E-06,2.63455E-06,2.63455E-06,2.63455E-06,2.63455E-06,2.63455E-06,2.63455E-06,2.63455E-06,2.63455E-06,2.63455E-06,2.63455E-06,2.63455E-06,2.63455E-06,2.63455E-06,2.63455E-06
"Initial Heating Solution[Bellinzona,GasST,High,MFH,PVyes]",0,0,0,0,0,0,0,0,0,0,0,0,0,0,0
"Initial Heating Solution[Bellinzona,GasST,High,SFH,PVno]",0,0,0,0,0,0,0,0,0,0,0,0,0,0,0
"Initial Heating Solution[Bellinzona,GasST,High,SFH,PVyes]",0,0,0,0,0,0,0,0,0,0,0,0,0,0,0
"Initial Heating Solution[Bellinzona,GasST,VeryHigh,DFH,PVno]",0,0,0,0,0,0,0,0,0,0,0,0,0,0,0
"Initial Heating Solution[Bellinzona,GasST,VeryHigh,DFH,PVyes]",0,0,0,0,0,0,0,0,0,0,0,0,0,0,0
"Initial Heating Solution[Bellinzona,GasST,VeryHigh,MFH,PVno]",0,0,0,0,0,0,0,0,0,0,0,0,0,0,0
"Initial Heating Solution[Bellinzona,GasST,VeryHigh,MFH,PVyes]",0,0,0,0,0,0,0,0,0,0,0,0,0,0,0
"Initial Heating Solution[Bellinzona,GasST,VeryHigh,SFH,PVno]",0,0,0,0,0,0,0,0,0,0,0,0,0,0,0
"Initial Heating Solution[Bellinzona,GasST,VeryHigh,SFH,PVyes]",0,0,0,0,0,0,0,0,0,0,0,0,0,0,0
"Initial Heating Solution[Bellinzona,Pellet,VeryLow,DFH,PVno]",27.3939,27.3939,27.3939,27.3939,27.3939,27.3939,27.3939,27.3939,27.3939,27.3939,27.3939,27.3939,27.3939,27.3939,27.3939
"Initial Heating Solution[Bellinzona,Pellet,VeryLow,DFH,PVyes]",0,0,0,0,0,0,0,0,0,0,0,0,0,0,0
"Initial Heating Solution[Bellinzona,Pellet,VeryLow,MFH,PVno]",7.59132,7.59132,7.59132,7.59132,7.59132,7.59132,7.59132,7.59132,7.59132,7.59132,7.59132,7.59132,7.59132,7.59132,7.59132
"Initial Heating Solution[Bellinzona,Pellet,VeryLow,MFH,PVyes]",0,0,0,0,0,0,0,0,0,0,0,0,0,0,0
"Initial Heating Solution[Bellinzona,Pellet,VeryLow,SFH,PVno]",251.752,251.752,251.752,251.752,251.752,251.752,251.752,251.752,251.752,251.752,251.752,251.752,251.752,251.752,251.752
"Initial Heating Solution[Bellinzona,Pellet,VeryLow,SFH,PVyes]",0.252226,0.252226,0.252226,0.252226,0.252226,0.252226,0.252226,0.252226,0.252226,0.252226,0.252226,0.252226,0.252226,0.252226,0.252226
"Initial Heating Solution[Bellinzona,Pellet,Low,DFH,PVno]",4.65763,4.65763,4.65763,4.65763,4.65763,4.65763,4.65763,4.65763,4.65763,4.65763,4.65763,4.65763,4.65763,4.65763,4.65763
"Initial Heating Solution[Bellinzona,Pellet,Low,DFH,PVyes]",0,0,0,0,0,0,0,0,0,0,0,0,0,0,0
"Initial Heating Solution[Bellinzona,Pellet,Low,MFH,PVno]",2.14144,2.14144,2.14144,2.14144,2.14144,2.14144,2.14144,2.14144,2.14144,2.14144,2.14144,2.14144,2.14144,2.14144,2.14144
"Initial Heating Solution[Bellinzona,Pellet,Low,MFH,PVyes]",0,0,0,0,0,0,0,0,0,0,0,0,0,0,0
"Initial Heating Solution[Bellinzona,Pellet,Low,SFH,PVno]",140.089,140.089,140.089,140.089,140.089,140.089,140.089,140.089,140.089,140.089,140.089,140.089,140.089,140.089,140.089
"Initial Heating Solution[Bellinzona,Pellet,Low,SFH,PVyes]",0.16744,0.16744,0.16744,0.16744,0.16744,0.16744,0.16744,0.16744,0.16744,0.16744,0.16744,0.16744,0.16744,0.16744,0.16744
"Initial Heating Solution[Bellinzona,Pellet,Moderate,DFH,PVno]",0.696581,0.696581,0.696581,0.696581,0.696581,0.696581,0.696581,0.696581,0.696581,0.696581,0.696581,0.696581,0.696581,0.696581,0.696581
"Initial Heating Solution[Bellinzona,Pellet,Moderate,DFH,PVyes]",0,0,0,0,0,0,0,0,0,0,0,0,0,0,0
"Initial Heating Solution[Bellinzona,Pellet,Moderate,MFH,PVno]",0.625935,0.625935,0.625935,0.625935,0.625935,0.625935,0.625935,0.625935,0.625935,0.625935,0.625935,0.625935,0.625935,0.625935,0.625935
"Initial Heating Solution[Bellinzona,Pellet,Moderate,MFH,PVyes]",0,0,0,0,0,0,0,0,0,0,0,0,0,0,0
"Initial Heating Solution[Bellinzona,Pellet,Moderate,SFH,PVno]",16.9765,16.9765,16.9765,16.9765,16.9765,16.9765,16.9765,16.9765,16.9765,16.9765,16.9765,16.9765,16.9765,16.9765,16.9765
"Initial Heating Solution[Bellinzona,Pellet,Moderate,SFH,PVyes]",0.0178716,0.0178716,0.0178716,0.0178716,0.0178716,0.0178716,0.0178716,0.0178716,0.0178716,0.0178716,0.0178716,0.0178716,0.0178716,0.0178716,0.0178716
"Initial Heating Solution[Bellinzona,Pellet,High,DFH,PVno]",0.228813,0.228813,0.228813,0.228813,0.228813,0.228813,0.228813,0.228813,0.228813,0.228813,0.228813,0.228813,0.228813,0.228813,0.228813
"Initial Heating Solution[Bellinzona,Pellet,High,DFH,PVyes]",0,0,0,0,0,0,0,0,0,0,0,0,0,0,0
"Initial Heating Solution[Bellinzona,Pellet,High,MFH,PVno]",0.285296,0.285296,0.285296,0.285296,0.285296,0.285296,0.285296,0.285296,0.285296,0.285296,0.285296,0.285296,0.285296,0.285296,0.285296
"Initial Heating Solution[Bellinzona,Pellet,High,MFH,PVyes]",0,0,0,0,0,0,0,0,0,0,0,0,0,0,0
"Initial Heating Solution[Bellinzona,Pellet,High,SFH,PVno]",7.33124,7.33124,7.33124,7.33124,7.33124,7.33124,7.33124,7.33124,7.33124,7.33124,7.33124,7.33124,7.33124,7.33124,7.33124
"Initial Heating Solution[Bellinzona,Pellet,High,SFH,PVyes]",0.00354249,0.00354249,0.00354249,0.00354249,0.00354249,0.00354249,0.00354249,0.00354249,0.00354249,0.00354249,0.00354249,0.00354249,0.00354249,0.00354249,0.00354249
"Initial Heating Solution[Bellinzona,Pellet,VeryHigh,DFH,PVno]",0.0105676,0.0105676,0.0105676,0.0105676,0.0105676,0.0105676,0.0105676,0.0105676,0.0105676,0.0105676,0.0105676,0.0105676,0.0105676,0.0105676,0.0105676
"Initial Heating Solution[Bellinzona,Pellet,VeryHigh,DFH,PVyes]",0,0,0,0,0,0,0,0,0,0,0,0,0,0,0
"Initial Heating Solution[Bellinzona,Pellet,VeryHigh,MFH,PVno]",0.0211352,0.0211352,0.0211352,0.0211352,0.0211352,0.0211352,0.0211352,0.0211352,0.0211352,0.0211352,0.0211352,0.0211352,0.0211352,0.0211352,0.0211352
"Initial Heating Solution[Bellinzona,Pellet,VeryHigh,MFH,PVyes]",0,0,0,0,0,0,0,0,0,0,0,0,0,0,0
"Initial Heating Solution[Bellinzona,Pellet,VeryHigh,SFH,PVno]",0.535262,0.535262,0.535262,0.535262,0.535262,0.535262,0.535262,0.535262,0.535262,0.535262,0.535262,0.535262,0.535262,0.535262,0.535262
"Initial Heating Solution[Bellinzona,Pellet,VeryHigh,SFH,PVyes]",0,0,0,0,0,0,0,0,0,0,0,0,0,0,0
"Initial Heating Solution[Blenio,DH,VeryLow,DFH,PVno]",6.42031,6.42031,6.42031,6.42031,6.42031,6.42031,6.42031,6.42031,6.42031,6.42031,6.42031,6.42031,6.42031,6.42031,6.42031
"Initial Heating Solution[Blenio,DH,VeryLow,DFH,PVyes]",0,0,0,0,0,0,0,0,0,0,0,0,0,0,0
"Initial Heating Solution[Blenio,DH,VeryLow,MFH,PVno]",8.23551,8.23551,8.23551,8.23551,8.23551,8.23551,8.23551,8.23551,8.23551,8.23551,8.23551,8.23551,8.23551,8.23551,8.23551
"Initial Heating Solution[Blenio,DH,VeryLow,MFH,PVyes]",0,0,0,0,0,0,0,0,0,0,0,0,0,0,0
"Initial Heating Solution[Blenio,DH,VeryLow,SFH,PVno]",14.2919,14.2919,14.2919,14.2919,14.2919,14.2919,14.2919,14.2919,14.2919,14.2919,14.2919,14.2919,14.2919,14.2919,14.2919
"Initial Heating Solution[Blenio,DH,VeryLow,SFH,PVyes]",0,0,0,0,0,0,0,0,0,0,0,0,0,0,0
"Initial Heating Solution[Blenio,DH,Low,DFH,PVno]",0.091192,0.091192,0.091192,0.091192,0.091192,0.091192,0.091192,0.091192,0.091192,0.091192,0.091192,0.091192,0.091192,0.091192,0.091192
"Initial Heating Solution[Blenio,DH,Low,DFH,PVyes]",0,0,0,0,0,0,0,0,0,0,0,0,0,0,0
"Initial Heating Solution[Blenio,DH,Low,MFH,PVno]",0.807889,0.807889,0.807889,0.807889,0.807889,0.807889,0.807889,0.807889,0.807889,0.807889,0.807889,0.807889,0.807889,0.807889,0.807889
"Initial Heating Solution[Blenio,DH,Low,MFH,PVyes]",0,0,0,0,0,0,0,0,0,0,0,0,0,0,0
"Initial Heating Solution[Blenio,DH,Low,SFH,PVno]",12.2799,12.2799,12.2799,12.2799,12.2799,12.2799,12.2799,12.2799,12.2799,12.2799,12.2799,12.2799,12.2799,12.2799,12.2799
"Initial Heating Solution[Blenio,DH,Low,SFH,PVyes]",0,0,0,0,0,0,0,0,0,0,0,0,0,0,0
"Initial Heating Solution[Blenio,DH,Moderate,DFH,PVno]",0.00068507,0.00068507,0.00068507,0.00068507,0.00068507,0.00068507,0.00068507,0.00068507,0.00068507,0.00068507,0.00068507,0.00068507,0.00068507,0.00068507,0.00068507
"Initial Heating Solution[Blenio,DH,Moderate,DFH,PVyes]",0,0,0,0,0,0,0,0,0,0,0,0,0,0,0
"Initial Heating Solution[Blenio,DH,Moderate,MFH,PVno]",0.230217,0.230217,0.230217,0.230217,0.230217,0.230217,0.230217,0.230217,0.230217,0.230217,0.230217,0.230217,0.230217,0.230217,0.230217
"Initial Heating Solution[Blenio,DH,Moderate,MFH,PVyes]",0,0,0,0,0,0,0,0,0,0,0,0,0,0,0
"Initial Heating Solution[Blenio,DH,Moderate,SFH,PVno]",2.71598,2.71598,2.71598,2.71598,2.71598,2.71598,2.71598,2.71598,2.71598,2.71598,2.71598,2.71598,2.71598,2.71598,2.71598
"Initial Heating Solution[Blenio,DH,Moderate,SFH,PVyes]",0,0,0,0,0,0,0,0,0,0,0,0,0,0,0
"Initial Heating Solution[Blenio,DH,High,DFH,PVno]",3.38928E-05,3.38928E-05,3.38928E-05,3.38928E-05,3.38928E-05,3.38928E-05,3.38928E-05,3.38928E-05,3.38928E-05,3.38928E-05,3.38928E-05,3.38928E-05,3.38928E-05,3.38928E-05,3.38928E-05
"Initial Heating Solution[Blenio,DH,High,DFH,PVyes]",0,0,0,0,0,0,0,0,0,0,0,0,0,0,0
"Initial Heating Solution[Blenio,DH,High,MFH,PVno]",0.117508,0.117508,0.117508,0.117508,0.117508,0.117508,0.117508,0.117508,0.117508,0.117508,0.117508,0.117508,0.117508,0.117508,0.117508
"Initial Heating Solution[Blenio,DH,High,MFH,PVyes]",0,0,0,0,0,0,0,0,0,0,0,0,0,0,0
"Initial Heating Solution[Blenio,DH,High,SFH,PVno]",1.66995,1.66995,1.66995,1.66995,1.66995,1.66995,1.66995,1.66995,1.66995,1.66995,1.66995,1.66995,1.66995,1.66995,1.66995
"Initial Heating Solution[Blenio,DH,High,SFH,PVyes]",0,0,0,0,0,0,0,0,0,0,0,0,0,0,0
"Initial Heating Solution[Blenio,DH,VeryHigh,DFH,PVno]",0,0,0,0,0,0,0,0,0,0,0,0,0,0,0
"Initial Heating Solution[Blenio,DH,VeryHigh,DFH,PVyes]",0,0,0,0,0,0,0,0,0,0,0,0,0,0,0
"Initial Heating Solution[Blenio,DH,VeryHigh,MFH,PVno]",0.0154147,0.0154147,0.0154147,0.0154147,0.0154147,0.0154147,0.0154147,0.0154147,0.0154147,0.0154147,0.0154147,0.0154147,0.0154147,0.0154147,0.0154147
"Initial Heating Solution[Blenio,DH,VeryHigh,MFH,PVyes]",0,0,0,0,0,0,0,0,0,0,0,0,0,0,0
"Initial Heating Solution[Blenio,DH,VeryHigh,SFH,PVno]",0.156155,0.156155,0.156155,0.156155,0.156155,0.156155,0.156155,0.156155,0.156155,0.156155,0.156155,0.156155,0.156155,0.156155,0.156155
"Initial Heating Solution[Blenio,DH,VeryHigh,SFH,PVyes]",0,0,0,0,0,0,0,0,0,0,0,0,0,0,0
"Initial Heating Solution[Blenio,ElectricHeater,VeryLow,DFH,PVno]",160.524,160.524,160.524,160.524,160.524,160.524,160.524,160.524,160.524,160.524,160.524,160.524,160.524,160.524,160.524
"Initial Heating Solution[Blenio,ElectricHeater,VeryLow,DFH,PVyes]",0,0,0,0,0,0,0,0,0,0,0,0,0,0,0
"Initial Heating Solution[Blenio,ElectricHeater,VeryLow,MFH,PVno]",63.5233,63.5233,63.5233,63.5233,63.5233,63.5233,63.5233,63.5233,63.5233,63.5233,63.5233,63.5233,63.5233,63.5233,63.5233
"Initial Heating Solution[Blenio,ElectricHeater,VeryLow,MFH,PVyes]",0,0,0,0,0,0,0,0,0,0,0,0,0,0,0
"Initial Heating Solution[Blenio,ElectricHeater,VeryLow,SFH,PVno]",627.365,627.365,627.365,627.365,627.365,627.365,627.365,627.365,627.365,627.365,627.365,627.365,627.365,627.365,627.365
"Initial Heating Solution[Blenio,ElectricHeater,VeryLow,SFH,PVyes]",0,0,0,0,0,0,0,0,0,0,0,0,0,0,0
"Initial Heating Solution[Blenio,ElectricHeater,Low,DFH,PVno]",18.2319,18.2319,18.2319,18.2319,18.2319,18.2319,18.2319,18.2319,18.2319,18.2319,18.2319,18.2319,18.2319,18.2319,18.2319
"Initial Heating Solution[Blenio,ElectricHeater,Low,DFH,PVyes]",0,0,0,0,0,0,0,0,0,0,0,0,0,0,0
"Initial Heating Solution[Blenio,ElectricHeater,Low,MFH,PVno]",1.91736,1.91736,1.91736,1.91736,1.91736,1.91736,1.91736,1.91736,1.91736,1.91736,1.91736,1.91736,1.91736,1.91736,1.91736
"Initial Heating Solution[Blenio,ElectricHeater,Low,MFH,PVyes]",0,0,0,0,0,0,0,0,0,0,0,0,0,0,0
"Initial Heating Solution[Blenio,ElectricHeater,Low,SFH,PVno]",394.446,394.446,394.446,394.446,394.446,394.446,394.446,394.446,394.446,394.446,394.446,394.446,394.446,394.446,394.446
"Initial Heating Solution[Blenio,ElectricHeater,Low,SFH,PVyes]",0,0,0,0,0,0,0,0,0,0,0,0,0,0,0
"Initial Heating Solution[Blenio,ElectricHeater,Moderate,DFH,PVno]",3.0893,3.0893,3.0893,3.0893,3.0893,3.0893,3.0893,3.0893,3.0893,3.0893,3.0893,3.0893,3.0893,3.0893,3.0893
"Initial Heating Solution[Blenio,ElectricHeater,Moderate,DFH,PVyes]",0,0,0,0,0,0,0,0,0,0,0,0,0,0,0
"Initial Heating Solution[Blenio,ElectricHeater,Moderate,MFH,PVno]",0.503389,0.503389,0.503389,0.503389,0.503389,0.503389,0.503389,0.503389,0.503389,0.503389,0.503389,0.503389,0.503389,0.503389,0.503389
"Initial Heating Solution[Blenio,ElectricHeater,Moderate,MFH,PVyes]",0,0,0,0,0,0,0,0,0,0,0,0,0,0,0
"Initial Heating Solution[Blenio,ElectricHeater,Moderate,SFH,PVno]",64.4061,64.4061,64.4061,64.4061,64.4061,64.4061,64.4061,64.4061,64.4061,64.4061,64.4061,64.4061,64.4061,64.4061,64.4061
"Initial Heating Solution[Blenio,ElectricHeater,Moderate,SFH,PVyes]",0,0,0,0,0,0,0,0,0,0,0,0,0,0,0
"Initial Heating Solution[Blenio,ElectricHeater,High,DFH,PVno]",1.07766,1.07766,1.07766,1.07766,1.07766,1.07766,1.07766,1.07766,1.07766,1.07766,1.07766,1.07766,1.07766,1.07766,1.07766
"Initial Heating Solution[Blenio,ElectricHeater,High,DFH,PVyes]",0,0,0,0,0,0,0,0,0,0,0,0,0,0,0
"Initial Heating Solution[Blenio,ElectricHeater,High,MFH,PVno]",0.251903,0.251903,0.251903,0.251903,0.251903,0.251903,0.251903,0.251903,0.251903,0.251903,0.251903,0.251903,0.251903,0.251903,0.251903
"Initial Heating Solution[Blenio,ElectricHeater,High,MFH,PVyes]",0,0,0,0,0,0,0,0,0,0,0,0,0,0,0
"Initial Heating Solution[Blenio,ElectricHeater,High,SFH,PVno]",32.4873,32.4873,32.4873,32.4873,32.4873,32.4873,32.4873,32.4873,32.4873,32.4873,32.4873,32.4873,32.4873,32.4873,32.4873
"Initial Heating Solution[Blenio,ElectricHeater,High,SFH,PVyes]",0,0,0,0,0,0,0,0,0,0,0,0,0,0,0
"Initial Heating Solution[Blenio,ElectricHeater,VeryHigh,DFH,PVno]",0.0239103,0.0239103,0.0239103,0.0239103,0.0239103,0.0239103,0.0239103,0.0239103,0.0239103,0.0239103,0.0239103,0.0239103,0.0239103,0.0239103,0.0239103
"Initial Heating Solution[Blenio,ElectricHeater,VeryHigh,DFH,PVyes]",0,0,0,0,0,0,0,0,0,0,0,0,0,0,0
"Initial Heating Solution[Blenio,ElectricHeater,VeryHigh,MFH,PVno]",0.0239103,0.0239103,0.0239103,0.0239103,0.0239103,0.0239103,0.0239103,0.0239103,0.0239103,0.0239103,0.0239103,0.0239103,0.0239103,0.0239103,0.0239103
"Initial Heating Solution[Blenio,ElectricHeater,VeryHigh,MFH,PVyes]",0,0,0,0,0,0,0,0,0,0,0,0,0,0,0
"Initial Heating Solution[Blenio,ElectricHeater,VeryHigh,SFH,PVno]",2.54328,2.54328,2.54328,2.54328,2.54328,2.54328,2.54328,2.54328,2.54328,2.54328,2.54328,2.54328,2.54328,2.54328,2.54328
"Initial Heating Solution[Blenio,ElectricHeater,VeryHigh,SFH,PVyes]",0,0,0,0,0,0,0,0,0,0,0,0,0,0,0
"Initial Heating Solution[Blenio,Gas,VeryLow,DFH,PVno]",0.514702,0.514702,0.514702,0.514702,0.514702,0.514702,0.514702,0.514702,0.514702,0.514702,0.514702,0.514702,0.514702,0.514702,0.514702
"Initial Heating Solution[Blenio,Gas,VeryLow,DFH,PVyes]",0,0,0,0,0,0,0,0,0,0,0,0,0,0,0
"Initial Heating Solution[Blenio,Gas,VeryLow,MFH,PVno]",2.02711,2.02711,2.02711,2.02711,2.02711,2.02711,2.02711,2.02711,2.02711,2.02711,2.02711,2.02711,2.02711,2.02711,2.02711
"Initial Heating Solution[Blenio,Gas,VeryLow,MFH,PVyes]",0,0,0,0,0,0,0,0,0,0,0,0,0,0,0
"Initial Heating Solution[Blenio,Gas,VeryLow,SFH,PVno]",36.286,36.286,36.286,36.286,36.286,36.286,36.286,36.286,36.286,36.286,36.286,36.286,36.286,36.286,36.286
"Initial Heating Solution[Blenio,Gas,VeryLow,SFH,PVyes]",0,0,0,0,0,0,0,0,0,0,0,0,0,0,0
"Initial Heating Solution[Blenio,Gas,Low,DFH,PVno]",0.00416755,0.00416755,0.00416755,0.00416755,0.00416755,0.00416755,0.00416755,0.00416755,0.00416755,0.00416755,0.00416755,0.00416755,0.00416755,0.00416755,0.00416755
"Initial Heating Solution[Blenio,Gas,Low,DFH,PVyes]",0,0,0,0,0,0,0,0,0,0,0,0,0,0,0
"Initial Heating Solution[Blenio,Gas,Low,MFH,PVno]",0.0479371,0.0479371,0.0479371,0.0479371,0.0479371,0.0479371,0.0479371,0.0479371,0.0479371,0.0479371,0.0479371,0.0479371,0.0479371,0.0479371,0.0479371
"Initial Heating Solution[Blenio,Gas,Low,MFH,PVyes]",0,0,0,0,0,0,0,0,0,0,0,0,0,0,0
"Initial Heating Solution[Blenio,Gas,Low,SFH,PVno]",15.9602,15.9602,15.9602,15.9602,15.9602,15.9602,15.9602,15.9602,15.9602,15.9602,15.9602,15.9602,15.9602,15.9602,15.9602
"Initial Heating Solution[Blenio,Gas,Low,SFH,PVyes]",0,0,0,0,0,0,0,0,0,0,0,0,0,0,0
"Initial Heating Solution[Blenio,Gas,Moderate,DFH,PVno]",1.06158E-05,1.06158E-05,1.06158E-05,1.06158E-05,1.06158E-05,1.06158E-05,1.06158E-05,1.06158E-05,1.06158E-05,1.06158E-05,1.06158E-05,1.06158E-05,1.06158E-05,1.06158E-05,1.06158E-05
"Initial Heating Solution[Blenio,Gas,Moderate,DFH,PVyes]",0,0,0,0,0,0,0,0,0,0,0,0,0,0,0
"Initial Heating Solution[Blenio,Gas,Moderate,MFH,PVno]",0.000450354,0.000450354,0.000450354,0.000450354,0.000450354,0.000450354,0.000450354,0.000450354,0.000450354,0.000450354,0.000450354,0.000450354,0.000450354,0.000450354,0.000450354
"Initial Heating Solution[Blenio,Gas,Moderate,MFH,PVyes]",0,0,0,0,0,0,0,0,0,0,0,0,0,0,0
"Initial Heating Solution[Blenio,Gas,Moderate,SFH,PVno]",1.39621,1.39621,1.39621,1.39621,1.39621,1.39621,1.39621,1.39621,1.39621,1.39621,1.39621,1.39621,1.39621,1.39621,1.39621
"Initial Heating Solution[Blenio,Gas,Moderate,SFH,PVyes]",0,0,0,0,0,0,0,0,0,0,0,0,0,0,0
"Initial Heating Solution[Blenio,Gas,High,DFH,PVno]",2.65667E-07,2.65667E-07,2.65667E-07,2.65667E-07,2.65667E-07,2.65667E-07,2.65667E-07,2.65667E-07,2.65667E-07,2.65667E-07,2.65667E-07,2.65667E-07,2.65667E-07,2.65667E-07,2.65667E-07
"Initial Heating Solution[Blenio,Gas,High,DFH,PVyes]",0,0,0,0,0,0,0,0,0,0,0,0,0,0,0
"Initial Heating Solution[Blenio,Gas,High,MFH,PVno]",2.33187E-05,2.33187E-05,2.33187E-05,2.33187E-05,2.33187E-05,2.33187E-05,2.33187E-05,2.33187E-05,2.33187E-05,2.33187E-05,2.33187E-05,2.33187E-05,2.33187E-05,2.33187E-05,2.33187E-05
"Initial Heating Solution[Blenio,Gas,High,MFH,PVyes]",0,0,0,0,0,0,0,0,0,0,0,0,0,0,0
"Initial Heating Solution[Blenio,Gas,High,SFH,PVno]",0.671975,0.671975,0.671975,0.671975,0.671975,0.671975,0.671975,0.671975,0.671975,0.671975,0.671975,0.671975,0.671975,0.671975,0.671975
"Initial Heating Solution[Blenio,Gas,High,SFH,PVyes]",0,0,0,0,0,0,0,0,0,0,0,0,0,0,0
"Initial Heating Solution[Blenio,Gas,VeryHigh,DFH,PVno]",0,0,0,0,0,0,0,0,0,0,0,0,0,0,0
"Initial Heating Solution[Blenio,Gas,VeryHigh,DFH,PVyes]",0,0,0,0,0,0,0,0,0,0,0,0,0,0,0
"Initial Heating Solution[Blenio,Gas,VeryHigh,MFH,PVno]",0,0,0,0,0,0,0,0,0,0,0,0,0,0,0
"Initial Heating Solution[Blenio,Gas,VeryHigh,MFH,PVyes]",0,0,0,0,0,0,0,0,0,0,0,0,0,0,0
"Initial Heating Solution[Blenio,Gas,VeryHigh,SFH,PVno]",0.167968,0.167968,0.167968,0.167968,0.167968,0.167968,0.167968,0.167968,0.167968,0.167968,0.167968,0.167968,0.167968,0.167968,0.167968
"Initial Heating Solution[Blenio,Gas,VeryHigh,SFH,PVyes]",0,0,0,0,0,0,0,0,0,0,0,0,0,0,0
"Initial Heating Solution[Blenio,HPST,VeryLow,DFH,PVno]",0,0,0,0,0,0,0,0,0,0,0,0,0,0,0
"Initial Heating Solution[Blenio,HPST,VeryLow,DFH,PVyes]",0,0,0,0,0,0,0,0,0,0,0,0,0,0,0
"Initial Heating Solution[Blenio,HPST,VeryLow,MFH,PVno]",0,0,0,0,0,0,0,0,0,0,0,0,0,0,0
"Initial Heating Solution[Blenio,HPST,VeryLow,MFH,PVyes]",0,0,0,0,0,0,0,0,0,0,0,0,0,0,0
"Initial Heating Solution[Blenio,HPST,VeryLow,SFH,PVno]",1.49602,1.49602,1.49602,1.49602,1.49602,1.49602,1.49602,1.49602,1.49602,1.49602,1.49602,1.49602,1.49602,1.49602,1.49602
"Initial Heating Solution[Blenio,HPST,VeryLow,SFH,PVyes]",0,0,0,0,0,0,0,0,0,0,0,0,0,0,0
"Initial Heating Solution[Blenio,HPST,Low,DFH,PVno]",0,0,0,0,0,0,0,0,0,0,0,0,0,0,0
"Initial Heating Solution[Blenio,HPST,Low,DFH,PVyes]",0,0,0,0,0,0,0,0,0,0,0,0,0,0,0
"Initial Heating Solution[Blenio,HPST,Low,MFH,PVno]",1.04539,1.04539,1.04539,1.04539,1.04539,1.04539,1.04539,1.04539,1.04539,1.04539,1.04539,1.04539,1.04539,1.04539,1.04539
"Initial Heating Solution[Blenio,HPST,Low,MFH,PVyes]",0,0,0,0,0,0,0,0,0,0,0,0,0,0,0
"Initial Heating Solution[Blenio,HPST,Low,SFH,PVno]",3.22284,3.22284,3.22284,3.22284,3.22284,3.22284,3.22284,3.22284,3.22284,3.22284,3.22284,3.22284,3.22284,3.22284,3.22284
"Initial Heating Solution[Blenio,HPST,Low,SFH,PVyes]",0,0,0,0,0,0,0,0,0,0,0,0,0,0,0
"Initial Heating Solution[Blenio,HPST,Moderate,DFH,PVno]",0,0,0,0,0,0,0,0,0,0,0,0,0,0,0
"Initial Heating Solution[Blenio,HPST,Moderate,DFH,PVyes]",0,0,0,0,0,0,0,0,0,0,0,0,0,0,0
"Initial Heating Solution[Blenio,HPST,Moderate,MFH,PVno]",0.500082,0.500082,0.500082,0.500082,0.500082,0.500082,0.500082,0.500082,0.500082,0.500082,0.500082,0.500082,0.500082,0.500082,0.500082
"Initial Heating Solution[Blenio,HPST,Moderate,MFH,PVyes]",0,0,0,0,0,0,0,0,0,0,0,0,0,0,0
"Initial Heating Solution[Blenio,HPST,Moderate,SFH,PVno]",2.78888,2.78888,2.78888,2.78888,2.78888,2.78888,2.78888,2.78888,2.78888,2.78888,2.78888,2.78888,2.78888,2.78888,2.78888
"Initial Heating Solution[Blenio,HPST,Moderate,SFH,PVyes]",0,0,0,0,0,0,0,0,0,0,0,0,0,0,0
"Initial Heating Solution[Blenio,HPST,High,DFH,PVno]",0,0,0,0,0,0,0,0,0,0,0,0,0,0,0
"Initial Heating Solution[Blenio,HPST,High,DFH,PVyes]",0,0,0,0,0,0,0,0,0,0,0,0,0,0,0
"Initial Heating Solution[Blenio,HPST,High,MFH,PVno]",0.285946,0.285946,0.285946,0.285946,0.285946,0.285946,0.285946,0.285946,0.285946,0.285946,0.285946,0.285946,0.285946,0.285946,0.285946
"Initial Heating Solution[Blenio,HPST,High,MFH,PVyes]",0,0,0,0,0,0,0,0,0,0,0,0,0,0,0
"Initial Heating Solution[Blenio,HPST,High,SFH,PVno]",2.91226,2.91226,2.91226,2.91226,2.91226,2.91226,2.91226,2.91226,2.91226,2.91226,2.91226,2.91226,2.91226,2.91226,2.91226
"Initial Heating Solution[Blenio,HPST,High,SFH,PVyes]",0,0,0,0,0,0,0,0,0,0,0,0,0,0,0
"Initial Heating Solution[Blenio,HPST,VeryHigh,DFH,PVno]",0,0,0,0,0,0,0,0,0,0,0,0,0,0,0
"Initial Heating Solution[Blenio,HPST,VeryHigh,DFH,PVyes]",0,0,0,0,0,0,0,0,0,0,0,0,0,0,0
"Initial Heating Solution[Blenio,HPST,VeryHigh,MFH,PVno]",0.0398647,0.0398647,0.0398647,0.0398647,0.0398647,0.0398647,0.0398647,0.0398647,0.0398647,0.0398647,0.0398647,0.0398647,0.0398647,0.0398647,0.0398647
"Initial Heating Solution[Blenio,HPST,VeryHigh,MFH,PVyes]",0,0,0,0,0,0,0,0,0,0,0,0,0,0,0
"Initial Heating Solution[Blenio,HPST,VeryHigh,SFH,PVno]",0.807678,0.807678,0.807678,0.807678,0.807678,0.807678,0.807678,0.807678,0.807678,0.807678,0.807678,0.807678,0.807678,0.807678,0.807678
"Initial Heating Solution[Blenio,HPST,VeryHigh,SFH,PVyes]",0,0,0,0,0,0,0,0,0,0,0,0,0,0,0
"Initial Heating Solution[Blenio,HeatPump,VeryLow,DFH,PVno]",8.55948,8.55948,8.55948,8.55948,8.55948,8.55948,8.55948,8.55948,8.55948,8.55948,8.55948,8.55948,8.55948,8.55948,8.55948
"Initial Heating Solution[Blenio,HeatPump,VeryLow,DFH,PVyes]",0,0,0,0,0,0,0,0,0,0,0,0,0,0,0
"Initial Heating Solution[Blenio,HeatPump,VeryLow,MFH,PVno]",7.43292,7.43292,7.43292,7.43292,7.43292,7.43292,7.43292,7.43292,7.43292,7.43292,7.43292,7.43292,7.43292,7.43292,7.43292
"Initial Heating Solution[Blenio,HeatPump,VeryLow,MFH,PVyes]",0,0,0,0,0,0,0,0,0,0,0,0,0,0,0
"Initial Heating Solution[Blenio,HeatPump,VeryLow,SFH,PVno]",24.3832,24.3832,24.3832,24.3832,24.3832,24.3832,24.3832,24.3832,24.3832,24.3832,24.3832,24.3832,24.3832,24.3832,24.3832
"Initial Heating Solution[Blenio,HeatPump,VeryLow,SFH,PVyes]",0,0,0,0,0,0,0,0,0,0,0,0,0,0,0
"Initial Heating Solution[Blenio,HeatPump,Low,DFH,PVno]",3.13243,3.13243,3.13243,3.13243,3.13243,3.13243,3.13243,3.13243,3.13243,3.13243,3.13243,3.13243,3.13243,3.13243,3.13243
"Initial Heating Solution[Blenio,HeatPump,Low,DFH,PVyes]",0,0,0,0,0,0,0,0,0,0,0,0,0,0,0
"Initial Heating Solution[Blenio,HeatPump,Low,MFH,PVno]",0.0520731,0.0520731,0.0520731,0.0520731,0.0520731,0.0520731,0.0520731,0.0520731,0.0520731,0.0520731,0.0520731,0.0520731,0.0520731,0.0520731,0.0520731
"Initial Heating Solution[Blenio,HeatPump,Low,MFH,PVyes]",0,0,0,0,0,0,0,0,0,0,0,0,0,0,0
"Initial Heating Solution[Blenio,HeatPump,Low,SFH,PVno]",27.8376,27.8376,27.8376,27.8376,27.8376,27.8376,27.8376,27.8376,27.8376,27.8376,27.8376,27.8376,27.8376,27.8376,27.8376
"Initial Heating Solution[Blenio,HeatPump,Low,SFH,PVyes]",0,0,0,0,0,0,0,0,0,0,0,0,0,0,0
"Initial Heating Solution[Blenio,HeatPump,Moderate,DFH,PVno]",0.929468,0.929468,0.929468,0.929468,0.929468,0.929468,0.929468,0.929468,0.929468,0.929468,0.929468,0.929468,0.929468,0.929468,0.929468
"Initial Heating Solution[Blenio,HeatPump,Moderate,DFH,PVyes]",0,0,0,0,0,0,0,0,0,0,0,0,0,0,0
"Initial Heating Solution[Blenio,HeatPump,Moderate,MFH,PVno]",0.000123192,0.000123192,0.000123192,0.000123192,0.000123192,0.000123192,0.000123192,0.000123192,0.000123192,0.000123192,0.000123192,0.000123192,0.000123192,0.000123192,0.000123192
"Initial Heating Solution[Blenio,HeatPump,Moderate,MFH,PVyes]",0,0,0,0,0,0,0,0,0,0,0,0,0,0,0
"Initial Heating Solution[Blenio,HeatPump,Moderate,SFH,PVno]",16.6032,16.6032,16.6032,16.6032,16.6032,16.6032,16.6032,16.6032,16.6032,16.6032,16.6032,16.6032,16.6032,16.6032,16.6032
"Initial Heating Solution[Blenio,HeatPump,Moderate,SFH,PVyes]",0,0,0,0,0,0,0,0,0,0,0,0,0,0,0
"Initial Heating Solution[Blenio,HeatPump,High,DFH,PVno]",0.43772,0.43772,0.43772,0.43772,0.43772,0.43772,0.43772,0.43772,0.43772,0.43772,0.43772,0.43772,0.43772,0.43772,0.43772
"Initial Heating Solution[Blenio,HeatPump,High,DFH,PVyes]",0,0,0,0,0,0,0,0,0,0,0,0,0,0,0
"Initial Heating Solution[Blenio,HeatPump,High,MFH,PVno]",2.97534E-06,2.97534E-06,2.97534E-06,2.97534E-06,2.97534E-06,2.97534E-06,2.97534E-06,2.97534E-06,2.97534E-06,2.97534E-06,2.97534E-06,2.97534E-06,2.97534E-06,2.97534E-06,2.97534E-06
"Initial Heating Solution[Blenio,HeatPump,High,MFH,PVyes]",0,0,0,0,0,0,0,0,0,0,0,0,0,0,0
"Initial Heating Solution[Blenio,HeatPump,High,SFH,PVno]",17.4169,17.4169,17.4169,17.4169,17.4169,17.4169,17.4169,17.4169,17.4169,17.4169,17.4169,17.4169,17.4169,17.4169,17.4169
"Initial Heating Solution[Blenio,HeatPump,High,SFH,PVyes]",0,0,0,0,0,0,0,0,0,0,0,0,0,0,0
"Initial Heating Solution[Blenio,HeatPump,VeryHigh,DFH,PVno]",0.0398647,0.0398647,0.0398647,0.0398647,0.0398647,0.0398647,0.0398647,0.0398647,0.0398647,0.0398647,0.0398647,0.0398647,0.0398647,0.0398647,0.0398647
"Initial Heating Solution[Blenio,HeatPump,VeryHigh,DFH,PVyes]",0,0,0,0,0,0,0,0,0,0,0,0,0,0,0
"Initial Heating Solution[Blenio,HeatPump,VeryHigh,MFH,PVno]",0,0,0,0,0,0,0,0,0,0,0,0,0,0,0
"Initial Heating Solution[Blenio,HeatPump,VeryHigh,MFH,PVyes]",0,0,0,0,0,0,0,0,0,0,0,0,0,0,0
"Initial Heating Solution[Blenio,HeatPump,VeryHigh,SFH,PVno]",5.45182,5.45182,5.45182,5.45182,5.45182,5.45182,5.45182,5.45182,5.45182,5.45182,5.45182,5.45182,5.45182,5.45182,5.45182
"Initial Heating Solution[Blenio,HeatPump,VeryHigh,SFH,PVyes]",0,0,0,0,0,0,0,0,0,0,0,0,0,0,0
"Initial Heating Solution[Blenio,Oil,VeryLow,DFH,PVno]",179.477,179.477,179.477,179.477,179.477,179.477,179.477,179.477,179.477,179.477,179.477,179.477,179.477,179.477,179.477
"Initial Heating Solution[Blenio,Oil,VeryLow,DFH,PVyes]",0,0,0,0,0,0,0,0,0,0,0,0,0,0,0
"Initial Heating Solution[Blenio,Oil,VeryLow,MFH,PVno]",88.2943,88.2943,88.2943,88.2943,88.2943,88.2943,88.2943,88.2943,88.2943,88.2943,88.2943,88.2943,88.2943,88.2943,88.2943
"Initial Heating Solution[Blenio,Oil,VeryLow,MFH,PVyes]",0,0,0,0,0,0,0,0,0,0,0,0,0,0,0
"Initial Heating Solution[Blenio,Oil,VeryLow,SFH,PVno]",914.001,914.001,914.001,914.001,914.001,914.001,914.001,914.001,914.001,914.001,914.001,914.001,914.001,914.001,914.001
"Initial Heating Solution[Blenio,Oil,VeryLow,SFH,PVyes]",0.756564,0.756564,0.756564,0.756564,0.756564,0.756564,0.756564,0.756564,0.756564,0.756564,0.756564,0.756564,0.756564,0.756564,0.756564
"Initial Heating Solution[Blenio,Oil,Low,DFH,PVno]",21.2026,21.2026,21.2026,21.2026,21.2026,21.2026,21.2026,21.2026,21.2026,21.2026,21.2026,21.2026,21.2026,21.2026,21.2026
"Initial Heating Solution[Blenio,Oil,Low,DFH,PVyes]",0,0,0,0,0,0,0,0,0,0,0,0,0,0,0
"Initial Heating Solution[Blenio,Oil,Low,MFH,PVno]",5.81857,5.81857,5.81857,5.81857,5.81857,5.81857,5.81857,5.81857,5.81857,5.81857,5.81857,5.81857,5.81857,5.81857,5.81857
"Initial Heating Solution[Blenio,Oil,Low,MFH,PVyes]",0,0,0,0,0,0,0,0,0,0,0,0,0,0,0
"Initial Heating Solution[Blenio,Oil,Low,SFH,PVno]",588.7,588.7,588.7,588.7,588.7,588.7,588.7,588.7,588.7,588.7,588.7,588.7,588.7,588.7,588.7
"Initial Heating Solution[Blenio,Oil,Low,SFH,PVyes]",0.234903,0.234903,0.234903,0.234903,0.234903,0.234903,0.234903,0.234903,0.234903,0.234903,0.234903,0.234903,0.234903,0.234903,0.234903
"Initial Heating Solution[Blenio,Oil,Moderate,DFH,PVno]",3.78673,3.78673,3.78673,3.78673,3.78673,3.78673,3.78673,3.78673,3.78673,3.78673,3.78673,3.78673,3.78673,3.78673,3.78673
"Initial Heating Solution[Blenio,Oil,Moderate,DFH,PVyes]",0,0,0,0,0,0,0,0,0,0,0,0,0,0,0
"Initial Heating Solution[Blenio,Oil,Moderate,MFH,PVno]",1.08351,1.08351,1.08351,1.08351,1.08351,1.08351,1.08351,1.08351,1.08351,1.08351,1.08351,1.08351,1.08351,1.08351,1.08351
"Initial Heating Solution[Blenio,Oil,Moderate,MFH,PVyes]",0,0,0,0,0,0,0,0,0,0,0,0,0,0,0
"Initial Heating Solution[Blenio,Oil,Moderate,SFH,PVno]",73.0977,73.0977,73.0977,73.0977,73.0977,73.0977,73.0977,73.0977,73.0977,73.0977,73.0977,73.0977,73.0977,73.0977,73.0977
"Initial Heating Solution[Blenio,Oil,Moderate,SFH,PVyes]",0.00778561,0.00778561,0.00778561,0.00778561,0.00778561,0.00778561,0.00778561,0.00778561,0.00778561,0.00778561,0.00778561,0.00778561,0.00778561,0.00778561,0.00778561
"Initial Heating Solution[Blenio,Oil,High,DFH,PVno]",1.47289,1.47289,1.47289,1.47289,1.47289,1.47289,1.47289,1.47289,1.47289,1.47289,1.47289,1.47289,1.47289,1.47289,1.47289
"Initial Heating Solution[Blenio,Oil,High,DFH,PVyes]",0,0,0,0,0,0,0,0,0,0,0,0,0,0,0
"Initial Heating Solution[Blenio,Oil,High,MFH,PVno]",0.44329,0.44329,0.44329,0.44329,0.44329,0.44329,0.44329,0.44329,0.44329,0.44329,0.44329,0.44329,0.44329,0.44329,0.44329
"Initial Heating Solution[Blenio,Oil,High,MFH,PVyes]",0,0,0,0,0,0,0,0,0,0,0,0,0,0,0
"Initial Heating Solution[Blenio,Oil,High,SFH,PVno]",34.5648,34.5648,34.5648,34.5648,34.5648,34.5648,34.5648,34.5648,34.5648,34.5648,34.5648,34.5648,34.5648,34.5648,34.5648
"Initial Heating Solution[Blenio,Oil,High,SFH,PVyes]",0.000747136,0.000747136,0.000747136,0.000747136,0.000747136,0.000747136,0.000747136,0.000747136,0.000747136,0.000747136,0.000747136,0.000747136,0.000747136,0.000747136,0.000747136
"Initial Heating Solution[Blenio,Oil,VeryHigh,DFH,PVno]",0.0741868,0.0741868,0.0741868,0.0741868,0.0741868,0.0741868,0.0741868,0.0741868,0.0741868,0.0741868,0.0741868,0.0741868,0.0741868,0.0741868,0.0741868
"Initial Heating Solution[Blenio,Oil,VeryHigh,DFH,PVyes]",0,0,0,0,0,0,0,0,0,0,0,0,0,0,0
"Initial Heating Solution[Blenio,Oil,VeryHigh,MFH,PVno]",0.0273274,0.0273274,0.0273274,0.0273274,0.0273274,0.0273274,0.0273274,0.0273274,0.0273274,0.0273274,0.0273274,0.0273274,0.0273274,0.0273274,0.0273274
"Initial Heating Solution[Blenio,Oil,VeryHigh,MFH,PVyes]",0,0,0,0,0,0,0,0,0,0,0,0,0,0,0
"Initial Heating Solution[Blenio,Oil,VeryHigh,SFH,PVno]",3.13042,3.13042,3.13042,3.13042,3.13042,3.13042,3.13042,3.13042,3.13042,3.13042,3.13042,3.13042,3.13042,3.13042,3.13042
"Initial Heating Solution[Blenio,Oil,VeryHigh,SFH,PVyes]",0,0,0,0,0,0,0,0,0,0,0,0,0,0,0
"Initial Heating Solution[Blenio,OilST,VeryLow,DFH,PVno]",0,0,0,0,0,0,0,0,0,0,0,0,0,0,0
"Initial Heating Solution[Blenio,OilST,VeryLow,DFH,PVyes]",0,0,0,0,0,0,0,0,0,0,0,0,0,0,0
"Initial Heating Solution[Blenio,OilST,VeryLow,MFH,PVno]",0,0,0,0,0,0,0,0,0,0,0,0,0,0,0
"Initial Heating Solution[Blenio,OilST,VeryLow,MFH,PVyes]",0,0,0,0,0,0,0,0,0,0,0,0,0,0,0
"Initial Heating Solution[Blenio,OilST,VeryLow,SFH,PVno]",3.73983,3.73983,3.73983,3.73983,3.73983,3.73983,3.73983,3.73983,3.73983,3.73983,3.73983,3.73983,3.73983,3.73983,3.73983
"Initial Heating Solution[Blenio,OilST,VeryLow,SFH,PVyes]",0,0,0,0,0,0,0,0,0,0,0,0,0,0,0
"Initial Heating Solution[Blenio,OilST,Low,DFH,PVno]",0,0,0,0,0,0,0,0,0,0,0,0,0,0,0
"Initial Heating Solution[Blenio,OilST,Low,DFH,PVyes]",0,0,0,0,0,0,0,0,0,0,0,0,0,0,0
"Initial Heating Solution[Blenio,OilST,Low,MFH,PVno]",0,0,0,0,0,0,0,0,0,0,0,0,0,0,0
"Initial Heating Solution[Blenio,OilST,Low,MFH,PVyes]",0,0,0,0,0,0,0,0,0,0,0,0,0,0,0
"Initial Heating Solution[Blenio,OilST,Low,SFH,PVno]",4.90709,4.90709,4.90709,4.90709,4.90709,4.90709,4.90709,4.90709,4.90709,4.90709,4.90709,4.90709,4.90709,4.90709,4.90709
"Initial Heating Solution[Blenio,OilST,Low,SFH,PVyes]",0,0,0,0,0,0,0,0,0,0,0,0,0,0,0
"Initial Heating Solution[Blenio,OilST,Moderate,DFH,PVno]",0,0,0,0,0,0,0,0,0,0,0,0,0,0,0
"Initial Heating Solution[Blenio,OilST,Moderate,DFH,PVyes]",0,0,0,0,0,0,0,0,0,0,0,0,0,0,0
"Initial Heating Solution[Blenio,OilST,Moderate,MFH,PVno]",0,0,0,0,0,0,0,0,0,0,0,0,0,0,0
"Initial Heating Solution[Blenio,OilST,Moderate,MFH,PVyes]",0,0,0,0,0,0,0,0,0,0,0,0,0,0,0
"Initial Heating Solution[Blenio,OilST,Moderate,SFH,PVno]",1.15868,1.15868,1.15868,1.15868,1.15868,1.15868,1.15868,1.15868,1.15868,1.15868,1.15868,1.15868,1.15868,1.15868,1.15868
"Initial Heating Solution[Blenio,OilST,Moderate,SFH,PVyes]",0,0,0,0,0,0,0,0,0,0,0,0,0,0,0
"Initial Heating Solution[Blenio,OilST,High,DFH,PVno]",0,0,0,0,0,0,0,0,0,0,0,0,0,0,0
"Initial Heating Solution[Blenio,OilST,High,DFH,PVyes]",0,0,0,0,0,0,0,0,0,0,0,0,0,0,0
"Initial Heating Solution[Blenio,OilST,High,MFH,PVno]",0,0,0,0,0,0,0,0,0,0,0,0,0,0,0
"Initial Heating Solution[Blenio,OilST,High,MFH,PVyes]",0,0,0,0,0,0,0,0,0,0,0,0,0,0,0
"Initial Heating Solution[Blenio,OilST,High,SFH,PVno]",0.48562,0.48562,0.48562,0.48562,0.48562,0.48562,0.48562,0.48562,0.48562,0.48562,0.48562,0.48562,0.48562,0.48562,0.48562
"Initial Heating Solution[Blenio,OilST,High,SFH,PVyes]",0,0,0,0,0,0,0,0,0,0,0,0,0,0,0
"Initial Heating Solution[Blenio,OilST,VeryHigh,DFH,PVno]",0,0,0,0,0,0,0,0,0,0,0,0,0,0,0
"Initial Heating Solution[Blenio,OilST,VeryHigh,DFH,PVyes]",0,0,0,0,0,0,0,0,0,0,0,0,0,0,0
"Initial Heating Solution[Blenio,OilST,VeryHigh,MFH,PVno]",0,0,0,0,0,0,0,0,0,0,0,0,0,0,0
"Initial Heating Solution[Blenio,OilST,VeryHigh,MFH,PVyes]",0,0,0,0,0,0,0,0,0,0,0,0,0,0,0
"Initial Heating Solution[Blenio,OilST,VeryHigh,SFH,PVno]",0,0,0,0,0,0,0,0,0,0,0,0,0,0,0
"Initial Heating Solution[Blenio,OilST,VeryHigh,SFH,PVyes]",0,0,0,0,0,0,0,0,0,0,0,0,0,0,0
"Initial Heating Solution[Blenio,Wood,VeryLow,DFH,PVno]",122.241,122.241,122.241,122.241,122.241,122.241,122.241,122.241,122.241,122.241,122.241,122.241,122.241,122.241,122.241
"Initial Heating Solution[Blenio,Wood,VeryLow,DFH,PVyes]",0,0,0,0,0,0,0,0,0,0,0,0,0,0,0
"Initial Heating Solution[Blenio,Wood,VeryLow,MFH,PVno]",21.7897,21.7897,21.7897,21.7897,21.7897,21.7897,21.7897,21.7897,21.7897,21.7897,21.7897,21.7897,21.7897,21.7897,21.7897
"Initial Heating Solution[Blenio,Wood,VeryLow,MFH,PVyes]",0,0,0,0,0,0,0,0,0,0,0,0,0,0,0
"Initial Heating Solution[Blenio,Wood,VeryLow,SFH,PVno]",888.615,888.615,888.615,888.615,888.615,888.615,888.615,888.615,888.615,888.615,888.615,888.615,888.615,888.615,888.615
"Initial Heating Solution[Blenio,Wood,VeryLow,SFH,PVyes]",0,0,0,0,0,0,0,0,0,0,0,0,0,0,0
"Initial Heating Solution[Blenio,Wood,Low,DFH,PVno]",9.37139,9.37139,9.37139,9.37139,9.37139,9.37139,9.37139,9.37139,9.37139,9.37139,9.37139,9.37139,9.37139,9.37139,9.37139
"Initial Heating Solution[Blenio,Wood,Low,DFH,PVyes]",0,0,0,0,0,0,0,0,0,0,0,0,0,0,0
"Initial Heating Solution[Blenio,Wood,Low,MFH,PVno]",0.282449,0.282449,0.282449,0.282449,0.282449,0.282449,0.282449,0.282449,0.282449,0.282449,0.282449,0.282449,0.282449,0.282449,0.282449
"Initial Heating Solution[Blenio,Wood,Low,MFH,PVyes]",0,0,0,0,0,0,0,0,0,0,0,0,0,0,0
"Initial Heating Solution[Blenio,Wood,Low,SFH,PVno]",469.629,469.629,469.629,469.629,469.629,469.629,469.629,469.629,469.629,469.629,469.629,469.629,469.629,469.629,469.629
"Initial Heating Solution[Blenio,Wood,Low,SFH,PVyes]",0,0,0,0,0,0,0,0,0,0,0,0,0,0,0
"Initial Heating Solution[Blenio,Wood,Moderate,DFH,PVno]",1.76314,1.76314,1.76314,1.76314,1.76314,1.76314,1.76314,1.76314,1.76314,1.76314,1.76314,1.76314,1.76314,1.76314,1.76314
"Initial Heating Solution[Blenio,Wood,Moderate,DFH,PVyes]",0,0,0,0,0,0,0,0,0,0,0,0,0,0,0
"Initial Heating Solution[Blenio,Wood,Moderate,MFH,PVno]",0.00183406,0.00183406,0.00183406,0.00183406,0.00183406,0.00183406,0.00183406,0.00183406,0.00183406,0.00183406,0.00183406,0.00183406,0.00183406,0.00183406,0.00183406
"Initial Heating Solution[Blenio,Wood,Moderate,MFH,PVyes]",0,0,0,0,0,0,0,0,0,0,0,0,0,0,0
"Initial Heating Solution[Blenio,Wood,Moderate,SFH,PVno]",52.4556,52.4556,52.4556,52.4556,52.4556,52.4556,52.4556,52.4556,52.4556,52.4556,52.4556,52.4556,52.4556,52.4556,52.4556
"Initial Heating Solution[Blenio,Wood,Moderate,SFH,PVyes]",0,0,0,0,0,0,0,0,0,0,0,0,0,0,0
"Initial Heating Solution[Blenio,Wood,High,DFH,PVno]",0.759618,0.759618,0.759618,0.759618,0.759618,0.759618,0.759618,0.759618,0.759618,0.759618,0.759618,0.759618,0.759618,0.759618,0.759618
"Initial Heating Solution[Blenio,Wood,High,DFH,PVyes]",0,0,0,0,0,0,0,0,0,0,0,0,0,0,0
"Initial Heating Solution[Blenio,Wood,High,MFH,PVno]",8.68676E-05,8.68676E-05,8.68676E-05,8.68676E-05,8.68676E-05,8.68676E-05,8.68676E-05,8.68676E-05,8.68676E-05,8.68676E-05,8.68676E-05,8.68676E-05,8.68676E-05,8.68676E-05,8.68676E-05
"Initial Heating Solution[Blenio,Wood,High,MFH,PVyes]",0,0,0,0,0,0,0,0,0,0,0,0,0,0,0
"Initial Heating Solution[Blenio,Wood,High,SFH,PVno]",23.405,23.405,23.405,23.405,23.405,23.405,23.405,23.405,23.405,23.405,23.405,23.405,23.405,23.405,23.405
"Initial Heating Solution[Blenio,Wood,High,SFH,PVyes]",0,0,0,0,0,0,0,0,0,0,0,0,0,0,0
"Initial Heating Solution[Blenio,Wood,VeryHigh,DFH,PVno]",0.0752406,0.0752406,0.0752406,0.0752406,0.0752406,0.0752406,0.0752406,0.0752406,0.0752406,0.0752406,0.0752406,0.0752406,0.0752406,0.0752406,0.0752406
"Initial Heating Solution[Blenio,Wood,VeryHigh,DFH,PVyes]",0,0,0,0,0,0,0,0,0,0,0,0,0,0,0
"Initial Heating Solution[Blenio,Wood,VeryHigh,MFH,PVno]",0,0,0,0,0,0,0,0,0,0,0,0,0,0,0
"Initial Heating Solution[Blenio,Wood,VeryHigh,MFH,PVyes]",0,0,0,0,0,0,0,0,0,0,0,0,0,0,0
"Initial Heating Solution[Blenio,Wood,VeryHigh,SFH,PVno]",2.47717,2.47717,2.47717,2.47717,2.47717,2.47717,2.47717,2.47717,2.47717,2.47717,2.47717,2.47717,2.47717,2.47717,2.47717
"Initial Heating Solution[Blenio,Wood,VeryHigh,SFH,PVyes]",0,0,0,0,0,0,0,0,0,0,0,0,0,0,0
"Initial Heating Solution[Blenio,WoodST,VeryLow,DFH,PVno]",0,0,0,0,0,0,0,0,0,0,0,0,0,0,0
"Initial Heating Solution[Blenio,WoodST,VeryLow,DFH,PVyes]",0,0,0,0,0,0,0,0,0,0,0,0,0,0,0
"Initial Heating Solution[Blenio,WoodST,VeryLow,MFH,PVno]",0,0,0,0,0,0,0,0,0,0,0,0,0,0,0
"Initial Heating Solution[Blenio,WoodST,VeryLow,MFH,PVyes]",0,0,0,0,0,0,0,0,0,0,0,0,0,0,0
"Initial Heating Solution[Blenio,WoodST,VeryLow,SFH,PVno]",51.3318,51.3318,51.3318,51.3318,51.3318,51.3318,51.3318,51.3318,51.3318,51.3318,51.3318,51.3318,51.3318,51.3318,51.3318
"Initial Heating Solution[Blenio,WoodST,VeryLow,SFH,PVyes]",0,0,0,0,0,0,0,0,0,0,0,0,0,0,0
"Initial Heating Solution[Blenio,WoodST,Low,DFH,PVno]",0,0,0,0,0,0,0,0,0,0,0,0,0,0,0
"Initial Heating Solution[Blenio,WoodST,Low,DFH,PVyes]",0,0,0,0,0,0,0,0,0,0,0,0,0,0,0
"Initial Heating Solution[Blenio,WoodST,Low,MFH,PVno]",0,0,0,0,0,0,0,0,0,0,0,0,0,0,0
"Initial Heating Solution[Blenio,WoodST,Low,MFH,PVyes]",0,0,0,0,0,0,0,0,0,0,0,0,0,0,0
"Initial Heating Solution[Blenio,WoodST,Low,SFH,PVno]",27.6833,27.6833,27.6833,27.6833,27.6833,27.6833,27.6833,27.6833,27.6833,27.6833,27.6833,27.6833,27.6833,27.6833,27.6833
"Initial Heating Solution[Blenio,WoodST,Low,SFH,PVyes]",0,0,0,0,0,0,0,0,0,0,0,0,0,0,0
"Initial Heating Solution[Blenio,WoodST,Moderate,DFH,PVno]",0,0,0,0,0,0,0,0,0,0,0,0,0,0,0
"Initial Heating Solution[Blenio,WoodST,Moderate,DFH,PVyes]",0,0,0,0,0,0,0,0,0,0,0,0,0,0,0
"Initial Heating Solution[Blenio,WoodST,Moderate,MFH,PVno]",0,0,0,0,0,0,0,0,0,0,0,0,0,0,0
"Initial Heating Solution[Blenio,WoodST,Moderate,MFH,PVyes]",0,0,0,0,0,0,0,0,0,0,0,0,0,0,0
"Initial Heating Solution[Blenio,WoodST,Moderate,SFH,PVno]",2.59068,2.59068,2.59068,2.59068,2.59068,2.59068,2.59068,2.59068,2.59068,2.59068,2.59068,2.59068,2.59068,2.59068,2.59068
"Initial Heating Solution[Blenio,WoodST,Moderate,SFH,PVyes]",0,0,0,0,0,0,0,0,0,0,0,0,0,0,0
"Initial Heating Solution[Blenio,WoodST,High,DFH,PVno]",0,0,0,0,0,0,0,0,0,0,0,0,0,0,0
"Initial Heating Solution[Blenio,WoodST,High,DFH,PVyes]",0,0,0,0,0,0,0,0,0,0,0,0,0,0,0
"Initial Heating Solution[Blenio,WoodST,High,MFH,PVno]",0,0,0,0,0,0,0,0,0,0,0,0,0,0,0
"Initial Heating Solution[Blenio,WoodST,High,MFH,PVyes]",0,0,0,0,0,0,0,0,0,0,0,0,0,0,0
"Initial Heating Solution[Blenio,WoodST,High,SFH,PVno]",0.724017,0.724017,0.724017,0.724017,0.724017,0.724017,0.724017,0.724017,0.724017,0.724017,0.724017,0.724017,0.724017,0.724017,0.724017
"Initial Heating Solution[Blenio,WoodST,High,SFH,PVyes]",0,0,0,0,0,0,0,0,0,0,0,0,0,0,0
"Initial Heating Solution[Blenio,WoodST,VeryHigh,DFH,PVno]",0,0,0,0,0,0,0,0,0,0,0,0,0,0,0
"Initial Heating Solution[Blenio,WoodST,VeryHigh,DFH,PVyes]",0,0,0,0,0,0,0,0,0,0,0,0,0,0,0
"Initial Heating Solution[Blenio,WoodST,VeryHigh,MFH,PVno]",0,0,0,0,0,0,0,0,0,0,0,0,0,0,0
"Initial Heating Solution[Blenio,WoodST,VeryHigh,MFH,PVyes]",0,0,0,0,0,0,0,0,0,0,0,0,0,0,0
"Initial Heating Solution[Blenio,WoodST,VeryHigh,SFH,PVno]",0,0,0,0,0,0,0,0,0,0,0,0,0,0,0
"Initial Heating Solution[Blenio,WoodST,VeryHigh,SFH,PVyes]",0,0,0,0,0,0,0,0,0,0,0,0,0,0,0
"Initial Heating Solution[Blenio,GasST,VeryLow,DFH,PVno]",0,0,0,0,0,0,0,0,0,0,0,0,0,0,0
"Initial Heating Solution[Blenio,GasST,VeryLow,DFH,PVyes]",0,0,0,0,0,0,0,0,0,0,0,0,0,0,0
"Initial Heating Solution[Blenio,GasST,VeryLow,MFH,PVno]",0,0,0,0,0,0,0,0,0,0,0,0,0,0,0
"Initial Heating Solution[Blenio,GasST,VeryLow,MFH,PVyes]",0,0,0,0,0,0,0,0,0,0,0,0,0,0,0
"Initial Heating Solution[Blenio,GasST,VeryLow,SFH,PVno]",0,0,0,0,0,0,0,0,0,0,0,0,0,0,0
"Initial Heating Solution[Blenio,GasST,VeryLow,SFH,PVyes]",0,0,0,0,0,0,0,0,0,0,0,0,0,0,0
"Initial Heating Solution[Blenio,GasST,Low,DFH,PVno]",0,0,0,0,0,0,0,0,0,0,0,0,0,0,0
"Initial Heating Solution[Blenio,GasST,Low,DFH,PVyes]",0,0,0,0,0,0,0,0,0,0,0,0,0,0,0
"Initial Heating Solution[Blenio,GasST,Low,MFH,PVno]",0,0,0,0,0,0,0,0,0,0,0,0,0,0,0
"Initial Heating Solution[Blenio,GasST,Low,MFH,PVyes]",0,0,0,0,0,0,0,0,0,0,0,0,0,0,0
"Initial Heating Solution[Blenio,GasST,Low,SFH,PVno]",0,0,0,0,0,0,0,0,0,0,0,0,0,0,0
"Initial Heating Solution[Blenio,GasST,Low,SFH,PVyes]",0,0,0,0,0,0,0,0,0,0,0,0,0,0,0
"Initial Heating Solution[Blenio,GasST,Moderate,DFH,PVno]",0,0,0,0,0,0,0,0,0,0,0,0,0,0,0
"Initial Heating Solution[Blenio,GasST,Moderate,DFH,PVyes]",0,0,0,0,0,0,0,0,0,0,0,0,0,0,0
"Initial Heating Solution[Blenio,GasST,Moderate,MFH,PVno]",0,0,0,0,0,0,0,0,0,0,0,0,0,0,0
"Initial Heating Solution[Blenio,GasST,Moderate,MFH,PVyes]",0,0,0,0,0,0,0,0,0,0,0,0,0,0,0
"Initial Heating Solution[Blenio,GasST,Moderate,SFH,PVno]",0,0,0,0,0,0,0,0,0,0,0,0,0,0,0
"Initial Heating Solution[Blenio,GasST,Moderate,SFH,PVyes]",0,0,0,0,0,0,0,0,0,0,0,0,0,0,0
"Initial Heating Solution[Blenio,GasST,High,DFH,PVno]",0,0,0,0,0,0,0,0,0,0,0,0,0,0,0
"Initial Heating Solution[Blenio,GasST,High,DFH,PVyes]",0,0,0,0,0,0,0,0,0,0,0,0,0,0,0
"Initial Heating Solution[Blenio,GasST,High,MFH,PVno]",0,0,0,0,0,0,0,0,0,0,0,0,0,0,0
"Initial Heating Solution[Blenio,GasST,High,MFH,PVyes]",0,0,0,0,0,0,0,0,0,0,0,0,0,0,0
"Initial Heating Solution[Blenio,GasST,High,SFH,PVno]",0,0,0,0,0,0,0,0,0,0,0,0,0,0,0
"Initial Heating Solution[Blenio,GasST,High,SFH,PVyes]",0,0,0,0,0,0,0,0,0,0,0,0,0,0,0
"Initial Heating Solution[Blenio,GasST,VeryHigh,DFH,PVno]",0,0,0,0,0,0,0,0,0,0,0,0,0,0,0
"Initial Heating Solution[Blenio,GasST,VeryHigh,DFH,PVyes]",0,0,0,0,0,0,0,0,0,0,0,0,0,0,0
"Initial Heating Solution[Blenio,GasST,VeryHigh,MFH,PVno]",0,0,0,0,0,0,0,0,0,0,0,0,0,0,0
"Initial Heating Solution[Blenio,GasST,VeryHigh,MFH,PVyes]",0,0,0,0,0,0,0,0,0,0,0,0,0,0,0
"Initial Heating Solution[Blenio,GasST,VeryHigh,SFH,PVno]",0,0,0,0,0,0,0,0,0,0,0,0,0,0,0
"Initial Heating Solution[Blenio,GasST,VeryHigh,SFH,PVyes]",0,0,0,0,0,0,0,0,0,0,0,0,0,0,0
"Initial Heating Solution[Blenio,Pellet,VeryLow,DFH,PVno]",34.3377,34.3377,34.3377,34.3377,34.3377,34.3377,34.3377,34.3377,34.3377,34.3377,34.3377,34.3377,34.3377,34.3377,34.3377
"Initial Heating Solution[Blenio,Pellet,VeryLow,DFH,PVyes]",0,0,0,0,0,0,0,0,0,0,0,0,0,0,0
"Initial Heating Solution[Blenio,Pellet,VeryLow,MFH,PVno]",6.12077,6.12077,6.12077,6.12077,6.12077,6.12077,6.12077,6.12077,6.12077,6.12077,6.12077,6.12077,6.12077,6.12077,6.12077
"Initial Heating Solution[Blenio,Pellet,VeryLow,MFH,PVyes]",0,0,0,0,0,0,0,0,0,0,0,0,0,0,0
"Initial Heating Solution[Blenio,Pellet,VeryLow,SFH,PVno]",249.614,249.614,249.614,249.614,249.614,249.614,249.614,249.614,249.614,249.614,249.614,249.614,249.614,249.614,249.614
"Initial Heating Solution[Blenio,Pellet,VeryLow,SFH,PVyes]",0,0,0,0,0,0,0,0,0,0,0,0,0,0,0
"Initial Heating Solution[Blenio,Pellet,Low,DFH,PVno]",2.63244,2.63244,2.63244,2.63244,2.63244,2.63244,2.63244,2.63244,2.63244,2.63244,2.63244,2.63244,2.63244,2.63244,2.63244
"Initial Heating Solution[Blenio,Pellet,Low,DFH,PVyes]",0,0,0,0,0,0,0,0,0,0,0,0,0,0,0
"Initial Heating Solution[Blenio,Pellet,Low,MFH,PVno]",0.0793406,0.0793406,0.0793406,0.0793406,0.0793406,0.0793406,0.0793406,0.0793406,0.0793406,0.0793406,0.0793406,0.0793406,0.0793406,0.0793406,0.0793406
"Initial Heating Solution[Blenio,Pellet,Low,MFH,PVyes]",0,0,0,0,0,0,0,0,0,0,0,0,0,0,0
"Initial Heating Solution[Blenio,Pellet,Low,SFH,PVno]",131.92,131.92,131.92,131.92,131.92,131.92,131.92,131.92,131.92,131.92,131.92,131.92,131.92,131.92,131.92
"Initial Heating Solution[Blenio,Pellet,Low,SFH,PVyes]",0,0,0,0,0,0,0,0,0,0,0,0,0,0,0
"Initial Heating Solution[Blenio,Pellet,Moderate,DFH,PVno]",0.495269,0.495269,0.495269,0.495269,0.495269,0.495269,0.495269,0.495269,0.495269,0.495269,0.495269,0.495269,0.495269,0.495269,0.495269
"Initial Heating Solution[Blenio,Pellet,Moderate,DFH,PVyes]",0,0,0,0,0,0,0,0,0,0,0,0,0,0,0
"Initial Heating Solution[Blenio,Pellet,Moderate,MFH,PVno]",0.00051519,0.00051519,0.00051519,0.00051519,0.00051519,0.00051519,0.00051519,0.00051519,0.00051519,0.00051519,0.00051519,0.00051519,0.00051519,0.00051519,0.00051519
"Initial Heating Solution[Blenio,Pellet,Moderate,MFH,PVyes]",0,0,0,0,0,0,0,0,0,0,0,0,0,0,0
"Initial Heating Solution[Blenio,Pellet,Moderate,SFH,PVno]",14.7349,14.7349,14.7349,14.7349,14.7349,14.7349,14.7349,14.7349,14.7349,14.7349,14.7349,14.7349,14.7349,14.7349,14.7349
"Initial Heating Solution[Blenio,Pellet,Moderate,SFH,PVyes]",0,0,0,0,0,0,0,0,0,0,0,0,0,0,0
"Initial Heating Solution[Blenio,Pellet,High,DFH,PVno]",0.213378,0.213378,0.213378,0.213378,0.213378,0.213378,0.213378,0.213378,0.213378,0.213378,0.213378,0.213378,0.213378,0.213378,0.213378
"Initial Heating Solution[Blenio,Pellet,High,DFH,PVyes]",0,0,0,0,0,0,0,0,0,0,0,0,0,0,0
"Initial Heating Solution[Blenio,Pellet,High,MFH,PVno]",2.44013E-05,2.44013E-05,2.44013E-05,2.44013E-05,2.44013E-05,2.44013E-05,2.44013E-05,2.44013E-05,2.44013E-05,2.44013E-05,2.44013E-05,2.44013E-05,2.44013E-05,2.44013E-05,2.44013E-05
"Initial Heating Solution[Blenio,Pellet,High,MFH,PVyes]",0,0,0,0,0,0,0,0,0,0,0,0,0,0,0
"Initial Heating Solution[Blenio,Pellet,High,SFH,PVno]",6.57451,6.57451,6.57451,6.57451,6.57451,6.57451,6.57451,6.57451,6.57451,6.57451,6.57451,6.57451,6.57451,6.57451,6.57451
"Initial Heating Solution[Blenio,Pellet,High,SFH,PVyes]",0,0,0,0,0,0,0,0,0,0,0,0,0,0,0
"Initial Heating Solution[Blenio,Pellet,VeryHigh,DFH,PVno]",0.0211352,0.0211352,0.0211352,0.0211352,0.0211352,0.0211352,0.0211352,0.0211352,0.0211352,0.0211352,0.0211352,0.0211352,0.0211352,0.0211352,0.0211352
"Initial Heating Solution[Blenio,Pellet,VeryHigh,DFH,PVyes]",0,0,0,0,0,0,0,0,0,0,0,0,0,0,0
"Initial Heating Solution[Blenio,Pellet,VeryHigh,MFH,PVno]",0,0,0,0,0,0,0,0,0,0,0,0,0,0,0
"Initial Heating Solution[Blenio,Pellet,VeryHigh,MFH,PVyes]",0,0,0,0,0,0,0,0,0,0,0,0,0,0,0
"Initial Heating Solution[Blenio,Pellet,VeryHigh,SFH,PVno]",0.695841,0.695841,0.695841,0.695841,0.695841,0.695841,0.695841,0.695841,0.695841,0.695841,0.695841,0.695841,0.695841,0.695841,0.695841
"Initial Heating Solution[Blenio,Pellet,VeryHigh,SFH,PVyes]",0,0,0,0,0,0,0,0,0,0,0,0,0,0,0
"Initial Heating Solution[Leventina,DH,VeryLow,DFH,PVno]",9.0071,9.0071,9.0071,9.0071,9.0071,9.0071,9.0071,9.0071,9.0071,9.0071,9.0071,9.0071,9.0071,9.0071,9.0071
"Initial Heating Solution[Leventina,DH,VeryLow,DFH,PVyes]",0,0,0,0,0,0,0,0,0,0,0,0,0,0,0
"Initial Heating Solution[Leventina,DH,VeryLow,MFH,PVno]",24.156,24.156,24.156,24.156,24.156,24.156,24.156,24.156,24.156,24.156,24.156,24.156,24.156,24.156,24.156
"Initial Heating Solution[Leventina,DH,VeryLow,MFH,PVyes]",0,0,0,0,0,0,0,0,0,0,0,0,0,0,0
"Initial Heating Solution[Leventina,DH,VeryLow,SFH,PVno]",12.5044,12.5044,12.5044,12.5044,12.5044,12.5044,12.5044,12.5044,12.5044,12.5044,12.5044,12.5044,12.5044,12.5044,12.5044
"Initial Heating Solution[Leventina,DH,VeryLow,SFH,PVyes]",0,0,0,0,0,0,0,0,0,0,0,0,0,0,0
"Initial Heating Solution[Leventina,DH,Low,DFH,PVno]",0.89758,0.89758,0.89758,0.89758,0.89758,0.89758,0.89758,0.89758,0.89758,0.89758,0.89758,0.89758,0.89758,0.89758,0.89758
"Initial Heating Solution[Leventina,DH,Low,DFH,PVyes]",0,0,0,0,0,0,0,0,0,0,0,0,0,0,0
"Initial Heating Solution[Leventina,DH,Low,MFH,PVno]",1.079,1.079,1.079,1.079,1.079,1.079,1.079,1.079,1.079,1.079,1.079,1.079,1.079,1.079,1.079
"Initial Heating Solution[Leventina,DH,Low,MFH,PVyes]",0,0,0,0,0,0,0,0,0,0,0,0,0,0,0
"Initial Heating Solution[Leventina,DH,Low,SFH,PVno]",8.52786,8.52786,8.52786,8.52786,8.52786,8.52786,8.52786,8.52786,8.52786,8.52786,8.52786,8.52786,8.52786,8.52786,8.52786
"Initial Heating Solution[Leventina,DH,Low,SFH,PVyes]",0,0,0,0,0,0,0,0,0,0,0,0,0,0,0
"Initial Heating Solution[Leventina,DH,Moderate,DFH,PVno]",0.166722,0.166722,0.166722,0.166722,0.166722,0.166722,0.166722,0.166722,0.166722,0.166722,0.166722,0.166722,0.166722,0.166722,0.166722
"Initial Heating Solution[Leventina,DH,Moderate,DFH,PVyes]",0,0,0,0,0,0,0,0,0,0,0,0,0,0,0
"Initial Heating Solution[Leventina,DH,Moderate,MFH,PVno]",0.0762511,0.0762511,0.0762511,0.0762511,0.0762511,0.0762511,0.0762511,0.0762511,0.0762511,0.0762511,0.0762511,0.0762511,0.0762511,0.0762511,0.0762511
"Initial Heating Solution[Leventina,DH,Moderate,MFH,PVyes]",0,0,0,0,0,0,0,0,0,0,0,0,0,0,0
"Initial Heating Solution[Leventina,DH,Moderate,SFH,PVno]",1.65676,1.65676,1.65676,1.65676,1.65676,1.65676,1.65676,1.65676,1.65676,1.65676,1.65676,1.65676,1.65676,1.65676,1.65676
"Initial Heating Solution[Leventina,DH,Moderate,SFH,PVyes]",0,0,0,0,0,0,0,0,0,0,0,0,0,0,0
"Initial Heating Solution[Leventina,DH,High,DFH,PVno]",0.0587217,0.0587217,0.0587217,0.0587217,0.0587217,0.0587217,0.0587217,0.0587217,0.0587217,0.0587217,0.0587217,0.0587217,0.0587217,0.0587217,0.0587217
"Initial Heating Solution[Leventina,DH,High,DFH,PVyes]",0,0,0,0,0,0,0,0,0,0,0,0,0,0,0
"Initial Heating Solution[Leventina,DH,High,MFH,PVno]",0.0140102,0.0140102,0.0140102,0.0140102,0.0140102,0.0140102,0.0140102,0.0140102,0.0140102,0.0140102,0.0140102,0.0140102,0.0140102,0.0140102,0.0140102
"Initial Heating Solution[Leventina,DH,High,MFH,PVyes]",0,0,0,0,0,0,0,0,0,0,0,0,0,0,0
"Initial Heating Solution[Leventina,DH,High,SFH,PVno]",1.03295,1.03295,1.03295,1.03295,1.03295,1.03295,1.03295,1.03295,1.03295,1.03295,1.03295,1.03295,1.03295,1.03295,1.03295
"Initial Heating Solution[Leventina,DH,High,SFH,PVyes]",0,0,0,0,0,0,0,0,0,0,0,0,0,0,0
"Initial Heating Solution[Leventina,DH,VeryHigh,DFH,PVno]",0,0,0,0,0,0,0,0,0,0,0,0,0,0,0
"Initial Heating Solution[Leventina,DH,VeryHigh,DFH,PVyes]",0,0,0,0,0,0,0,0,0,0,0,0,0,0,0
"Initial Heating Solution[Leventina,DH,VeryHigh,MFH,PVno]",0,0,0,0,0,0,0,0,0,0,0,0,0,0,0
"Initial Heating Solution[Leventina,DH,VeryHigh,MFH,PVyes]",0,0,0,0,0,0,0,0,0,0,0,0,0,0,0
"Initial Heating Solution[Leventina,DH,VeryHigh,SFH,PVno]",0.156155,0.156155,0.156155,0.156155,0.156155,0.156155,0.156155,0.156155,0.156155,0.156155,0.156155,0.156155,0.156155,0.156155,0.156155
"Initial Heating Solution[Leventina,DH,VeryHigh,SFH,PVyes]",0,0,0,0,0,0,0,0,0,0,0,0,0,0,0
"Initial Heating Solution[Leventina,ElectricHeater,VeryLow,DFH,PVno]",303.794,303.794,303.794,303.794,303.794,303.794,303.794,303.794,303.794,303.794,303.794,303.794,303.794,303.794,303.794
"Initial Heating Solution[Leventina,ElectricHeater,VeryLow,DFH,PVyes]",0,0,0,0,0,0,0,0,0,0,0,0,0,0,0
"Initial Heating Solution[Leventina,ElectricHeater,VeryLow,MFH,PVno]",139.04,139.04,139.04,139.04,139.04,139.04,139.04,139.04,139.04,139.04,139.04,139.04,139.04,139.04,139.04
"Initial Heating Solution[Leventina,ElectricHeater,VeryLow,MFH,PVyes]",0,0,0,0,0,0,0,0,0,0,0,0,0,0,0
"Initial Heating Solution[Leventina,ElectricHeater,VeryLow,SFH,PVno]",924.046,924.046,924.046,924.046,924.046,924.046,924.046,924.046,924.046,924.046,924.046,924.046,924.046,924.046,924.046
"Initial Heating Solution[Leventina,ElectricHeater,VeryLow,SFH,PVyes]",0,0,0,0,0,0,0,0,0,0,0,0,0,0,0
"Initial Heating Solution[Leventina,ElectricHeater,Low,DFH,PVno]",27.6724,27.6724,27.6724,27.6724,27.6724,27.6724,27.6724,27.6724,27.6724,27.6724,27.6724,27.6724,27.6724,27.6724,27.6724
"Initial Heating Solution[Leventina,ElectricHeater,Low,DFH,PVyes]",0,0,0,0,0,0,0,0,0,0,0,0,0,0,0
"Initial Heating Solution[Leventina,ElectricHeater,Low,MFH,PVno]",7.72186,7.72186,7.72186,7.72186,7.72186,7.72186,7.72186,7.72186,7.72186,7.72186,7.72186,7.72186,7.72186,7.72186,7.72186
"Initial Heating Solution[Leventina,ElectricHeater,Low,MFH,PVyes]",0,0,0,0,0,0,0,0,0,0,0,0,0,0,0
"Initial Heating Solution[Leventina,ElectricHeater,Low,SFH,PVno]",615.088,615.088,615.088,615.088,615.088,615.088,615.088,615.088,615.088,615.088,615.088,615.088,615.088,615.088,615.088
"Initial Heating Solution[Leventina,ElectricHeater,Low,SFH,PVyes]",0,0,0,0,0,0,0,0,0,0,0,0,0,0,0
"Initial Heating Solution[Leventina,ElectricHeater,Moderate,DFH,PVno]",3.89775,3.89775,3.89775,3.89775,3.89775,3.89775,3.89775,3.89775,3.89775,3.89775,3.89775,3.89775,3.89775,3.89775,3.89775
"Initial Heating Solution[Leventina,ElectricHeater,Moderate,DFH,PVyes]",0,0,0,0,0,0,0,0,0,0,0,0,0,0,0
"Initial Heating Solution[Leventina,ElectricHeater,Moderate,MFH,PVno]",1.06344,1.06344,1.06344,1.06344,1.06344,1.06344,1.06344,1.06344,1.06344,1.06344,1.06344,1.06344,1.06344,1.06344,1.06344
"Initial Heating Solution[Leventina,ElectricHeater,Moderate,MFH,PVyes]",0,0,0,0,0,0,0,0,0,0,0,0,0,0,0
"Initial Heating Solution[Leventina,ElectricHeater,Moderate,SFH,PVno]",87.3597,87.3597,87.3597,87.3597,87.3597,87.3597,87.3597,87.3597,87.3597,87.3597,87.3597,87.3597,87.3597,87.3597,87.3597
"Initial Heating Solution[Leventina,ElectricHeater,Moderate,SFH,PVyes]",0,0,0,0,0,0,0,0,0,0,0,0,0,0,0
"Initial Heating Solution[Leventina,ElectricHeater,High,DFH,PVno]",1.2993,1.2993,1.2993,1.2993,1.2993,1.2993,1.2993,1.2993,1.2993,1.2993,1.2993,1.2993,1.2993,1.2993,1.2993
"Initial Heating Solution[Leventina,ElectricHeater,High,DFH,PVyes]",0,0,0,0,0,0,0,0,0,0,0,0,0,0,0
"Initial Heating Solution[Leventina,ElectricHeater,High,MFH,PVno]",0.327148,0.327148,0.327148,0.327148,0.327148,0.327148,0.327148,0.327148,0.327148,0.327148,0.327148,0.327148,0.327148,0.327148,0.327148
"Initial Heating Solution[Leventina,ElectricHeater,High,MFH,PVyes]",0,0,0,0,0,0,0,0,0,0,0,0,0,0,0
"Initial Heating Solution[Leventina,ElectricHeater,High,SFH,PVno]",38.5628,38.5628,38.5628,38.5628,38.5628,38.5628,38.5628,38.5628,38.5628,38.5628,38.5628,38.5628,38.5628,38.5628,38.5628
"Initial Heating Solution[Leventina,ElectricHeater,High,SFH,PVyes]",0,0,0,0,0,0,0,0,0,0,0,0,0,0,0
"Initial Heating Solution[Leventina,ElectricHeater,VeryHigh,DFH,PVno]",0.0478206,0.0478206,0.0478206,0.0478206,0.0478206,0.0478206,0.0478206,0.0478206,0.0478206,0.0478206,0.0478206,0.0478206,0.0478206,0.0478206,0.0478206
"Initial Heating Solution[Leventina,ElectricHeater,VeryHigh,DFH,PVyes]",0,0,0,0,0,0,0,0,0,0,0,0,0,0,0
"Initial Heating Solution[Leventina,ElectricHeater,VeryHigh,MFH,PVno]",0,0,0,0,0,0,0,0,0,0,0,0,0,0,0
"Initial Heating Solution[Leventina,ElectricHeater,VeryHigh,MFH,PVyes]",0,0,0,0,0,0,0,0,0,0,0,0,0,0,0
"Initial Heating Solution[Leventina,ElectricHeater,VeryHigh,SFH,PVno]",2.7855,2.7855,2.7855,2.7855,2.7855,2.7855,2.7855,2.7855,2.7855,2.7855,2.7855,2.7855,2.7855,2.7855,2.7855
"Initial Heating Solution[Leventina,ElectricHeater,VeryHigh,SFH,PVyes]",0,0,0,0,0,0,0,0,0,0,0,0,0,0,0
"Initial Heating Solution[Leventina,Gas,VeryLow,DFH,PVno]",0.595517,0.595517,0.595517,0.595517,0.595517,0.595517,0.595517,0.595517,0.595517,0.595517,0.595517,0.595517,0.595517,0.595517,0.595517
"Initial Heating Solution[Leventina,Gas,VeryLow,DFH,PVyes]",0,0,0,0,0,0,0,0,0,0,0,0,0,0,0
"Initial Heating Solution[Leventina,Gas,VeryLow,MFH,PVno]",1.03117,1.03117,1.03117,1.03117,1.03117,1.03117,1.03117,1.03117,1.03117,1.03117,1.03117,1.03117,1.03117,1.03117,1.03117
"Initial Heating Solution[Leventina,Gas,VeryLow,MFH,PVyes]",0,0,0,0,0,0,0,0,0,0,0,0,0,0,0
"Initial Heating Solution[Leventina,Gas,VeryLow,SFH,PVno]",44.6243,44.6243,44.6243,44.6243,44.6243,44.6243,44.6243,44.6243,44.6243,44.6243,44.6243,44.6243,44.6243,44.6243,44.6243
"Initial Heating Solution[Leventina,Gas,VeryLow,SFH,PVyes]",0,0,0,0,0,0,0,0,0,0,0,0,0,0,0
"Initial Heating Solution[Leventina,Gas,Low,DFH,PVno]",0.602317,0.602317,0.602317,0.602317,0.602317,0.602317,0.602317,0.602317,0.602317,0.602317,0.602317,0.602317,0.602317,0.602317,0.602317
"Initial Heating Solution[Leventina,Gas,Low,DFH,PVyes]",0,0,0,0,0,0,0,0,0,0,0,0,0,0,0
"Initial Heating Solution[Leventina,Gas,Low,MFH,PVno]",0.00657836,0.00657836,0.00657836,0.00657836,0.00657836,0.00657836,0.00657836,0.00657836,0.00657836,0.00657836,0.00657836,0.00657836,0.00657836,0.00657836,0.00657836
"Initial Heating Solution[Leventina,Gas,Low,MFH,PVyes]",0,0,0,0,0,0,0,0,0,0,0,0,0,0,0
"Initial Heating Solution[Leventina,Gas,Low,SFH,PVno]",24.5656,24.5656,24.5656,24.5656,24.5656,24.5656,24.5656,24.5656,24.5656,24.5656,24.5656,24.5656,24.5656,24.5656,24.5656
"Initial Heating Solution[Leventina,Gas,Low,SFH,PVyes]",0,0,0,0,0,0,0,0,0,0,0,0,0,0,0
"Initial Heating Solution[Leventina,Gas,Moderate,DFH,PVno]",0.231354,0.231354,0.231354,0.231354,0.231354,0.231354,0.231354,0.231354,0.231354,0.231354,0.231354,0.231354,0.231354,0.231354,0.231354
"Initial Heating Solution[Leventina,Gas,Moderate,DFH,PVyes]",0,0,0,0,0,0,0,0,0,0,0,0,0,0,0
"Initial Heating Solution[Leventina,Gas,Moderate,MFH,PVno]",1.47608E-05,1.47608E-05,1.47608E-05,1.47608E-05,1.47608E-05,1.47608E-05,1.47608E-05,1.47608E-05,1.47608E-05,1.47608E-05,1.47608E-05,1.47608E-05,1.47608E-05,1.47608E-05,1.47608E-05
"Initial Heating Solution[Leventina,Gas,Moderate,MFH,PVyes]",0,0,0,0,0,0,0,0,0,0,0,0,0,0,0
"Initial Heating Solution[Leventina,Gas,Moderate,SFH,PVno]",2.29121,2.29121,2.29121,2.29121,2.29121,2.29121,2.29121,2.29121,2.29121,2.29121,2.29121,2.29121,2.29121,2.29121,2.29121
"Initial Heating Solution[Leventina,Gas,Moderate,SFH,PVyes]",0,0,0,0,0,0,0,0,0,0,0,0,0,0,0
"Initial Heating Solution[Leventina,Gas,High,DFH,PVno]",0.116399,0.116399,0.116399,0.116399,0.116399,0.116399,0.116399,0.116399,0.116399,0.116399,0.116399,0.116399,0.116399,0.116399,0.116399
"Initial Heating Solution[Leventina,Gas,High,DFH,PVyes]",0,0,0,0,0,0,0,0,0,0,0,0,0,0,0
"Initial Heating Solution[Leventina,Gas,High,MFH,PVno]",3.47131E-07,3.47131E-07,3.47131E-07,3.47131E-07,3.47131E-07,3.47131E-07,3.47131E-07,3.47131E-07,3.47131E-07,3.47131E-07,3.47131E-07,3.47131E-07,3.47131E-07,3.47131E-07,3.47131E-07
"Initial Heating Solution[Leventina,Gas,High,MFH,PVyes]",0,0,0,0,0,0,0,0,0,0,0,0,0,0,0
"Initial Heating Solution[Leventina,Gas,High,SFH,PVno]",0.643227,0.643227,0.643227,0.643227,0.643227,0.643227,0.643227,0.643227,0.643227,0.643227,0.643227,0.643227,0.643227,0.643227,0.643227
"Initial Heating Solution[Leventina,Gas,High,SFH,PVyes]",0,0,0,0,0,0,0,0,0,0,0,0,0,0,0
"Initial Heating Solution[Leventina,Gas,VeryHigh,DFH,PVno]",0.0110539,0.0110539,0.0110539,0.0110539,0.0110539,0.0110539,0.0110539,0.0110539,0.0110539,0.0110539,0.0110539,0.0110539,0.0110539,0.0110539,0.0110539
"Initial Heating Solution[Leventina,Gas,VeryHigh,DFH,PVyes]",0,0,0,0,0,0,0,0,0,0,0,0,0,0,0
"Initial Heating Solution[Leventina,Gas,VeryHigh,MFH,PVno]",0,0,0,0,0,0,0,0,0,0,0,0,0,0,0
"Initial Heating Solution[Leventina,Gas,VeryHigh,MFH,PVyes]",0,0,0,0,0,0,0,0,0,0,0,0,0,0,0
"Initial Heating Solution[Leventina,Gas,VeryHigh,SFH,PVno]",0,0,0,0,0,0,0,0,0,0,0,0,0,0,0
"Initial Heating Solution[Leventina,Gas,VeryHigh,SFH,PVyes]",0,0,0,0,0,0,0,0,0,0,0,0,0,0,0
"Initial Heating Solution[Leventina,HPST,VeryLow,DFH,PVno]",0,0,0,0,0,0,0,0,0,0,0,0,0,0,0
"Initial Heating Solution[Leventina,HPST,VeryLow,DFH,PVyes]",0,0,0,0,0,0,0,0,0,0,0,0,0,0,0
"Initial Heating Solution[Leventina,HPST,VeryLow,MFH,PVno]",0,0,0,0,0,0,0,0,0,0,0,0,0,0,0
"Initial Heating Solution[Leventina,HPST,VeryLow,MFH,PVyes]",0,0,0,0,0,0,0,0,0,0,0,0,0,0,0
"Initial Heating Solution[Leventina,HPST,VeryLow,SFH,PVno]",2.15223,2.15223,2.15223,2.15223,2.15223,2.15223,2.15223,2.15223,2.15223,2.15223,2.15223,2.15223,2.15223,2.15223,2.15223
"Initial Heating Solution[Leventina,HPST,VeryLow,SFH,PVyes]",0,0,0,0,0,0,0,0,0,0,0,0,0,0,0
"Initial Heating Solution[Leventina,HPST,Low,DFH,PVno]",0,0,0,0,0,0,0,0,0,0,0,0,0,0,0
"Initial Heating Solution[Leventina,HPST,Low,DFH,PVyes]",0,0,0,0,0,0,0,0,0,0,0,0,0,0,0
"Initial Heating Solution[Leventina,HPST,Low,MFH,PVno]",0,0,0,0,0,0,0,0,0,0,0,0,0,0,0
"Initial Heating Solution[Leventina,HPST,Low,MFH,PVyes]",0,0,0,0,0,0,0,0,0,0,0,0,0,0,0
"Initial Heating Solution[Leventina,HPST,Low,SFH,PVno]",1.42876,1.42876,1.42876,1.42876,1.42876,1.42876,1.42876,1.42876,1.42876,1.42876,1.42876,1.42876,1.42876,1.42876,1.42876
"Initial Heating Solution[Leventina,HPST,Low,SFH,PVyes]",0,0,0,0,0,0,0,0,0,0,0,0,0,0,0
"Initial Heating Solution[Leventina,HPST,Moderate,DFH,PVno]",0,0,0,0,0,0,0,0,0,0,0,0,0,0,0
"Initial Heating Solution[Leventina,HPST,Moderate,DFH,PVyes]",0,0,0,0,0,0,0,0,0,0,0,0,0,0,0
"Initial Heating Solution[Leventina,HPST,Moderate,MFH,PVno]",0,0,0,0,0,0,0,0,0,0,0,0,0,0,0
"Initial Heating Solution[Leventina,HPST,Moderate,MFH,PVyes]",0,0,0,0,0,0,0,0,0,0,0,0,0,0,0
"Initial Heating Solution[Leventina,HPST,Moderate,SFH,PVno]",0.134836,0.134836,0.134836,0.134836,0.134836,0.134836,0.134836,0.134836,0.134836,0.134836,0.134836,0.134836,0.134836,0.134836,0.134836
"Initial Heating Solution[Leventina,HPST,Moderate,SFH,PVyes]",0,0,0,0,0,0,0,0,0,0,0,0,0,0,0
"Initial Heating Solution[Leventina,HPST,High,DFH,PVno]",0,0,0,0,0,0,0,0,0,0,0,0,0,0,0
"Initial Heating Solution[Leventina,HPST,High,DFH,PVyes]",0,0,0,0,0,0,0,0,0,0,0,0,0,0,0
"Initial Heating Solution[Leventina,HPST,High,MFH,PVno]",0,0,0,0,0,0,0,0,0,0,0,0,0,0,0
"Initial Heating Solution[Leventina,HPST,High,MFH,PVyes]",0,0,0,0,0,0,0,0,0,0,0,0,0,0,0
"Initial Heating Solution[Leventina,HPST,High,SFH,PVno]",0.026727,0.026727,0.026727,0.026727,0.026727,0.026727,0.026727,0.026727,0.026727,0.026727,0.026727,0.026727,0.026727,0.026727,0.026727
"Initial Heating Solution[Leventina,HPST,High,SFH,PVyes]",0,0,0,0,0,0,0,0,0,0,0,0,0,0,0
"Initial Heating Solution[Leventina,HPST,VeryHigh,DFH,PVno]",0,0,0,0,0,0,0,0,0,0,0,0,0,0,0
"Initial Heating Solution[Leventina,HPST,VeryHigh,DFH,PVyes]",0,0,0,0,0,0,0,0,0,0,0,0,0,0,0
"Initial Heating Solution[Leventina,HPST,VeryHigh,MFH,PVno]",0,0,0,0,0,0,0,0,0,0,0,0,0,0,0
"Initial Heating Solution[Leventina,HPST,VeryHigh,MFH,PVyes]",0,0,0,0,0,0,0,0,0,0,0,0,0,0,0
"Initial Heating Solution[Leventina,HPST,VeryHigh,SFH,PVno]",0,0,0,0,0,0,0,0,0,0,0,0,0,0,0
"Initial Heating Solution[Leventina,HPST,VeryHigh,SFH,PVyes]",0,0,0,0,0,0,0,0,0,0,0,0,0,0,0
"Initial Heating Solution[Leventina,HeatPump,VeryLow,DFH,PVno]",11.0205,11.0205,11.0205,11.0205,11.0205,11.0205,11.0205,11.0205,11.0205,11.0205,11.0205,11.0205,11.0205,11.0205,11.0205
"Initial Heating Solution[Leventina,HeatPump,VeryLow,DFH,PVyes]",0,0,0,0,0,0,0,0,0,0,0,0,0,0,0
"Initial Heating Solution[Leventina,HeatPump,VeryLow,MFH,PVno]",13.2959,13.2959,13.2959,13.2959,13.2959,13.2959,13.2959,13.2959,13.2959,13.2959,13.2959,13.2959,13.2959,13.2959,13.2959
"Initial Heating Solution[Leventina,HeatPump,VeryLow,MFH,PVyes]",0,0,0,0,0,0,0,0,0,0,0,0,0,0,0
"Initial Heating Solution[Leventina,HeatPump,VeryLow,SFH,PVno]",17.6408,17.6408,17.6408,17.6408,17.6408,17.6408,17.6408,17.6408,17.6408,17.6408,17.6408,17.6408,17.6408,17.6408,17.6408
"Initial Heating Solution[Leventina,HeatPump,VeryLow,SFH,PVyes]",0,0,0,0,0,0,0,0,0,0,0,0,0,0,0
"Initial Heating Solution[Leventina,HeatPump,Low,DFH,PVno]",4.38693,4.38693,4.38693,4.38693,4.38693,4.38693,4.38693,4.38693,4.38693,4.38693,4.38693,4.38693,4.38693,4.38693,4.38693
"Initial Heating Solution[Leventina,HeatPump,Low,DFH,PVyes]",0,0,0,0,0,0,0,0,0,0,0,0,0,0,0
"Initial Heating Solution[Leventina,HeatPump,Low,MFH,PVno]",1.20602,1.20602,1.20602,1.20602,1.20602,1.20602,1.20602,1.20602,1.20602,1.20602,1.20602,1.20602,1.20602,1.20602,1.20602
"Initial Heating Solution[Leventina,HeatPump,Low,MFH,PVyes]",0.558649,0.558649,0.558649,0.558649,0.558649,0.558649,0.558649,0.558649,0.558649,0.558649,0.558649,0.558649,0.558649,0.558649,0.558649
"Initial Heating Solution[Leventina,HeatPump,Low,SFH,PVno]",28.4791,28.4791,28.4791,28.4791,28.4791,28.4791,28.4791,28.4791,28.4791,28.4791,28.4791,28.4791,28.4791,28.4791,28.4791
"Initial Heating Solution[Leventina,HeatPump,Low,SFH,PVyes]",0,0,0,0,0,0,0,0,0,0,0,0,0,0,0
"Initial Heating Solution[Leventina,HeatPump,Moderate,DFH,PVno]",2.00203,2.00203,2.00203,2.00203,2.00203,2.00203,2.00203,2.00203,2.00203,2.00203,2.00203,2.00203,2.00203,2.00203,2.00203
"Initial Heating Solution[Leventina,HeatPump,Moderate,DFH,PVyes]",0,0,0,0,0,0,0,0,0,0,0,0,0,0,0
"Initial Heating Solution[Leventina,HeatPump,Moderate,MFH,PVno]",0.334458,0.334458,0.334458,0.334458,0.334458,0.334458,0.334458,0.334458,0.334458,0.334458,0.334458,0.334458,0.334458,0.334458,0.334458
"Initial Heating Solution[Leventina,HeatPump,Moderate,MFH,PVyes]",0.26724,0.26724,0.26724,0.26724,0.26724,0.26724,0.26724,0.26724,0.26724,0.26724,0.26724,0.26724,0.26724,0.26724,0.26724
"Initial Heating Solution[Leventina,HeatPump,Moderate,SFH,PVno]",16.1891,16.1891,16.1891,16.1891,16.1891,16.1891,16.1891,16.1891,16.1891,16.1891,16.1891,16.1891,16.1891,16.1891,16.1891
"Initial Heating Solution[Leventina,HeatPump,Moderate,SFH,PVyes]",0,0,0,0,0,0,0,0,0,0,0,0,0,0,0
"Initial Heating Solution[Leventina,HeatPump,High,DFH,PVno]",1.14387,1.14387,1.14387,1.14387,1.14387,1.14387,1.14387,1.14387,1.14387,1.14387,1.14387,1.14387,1.14387,1.14387,1.14387
"Initial Heating Solution[Leventina,HeatPump,High,DFH,PVyes]",0,0,0,0,0,0,0,0,0,0,0,0,0,0,0
"Initial Heating Solution[Leventina,HeatPump,High,MFH,PVno]",0.133837,0.133837,0.133837,0.133837,0.133837,0.133837,0.133837,0.133837,0.133837,0.133837,0.133837,0.133837,0.133837,0.133837,0.133837
"Initial Heating Solution[Leventina,HeatPump,High,MFH,PVyes]",0.152808,0.152808,0.152808,0.152808,0.152808,0.152808,0.152808,0.152808,0.152808,0.152808,0.152808,0.152808,0.152808,0.152808,0.152808
"Initial Heating Solution[Leventina,HeatPump,High,SFH,PVno]",15.5851,15.5851,15.5851,15.5851,15.5851,15.5851,15.5851,15.5851,15.5851,15.5851,15.5851,15.5851,15.5851,15.5851,15.5851
"Initial Heating Solution[Leventina,HeatPump,High,SFH,PVyes]",0,0,0,0,0,0,0,0,0,0,0,0,0,0,0
"Initial Heating Solution[Leventina,HeatPump,VeryHigh,DFH,PVno]",0.159459,0.159459,0.159459,0.159459,0.159459,0.159459,0.159459,0.159459,0.159459,0.159459,0.159459,0.159459,0.159459,0.159459,0.159459
"Initial Heating Solution[Leventina,HeatPump,VeryHigh,DFH,PVyes]",0,0,0,0,0,0,0,0,0,0,0,0,0,0,0
"Initial Heating Solution[Leventina,HeatPump,VeryHigh,MFH,PVno]",0,0,0,0,0,0,0,0,0,0,0,0,0,0,0
"Initial Heating Solution[Leventina,HeatPump,VeryHigh,MFH,PVyes]",0.0213034,0.0213034,0.0213034,0.0213034,0.0213034,0.0213034,0.0213034,0.0213034,0.0213034,0.0213034,0.0213034,0.0213034,0.0213034,0.0213034,0.0213034
"Initial Heating Solution[Leventina,HeatPump,VeryHigh,SFH,PVno]",4.44223,4.44223,4.44223,4.44223,4.44223,4.44223,4.44223,4.44223,4.44223,4.44223,4.44223,4.44223,4.44223,4.44223,4.44223
"Initial Heating Solution[Leventina,HeatPump,VeryHigh,SFH,PVyes]",0,0,0,0,0,0,0,0,0,0,0,0,0,0,0
"Initial Heating Solution[Leventina,Oil,VeryLow,DFH,PVno]",306.896,306.896,306.896,306.896,306.896,306.896,306.896,306.896,306.896,306.896,306.896,306.896,306.896,306.896,306.896
"Initial Heating Solution[Leventina,Oil,VeryLow,DFH,PVyes]",0,0,0,0,0,0,0,0,0,0,0,0,0,0,0
"Initial Heating Solution[Leventina,Oil,VeryLow,MFH,PVno]",257.413,257.413,257.413,257.413,257.413,257.413,257.413,257.413,257.413,257.413,257.413,257.413,257.413,257.413,257.413
"Initial Heating Solution[Leventina,Oil,VeryLow,MFH,PVyes]",0,0,0,0,0,0,0,0,0,0,0,0,0,0,0
"Initial Heating Solution[Leventina,Oil,VeryLow,SFH,PVno]",471.469,471.469,471.469,471.469,471.469,471.469,471.469,471.469,471.469,471.469,471.469,471.469,471.469,471.469,471.469
"Initial Heating Solution[Leventina,Oil,VeryLow,SFH,PVyes]",1.26936,1.26936,1.26936,1.26936,1.26936,1.26936,1.26936,1.26936,1.26936,1.26936,1.26936,1.26936,1.26936,1.26936,1.26936
"Initial Heating Solution[Leventina,Oil,Low,DFH,PVno]",26.3185,26.3185,26.3185,26.3185,26.3185,26.3185,26.3185,26.3185,26.3185,26.3185,26.3185,26.3185,26.3185,26.3185,26.3185
"Initial Heating Solution[Leventina,Oil,Low,DFH,PVyes]",0,0,0,0,0,0,0,0,0,0,0,0,0,0,0
"Initial Heating Solution[Leventina,Oil,Low,MFH,PVno]",20.4215,20.4215,20.4215,20.4215,20.4215,20.4215,20.4215,20.4215,20.4215,20.4215,20.4215,20.4215,20.4215,20.4215,20.4215
"Initial Heating Solution[Leventina,Oil,Low,MFH,PVyes]",0,0,0,0,0,0,0,0,0,0,0,0,0,0,0
"Initial Heating Solution[Leventina,Oil,Low,SFH,PVno]",375.841,375.841,375.841,375.841,375.841,375.841,375.841,375.841,375.841,375.841,375.841,375.841,375.841,375.841,375.841
"Initial Heating Solution[Leventina,Oil,Low,SFH,PVyes]",0.688716,0.688716,0.688716,0.688716,0.688716,0.688716,0.688716,0.688716,0.688716,0.688716,0.688716,0.688716,0.688716,0.688716,0.688716
"Initial Heating Solution[Leventina,Oil,Moderate,DFH,PVno]",5.47247,5.47247,5.47247,5.47247,5.47247,5.47247,5.47247,5.47247,5.47247,5.47247,5.47247,5.47247,5.47247,5.47247,5.47247
"Initial Heating Solution[Leventina,Oil,Moderate,DFH,PVyes]",0,0,0,0,0,0,0,0,0,0,0,0,0,0,0
"Initial Heating Solution[Leventina,Oil,Moderate,MFH,PVno]",3.50453,3.50453,3.50453,3.50453,3.50453,3.50453,3.50453,3.50453,3.50453,3.50453,3.50453,3.50453,3.50453,3.50453,3.50453
"Initial Heating Solution[Leventina,Oil,Moderate,MFH,PVyes]",0,0,0,0,0,0,0,0,0,0,0,0,0,0,0
"Initial Heating Solution[Leventina,Oil,Moderate,SFH,PVno]",84.4367,84.4367,84.4367,84.4367,84.4367,84.4367,84.4367,84.4367,84.4367,84.4367,84.4367,84.4367,84.4367,84.4367,84.4367
"Initial Heating Solution[Leventina,Oil,Moderate,SFH,PVyes]",0.0371926,0.0371926,0.0371926,0.0371926,0.0371926,0.0371926,0.0371926,0.0371926,0.0371926,0.0371926,0.0371926,0.0371926,0.0371926,0.0371926,0.0371926
"Initial Heating Solution[Leventina,Oil,High,DFH,PVno]",2.30549,2.30549,2.30549,2.30549,2.30549,2.30549,2.30549,2.30549,2.30549,2.30549,2.30549,2.30549,2.30549,2.30549,2.30549
"Initial Heating Solution[Leventina,Oil,High,DFH,PVyes]",0,0,0,0,0,0,0,0,0,0,0,0,0,0,0
"Initial Heating Solution[Leventina,Oil,High,MFH,PVno]",1.30615,1.30615,1.30615,1.30615,1.30615,1.30615,1.30615,1.30615,1.30615,1.30615,1.30615,1.30615,1.30615,1.30615,1.30615
"Initial Heating Solution[Leventina,Oil,High,MFH,PVyes]",0,0,0,0,0,0,0,0,0,0,0,0,0,0,0
"Initial Heating Solution[Leventina,Oil,High,SFH,PVno]",52.3892,52.3892,52.3892,52.3892,52.3892,52.3892,52.3892,52.3892,52.3892,52.3892,52.3892,52.3892,52.3892,52.3892,52.3892
"Initial Heating Solution[Leventina,Oil,High,SFH,PVyes]",0.0047314,0.0047314,0.0047314,0.0047314,0.0047314,0.0047314,0.0047314,0.0047314,0.0047314,0.0047314,0.0047314,0.0047314,0.0047314,0.0047314,0.0047314
"Initial Heating Solution[Leventina,Oil,VeryHigh,DFH,PVno]",0.138244,0.138244,0.138244,0.138244,0.138244,0.138244,0.138244,0.138244,0.138244,0.138244,0.138244,0.138244,0.138244,0.138244,0.138244
"Initial Heating Solution[Leventina,Oil,VeryHigh,DFH,PVyes]",0,0,0,0,0,0,0,0,0,0,0,0,0,0,0
"Initial Heating Solution[Leventina,Oil,VeryHigh,MFH,PVno]",0.0426068,0.0426068,0.0426068,0.0426068,0.0426068,0.0426068,0.0426068,0.0426068,0.0426068,0.0426068,0.0426068,0.0426068,0.0426068,0.0426068,0.0426068
"Initial Heating Solution[Leventina,Oil,VeryHigh,MFH,PVyes]",0,0,0,0,0,0,0,0,0,0,0,0,0,0,0
"Initial Heating Solution[Leventina,Oil,VeryHigh,SFH,PVno]",4.36642,4.36642,4.36642,4.36642,4.36642,4.36642,4.36642,4.36642,4.36642,4.36642,4.36642,4.36642,4.36642,4.36642,4.36642
"Initial Heating Solution[Leventina,Oil,VeryHigh,SFH,PVyes]",0,0,0,0,0,0,0,0,0,0,0,0,0,0,0
"Initial Heating Solution[Leventina,OilST,VeryLow,DFH,PVno]",0,0,0,0,0,0,0,0,0,0,0,0,0,0,0
"Initial Heating Solution[Leventina,OilST,VeryLow,DFH,PVyes]",0,0,0,0,0,0,0,0,0,0,0,0,0,0,0
"Initial Heating Solution[Leventina,OilST,VeryLow,MFH,PVno]",0,0,0,0,0,0,0,0,0,0,0,0,0,0,0
"Initial Heating Solution[Leventina,OilST,VeryLow,MFH,PVyes]",0,0,0,0,0,0,0,0,0,0,0,0,0,0,0
"Initial Heating Solution[Leventina,OilST,VeryLow,SFH,PVno]",0,0,0,0,0,0,0,0,0,0,0,0,0,0,0
"Initial Heating Solution[Leventina,OilST,VeryLow,SFH,PVyes]",0,0,0,0,0,0,0,0,0,0,0,0,0,0,0
"Initial Heating Solution[Leventina,OilST,Low,DFH,PVno]",0,0,0,0,0,0,0,0,0,0,0,0,0,0,0
"Initial Heating Solution[Leventina,OilST,Low,DFH,PVyes]",0,0,0,0,0,0,0,0,0,0,0,0,0,0,0
"Initial Heating Solution[Leventina,OilST,Low,MFH,PVno]",0,0,0,0,0,0,0,0,0,0,0,0,0,0,0
"Initial Heating Solution[Leventina,OilST,Low,MFH,PVyes]",0,0,0,0,0,0,0,0,0,0,0,0,0,0,0
"Initial Heating Solution[Leventina,OilST,Low,SFH,PVno]",0,0,0,0,0,0,0,0,0,0,0,0,0,0,0
"Initial Heating Solution[Leventina,OilST,Low,SFH,PVyes]",0,0,0,0,0,0,0,0,0,0,0,0,0,0,0
"Initial Heating Solution[Leventina,OilST,Moderate,DFH,PVno]",0,0,0,0,0,0,0,0,0,0,0,0,0,0,0
"Initial Heating Solution[Leventina,OilST,Moderate,DFH,PVyes]",0,0,0,0,0,0,0,0,0,0,0,0,0,0,0
"Initial Heating Solution[Leventina,OilST,Moderate,MFH,PVno]",0,0,0,0,0,0,0,0,0,0,0,0,0,0,0
"Initial Heating Solution[Leventina,OilST,Moderate,MFH,PVyes]",0,0,0,0,0,0,0,0,0,0,0,0,0,0,0
"Initial Heating Solution[Leventina,OilST,Moderate,SFH,PVno]",0,0,0,0,0,0,0,0,0,0,0,0,0,0,0
"Initial Heating Solution[Leventina,OilST,Moderate,SFH,PVyes]",0,0,0,0,0,0,0,0,0,0,0,0,0,0,0
"Initial Heating Solution[Leventina,OilST,High,DFH,PVno]",0,0,0,0,0,0,0,0,0,0,0,0,0,0,0
"Initial Heating Solution[Leventina,OilST,High,DFH,PVyes]",0,0,0,0,0,0,0,0,0,0,0,0,0,0,0
"Initial Heating Solution[Leventina,OilST,High,MFH,PVno]",0,0,0,0,0,0,0,0,0,0,0,0,0,0,0
"Initial Heating Solution[Leventina,OilST,High,MFH,PVyes]",0,0,0,0,0,0,0,0,0,0,0,0,0,0,0
"Initial Heating Solution[Leventina,OilST,High,SFH,PVno]",0,0,0,0,0,0,0,0,0,0,0,0,0,0,0
"Initial Heating Solution[Leventina,OilST,High,SFH,PVyes]",0,0,0,0,0,0,0,0,0,0,0,0,0,0,0
"Initial Heating Solution[Leventina,OilST,VeryHigh,DFH,PVno]",0,0,0,0,0,0,0,0,0,0,0,0,0,0,0
"Initial Heating Solution[Leventina,OilST,VeryHigh,DFH,PVyes]",0,0,0,0,0,0,0,0,0,0,0,0,0,0,0
"Initial Heating Solution[Leventina,OilST,VeryHigh,MFH,PVno]",0,0,0,0,0,0,0,0,0,0,0,0,0,0,0
"Initial Heating Solution[Leventina,OilST,VeryHigh,MFH,PVyes]",0,0,0,0,0,0,0,0,0,0,0,0,0,0,0
"Initial Heating Solution[Leventina,OilST,VeryHigh,SFH,PVno]",0,0,0,0,0,0,0,0,0,0,0,0,0,0,0
"Initial Heating Solution[Leventina,OilST,VeryHigh,SFH,PVyes]",0,0,0,0,0,0,0,0,0,0,0,0,0,0,0
"Initial Heating Solution[Leventina,Wood,VeryLow,DFH,PVno]",135.056,135.056,135.056,135.056,135.056,135.056,135.056,135.056,135.056,135.056,135.056,135.056,135.056,135.056,135.056
"Initial Heating Solution[Leventina,Wood,VeryLow,DFH,PVyes]",0,0,0,0,0,0,0,0,0,0,0,0,0,0,0
"Initial Heating Solution[Leventina,Wood,VeryLow,MFH,PVno]",44.1084,44.1084,44.1084,44.1084,44.1084,44.1084,44.1084,44.1084,44.1084,44.1084,44.1084,44.1084,44.1084,44.1084,44.1084
"Initial Heating Solution[Leventina,Wood,VeryLow,MFH,PVyes]",0,0,0,0,0,0,0,0,0,0,0,0,0,0,0
"Initial Heating Solution[Leventina,Wood,VeryLow,SFH,PVno]",847.825,847.825,847.825,847.825,847.825,847.825,847.825,847.825,847.825,847.825,847.825,847.825,847.825,847.825,847.825
"Initial Heating Solution[Leventina,Wood,VeryLow,SFH,PVyes]",0,0,0,0,0,0,0,0,0,0,0,0,0,0,0
"Initial Heating Solution[Leventina,Wood,Low,DFH,PVno]",8.48152,8.48152,8.48152,8.48152,8.48152,8.48152,8.48152,8.48152,8.48152,8.48152,8.48152,8.48152,8.48152,8.48152,8.48152
"Initial Heating Solution[Leventina,Wood,Low,DFH,PVyes]",0,0,0,0,0,0,0,0,0,0,0,0,0,0,0
"Initial Heating Solution[Leventina,Wood,Low,MFH,PVno]",0.867166,0.867166,0.867166,0.867166,0.867166,0.867166,0.867166,0.867166,0.867166,0.867166,0.867166,0.867166,0.867166,0.867166,0.867166
"Initial Heating Solution[Leventina,Wood,Low,MFH,PVyes]",0,0,0,0,0,0,0,0,0,0,0,0,0,0,0
"Initial Heating Solution[Leventina,Wood,Low,SFH,PVno]",434.762,434.762,434.762,434.762,434.762,434.762,434.762,434.762,434.762,434.762,434.762,434.762,434.762,434.762,434.762
"Initial Heating Solution[Leventina,Wood,Low,SFH,PVyes]",0,0,0,0,0,0,0,0,0,0,0,0,0,0,0
"Initial Heating Solution[Leventina,Wood,Moderate,DFH,PVno]",1.51503,1.51503,1.51503,1.51503,1.51503,1.51503,1.51503,1.51503,1.51503,1.51503,1.51503,1.51503,1.51503,1.51503,1.51503
"Initial Heating Solution[Leventina,Wood,Moderate,DFH,PVyes]",0,0,0,0,0,0,0,0,0,0,0,0,0,0,0
"Initial Heating Solution[Leventina,Wood,Moderate,MFH,PVno]",0.047022,0.047022,0.047022,0.047022,0.047022,0.047022,0.047022,0.047022,0.047022,0.047022,0.047022,0.047022,0.047022,0.047022,0.047022
"Initial Heating Solution[Leventina,Wood,Moderate,MFH,PVyes]",0,0,0,0,0,0,0,0,0,0,0,0,0,0,0
"Initial Heating Solution[Leventina,Wood,Moderate,SFH,PVno]",46.9813,46.9813,46.9813,46.9813,46.9813,46.9813,46.9813,46.9813,46.9813,46.9813,46.9813,46.9813,46.9813,46.9813,46.9813
"Initial Heating Solution[Leventina,Wood,Moderate,SFH,PVyes]",0,0,0,0,0,0,0,0,0,0,0,0,0,0,0
"Initial Heating Solution[Leventina,Wood,High,DFH,PVno]",0.599028,0.599028,0.599028,0.599028,0.599028,0.599028,0.599028,0.599028,0.599028,0.599028,0.599028,0.599028,0.599028,0.599028,0.599028
"Initial Heating Solution[Leventina,Wood,High,DFH,PVyes]",0,0,0,0,0,0,0,0,0,0,0,0,0,0,0
"Initial Heating Solution[Leventina,Wood,High,MFH,PVno]",0.00856024,0.00856024,0.00856024,0.00856024,0.00856024,0.00856024,0.00856024,0.00856024,0.00856024,0.00856024,0.00856024,0.00856024,0.00856024,0.00856024,0.00856024
"Initial Heating Solution[Leventina,Wood,High,MFH,PVyes]",0,0,0,0,0,0,0,0,0,0,0,0,0,0,0
"Initial Heating Solution[Leventina,Wood,High,SFH,PVno]",21.3478,21.3478,21.3478,21.3478,21.3478,21.3478,21.3478,21.3478,21.3478,21.3478,21.3478,21.3478,21.3478,21.3478,21.3478
"Initial Heating Solution[Leventina,Wood,High,SFH,PVyes]",0,0,0,0,0,0,0,0,0,0,0,0,0,0,0
"Initial Heating Solution[Leventina,Wood,VeryHigh,DFH,PVno]",0.0376203,0.0376203,0.0376203,0.0376203,0.0376203,0.0376203,0.0376203,0.0376203,0.0376203,0.0376203,0.0376203,0.0376203,0.0376203,0.0376203,0.0376203
"Initial Heating Solution[Leventina,Wood,VeryHigh,DFH,PVyes]",0,0,0,0,0,0,0,0,0,0,0,0,0,0,0
"Initial Heating Solution[Leventina,Wood,VeryHigh,MFH,PVno]",0,0,0,0,0,0,0,0,0,0,0,0,0,0,0
"Initial Heating Solution[Leventina,Wood,VeryHigh,MFH,PVyes]",0,0,0,0,0,0,0,0,0,0,0,0,0,0,0
"Initial Heating Solution[Leventina,Wood,VeryHigh,SFH,PVno]",2.66772,2.66772,2.66772,2.66772,2.66772,2.66772,2.66772,2.66772,2.66772,2.66772,2.66772,2.66772,2.66772,2.66772,2.66772
"Initial Heating Solution[Leventina,Wood,VeryHigh,SFH,PVyes]",0,0,0,0,0,0,0,0,0,0,0,0,0,0,0
"Initial Heating Solution[Leventina,WoodST,VeryLow,DFH,PVno]",5.12034,5.12034,5.12034,5.12034,5.12034,5.12034,5.12034,5.12034,5.12034,5.12034,5.12034,5.12034,5.12034,5.12034,5.12034
"Initial Heating Solution[Leventina,WoodST,VeryLow,DFH,PVyes]",0,0,0,0,0,0,0,0,0,0,0,0,0,0,0
"Initial Heating Solution[Leventina,WoodST,VeryLow,MFH,PVno]",5.10417,5.10417,5.10417,5.10417,5.10417,5.10417,5.10417,5.10417,5.10417,5.10417,5.10417,5.10417,5.10417,5.10417,5.10417
"Initial Heating Solution[Leventina,WoodST,VeryLow,MFH,PVyes]",0,0,0,0,0,0,0,0,0,0,0,0,0,0,0
"Initial Heating Solution[Leventina,WoodST,VeryLow,SFH,PVno]",48.4102,48.4102,48.4102,48.4102,48.4102,48.4102,48.4102,48.4102,48.4102,48.4102,48.4102,48.4102,48.4102,48.4102,48.4102
"Initial Heating Solution[Leventina,WoodST,VeryLow,SFH,PVyes]",0,0,0,0,0,0,0,0,0,0,0,0,0,0,0
"Initial Heating Solution[Leventina,WoodST,Low,DFH,PVno]",0.025221,0.025221,0.025221,0.025221,0.025221,0.025221,0.025221,0.025221,0.025221,0.025221,0.025221,0.025221,0.025221,0.025221,0.025221
"Initial Heating Solution[Leventina,WoodST,Low,DFH,PVyes]",0,0,0,0,0,0,0,0,0,0,0,0,0,0,0
"Initial Heating Solution[Leventina,WoodST,Low,MFH,PVno]",0.0413286,0.0413286,0.0413286,0.0413286,0.0413286,0.0413286,0.0413286,0.0413286,0.0413286,0.0413286,0.0413286,0.0413286,0.0413286,0.0413286,0.0413286
"Initial Heating Solution[Leventina,WoodST,Low,MFH,PVyes]",0,0,0,0,0,0,0,0,0,0,0,0,0,0,0
"Initial Heating Solution[Leventina,WoodST,Low,SFH,PVno]",29.6359,29.6359,29.6359,29.6359,29.6359,29.6359,29.6359,29.6359,29.6359,29.6359,29.6359,29.6359,29.6359,29.6359,29.6359
"Initial Heating Solution[Leventina,WoodST,Low,SFH,PVyes]",0,0,0,0,0,0,0,0,0,0,0,0,0,0,0
"Initial Heating Solution[Leventina,WoodST,Moderate,DFH,PVno]",4.87725E-05,4.87725E-05,4.87725E-05,4.87725E-05,4.87725E-05,4.87725E-05,4.87725E-05,4.87725E-05,4.87725E-05,4.87725E-05,4.87725E-05,4.87725E-05,4.87725E-05,4.87725E-05,4.87725E-05
"Initial Heating Solution[Leventina,WoodST,Moderate,DFH,PVyes]",0,0,0,0,0,0,0,0,0,0,0,0,0,0,0
"Initial Heating Solution[Leventina,WoodST,Moderate,MFH,PVno]",0.000105274,0.000105274,0.000105274,0.000105274,0.000105274,0.000105274,0.000105274,0.000105274,0.000105274,0.000105274,0.000105274,0.000105274,0.000105274,0.000105274,0.000105274
"Initial Heating Solution[Leventina,WoodST,Moderate,MFH,PVyes]",0,0,0,0,0,0,0,0,0,0,0,0,0,0,0
"Initial Heating Solution[Leventina,WoodST,Moderate,SFH,PVno]",7.06179,7.06179,7.06179,7.06179,7.06179,7.06179,7.06179,7.06179,7.06179,7.06179,7.06179,7.06179,7.06179,7.06179,7.06179
"Initial Heating Solution[Leventina,WoodST,Moderate,SFH,PVyes]",0,0,0,0,0,0,0,0,0,0,0,0,0,0,0
"Initial Heating Solution[Leventina,WoodST,High,DFH,PVno]",1.06514E-06,1.06514E-06,1.06514E-06,1.06514E-06,1.06514E-06,1.06514E-06,1.06514E-06,1.06514E-06,1.06514E-06,1.06514E-06,1.06514E-06,1.06514E-06,1.06514E-06,1.06514E-06,1.06514E-06
"Initial Heating Solution[Leventina,WoodST,High,DFH,PVyes]",0,0,0,0,0,0,0,0,0,0,0,0,0,0,0
"Initial Heating Solution[Leventina,WoodST,High,MFH,PVno]",2.63455E-06,2.63455E-06,2.63455E-06,2.63455E-06,2.63455E-06,2.63455E-06,2.63455E-06,2.63455E-06,2.63455E-06,2.63455E-06,2.63455E-06,2.63455E-06,2.63455E-06,2.63455E-06,2.63455E-06
"Initial Heating Solution[Leventina,WoodST,High,MFH,PVyes]",0,0,0,0,0,0,0,0,0,0,0,0,0,0,0
"Initial Heating Solution[Leventina,WoodST,High,SFH,PVno]",5.84735,5.84735,5.84735,5.84735,5.84735,5.84735,5.84735,5.84735,5.84735,5.84735,5.84735,5.84735,5.84735,5.84735,5.84735
"Initial Heating Solution[Leventina,WoodST,High,SFH,PVyes]",0,0,0,0,0,0,0,0,0,0,0,0,0,0,0
"Initial Heating Solution[Leventina,WoodST,VeryHigh,DFH,PVno]",0,0,0,0,0,0,0,0,0,0,0,0,0,0,0
"Initial Heating Solution[Leventina,WoodST,VeryHigh,DFH,PVyes]",0,0,0,0,0,0,0,0,0,0,0,0,0,0,0
"Initial Heating Solution[Leventina,WoodST,VeryHigh,MFH,PVno]",0,0,0,0,0,0,0,0,0,0,0,0,0,0,0
"Initial Heating Solution[Leventina,WoodST,VeryHigh,MFH,PVyes]",0,0,0,0,0,0,0,0,0,0,0,0,0,0,0
"Initial Heating Solution[Leventina,WoodST,VeryHigh,SFH,PVno]",1.6657,1.6657,1.6657,1.6657,1.6657,1.6657,1.6657,1.6657,1.6657,1.6657,1.6657,1.6657,1.6657,1.6657,1.6657
"Initial Heating Solution[Leventina,WoodST,VeryHigh,SFH,PVyes]",0,0,0,0,0,0,0,0,0,0,0,0,0,0,0
"Initial Heating Solution[Leventina,GasST,VeryLow,DFH,PVno]",0,0,0,0,0,0,0,0,0,0,0,0,0,0,0
"Initial Heating Solution[Leventina,GasST,VeryLow,DFH,PVyes]",0,0,0,0,0,0,0,0,0,0,0,0,0,0,0
"Initial Heating Solution[Leventina,GasST,VeryLow,MFH,PVno]",0,0,0,0,0,0,0,0,0,0,0,0,0,0,0
"Initial Heating Solution[Leventina,GasST,VeryLow,MFH,PVyes]",0,0,0,0,0,0,0,0,0,0,0,0,0,0,0
"Initial Heating Solution[Leventina,GasST,VeryLow,SFH,PVno]",3.89298,3.89298,3.89298,3.89298,3.89298,3.89298,3.89298,3.89298,3.89298,3.89298,3.89298,3.89298,3.89298,3.89298,3.89298
"Initial Heating Solution[Leventina,GasST,VeryLow,SFH,PVyes]",0,0,0,0,0,0,0,0,0,0,0,0,0,0,0
"Initial Heating Solution[Leventina,GasST,Low,DFH,PVno]",0,0,0,0,0,0,0,0,0,0,0,0,0,0,0
"Initial Heating Solution[Leventina,GasST,Low,DFH,PVyes]",0,0,0,0,0,0,0,0,0,0,0,0,0,0,0
"Initial Heating Solution[Leventina,GasST,Low,MFH,PVno]",0,0,0,0,0,0,0,0,0,0,0,0,0,0,0
"Initial Heating Solution[Leventina,GasST,Low,MFH,PVyes]",0,0,0,0,0,0,0,0,0,0,0,0,0,0,0
"Initial Heating Solution[Leventina,GasST,Low,SFH,PVno]",1.20872,1.20872,1.20872,1.20872,1.20872,1.20872,1.20872,1.20872,1.20872,1.20872,1.20872,1.20872,1.20872,1.20872,1.20872
"Initial Heating Solution[Leventina,GasST,Low,SFH,PVyes]",0,0,0,0,0,0,0,0,0,0,0,0,0,0,0
"Initial Heating Solution[Leventina,GasST,Moderate,DFH,PVno]",0,0,0,0,0,0,0,0,0,0,0,0,0,0,0
"Initial Heating Solution[Leventina,GasST,Moderate,DFH,PVyes]",0,0,0,0,0,0,0,0,0,0,0,0,0,0,0
"Initial Heating Solution[Leventina,GasST,Moderate,MFH,PVno]",0,0,0,0,0,0,0,0,0,0,0,0,0,0,0
"Initial Heating Solution[Leventina,GasST,Moderate,MFH,PVyes]",0,0,0,0,0,0,0,0,0,0,0,0,0,0,0
"Initial Heating Solution[Leventina,GasST,Moderate,SFH,PVno]",0.0400617,0.0400617,0.0400617,0.0400617,0.0400617,0.0400617,0.0400617,0.0400617,0.0400617,0.0400617,0.0400617,0.0400617,0.0400617,0.0400617,0.0400617
"Initial Heating Solution[Leventina,GasST,Moderate,SFH,PVyes]",0,0,0,0,0,0,0,0,0,0,0,0,0,0,0
"Initial Heating Solution[Leventina,GasST,High,DFH,PVno]",0,0,0,0,0,0,0,0,0,0,0,0,0,0,0
"Initial Heating Solution[Leventina,GasST,High,DFH,PVyes]",0,0,0,0,0,0,0,0,0,0,0,0,0,0,0
"Initial Heating Solution[Leventina,GasST,High,MFH,PVno]",0,0,0,0,0,0,0,0,0,0,0,0,0,0,0
"Initial Heating Solution[Leventina,GasST,High,MFH,PVyes]",0,0,0,0,0,0,0,0,0,0,0,0,0,0,0
"Initial Heating Solution[Leventina,GasST,High,SFH,PVno]",0.00384447,0.00384447,0.00384447,0.00384447,0.00384447,0.00384447,0.00384447,0.00384447,0.00384447,0.00384447,0.00384447,0.00384447,0.00384447,0.00384447,0.00384447
"Initial Heating Solution[Leventina,GasST,High,SFH,PVyes]",0,0,0,0,0,0,0,0,0,0,0,0,0,0,0
"Initial Heating Solution[Leventina,GasST,VeryHigh,DFH,PVno]",0,0,0,0,0,0,0,0,0,0,0,0,0,0,0
"Initial Heating Solution[Leventina,GasST,VeryHigh,DFH,PVyes]",0,0,0,0,0,0,0,0,0,0,0,0,0,0,0
"Initial Heating Solution[Leventina,GasST,VeryHigh,MFH,PVno]",0,0,0,0,0,0,0,0,0,0,0,0,0,0,0
"Initial Heating Solution[Leventina,GasST,VeryHigh,MFH,PVyes]",0,0,0,0,0,0,0,0,0,0,0,0,0,0,0
"Initial Heating Solution[Leventina,GasST,VeryHigh,SFH,PVno]",0,0,0,0,0,0,0,0,0,0,0,0,0,0,0
"Initial Heating Solution[Leventina,GasST,VeryHigh,SFH,PVyes]",0,0,0,0,0,0,0,0,0,0,0,0,0,0,0
"Initial Heating Solution[Leventina,Pellet,VeryLow,DFH,PVno]",37.9374,37.9374,37.9374,37.9374,37.9374,37.9374,37.9374,37.9374,37.9374,37.9374,37.9374,37.9374,37.9374,37.9374,37.9374
"Initial Heating Solution[Leventina,Pellet,VeryLow,DFH,PVyes]",0,0,0,0,0,0,0,0,0,0,0,0,0,0,0
"Initial Heating Solution[Leventina,Pellet,VeryLow,MFH,PVno]",12.3901,12.3901,12.3901,12.3901,12.3901,12.3901,12.3901,12.3901,12.3901,12.3901,12.3901,12.3901,12.3901,12.3901,12.3901
"Initial Heating Solution[Leventina,Pellet,VeryLow,MFH,PVyes]",0,0,0,0,0,0,0,0,0,0,0,0,0,0,0
"Initial Heating Solution[Leventina,Pellet,VeryLow,SFH,PVno]",238.155,238.155,238.155,238.155,238.155,238.155,238.155,238.155,238.155,238.155,238.155,238.155,238.155,238.155,238.155
"Initial Heating Solution[Leventina,Pellet,VeryLow,SFH,PVyes]",0,0,0,0,0,0,0,0,0,0,0,0,0,0,0
"Initial Heating Solution[Leventina,Pellet,Low,DFH,PVno]",2.38247,2.38247,2.38247,2.38247,2.38247,2.38247,2.38247,2.38247,2.38247,2.38247,2.38247,2.38247,2.38247,2.38247,2.38247
"Initial Heating Solution[Leventina,Pellet,Low,DFH,PVyes]",0,0,0,0,0,0,0,0,0,0,0,0,0,0,0
"Initial Heating Solution[Leventina,Pellet,Low,MFH,PVno]",0.243588,0.243588,0.243588,0.243588,0.243588,0.243588,0.243588,0.243588,0.243588,0.243588,0.243588,0.243588,0.243588,0.243588,0.243588
"Initial Heating Solution[Leventina,Pellet,Low,MFH,PVyes]",0,0,0,0,0,0,0,0,0,0,0,0,0,0,0
"Initial Heating Solution[Leventina,Pellet,Low,SFH,PVno]",122.125,122.125,122.125,122.125,122.125,122.125,122.125,122.125,122.125,122.125,122.125,122.125,122.125,122.125,122.125
"Initial Heating Solution[Leventina,Pellet,Low,SFH,PVyes]",0,0,0,0,0,0,0,0,0,0,0,0,0,0,0
"Initial Heating Solution[Leventina,Pellet,Moderate,DFH,PVno]",0.425575,0.425575,0.425575,0.425575,0.425575,0.425575,0.425575,0.425575,0.425575,0.425575,0.425575,0.425575,0.425575,0.425575,0.425575
"Initial Heating Solution[Leventina,Pellet,Moderate,DFH,PVyes]",0,0,0,0,0,0,0,0,0,0,0,0,0,0,0
"Initial Heating Solution[Leventina,Pellet,Moderate,MFH,PVno]",0.0132086,0.0132086,0.0132086,0.0132086,0.0132086,0.0132086,0.0132086,0.0132086,0.0132086,0.0132086,0.0132086,0.0132086,0.0132086,0.0132086,0.0132086
"Initial Heating Solution[Leventina,Pellet,Moderate,MFH,PVyes]",0,0,0,0,0,0,0,0,0,0,0,0,0,0,0
"Initial Heating Solution[Leventina,Pellet,Moderate,SFH,PVno]",13.1971,13.1971,13.1971,13.1971,13.1971,13.1971,13.1971,13.1971,13.1971,13.1971,13.1971,13.1971,13.1971,13.1971,13.1971
"Initial Heating Solution[Leventina,Pellet,Moderate,SFH,PVyes]",0,0,0,0,0,0,0,0,0,0,0,0,0,0,0
"Initial Heating Solution[Leventina,Pellet,High,DFH,PVno]",0.168268,0.168268,0.168268,0.168268,0.168268,0.168268,0.168268,0.168268,0.168268,0.168268,0.168268,0.168268,0.168268,0.168268,0.168268
"Initial Heating Solution[Leventina,Pellet,High,DFH,PVyes]",0,0,0,0,0,0,0,0,0,0,0,0,0,0,0
"Initial Heating Solution[Leventina,Pellet,High,MFH,PVno]",0.00240459,0.00240459,0.00240459,0.00240459,0.00240459,0.00240459,0.00240459,0.00240459,0.00240459,0.00240459,0.00240459,0.00240459,0.00240459,0.00240459,0.00240459
"Initial Heating Solution[Leventina,Pellet,High,MFH,PVyes]",0,0,0,0,0,0,0,0,0,0,0,0,0,0,0
"Initial Heating Solution[Leventina,Pellet,High,SFH,PVno]",5.99664,5.99664,5.99664,5.99664,5.99664,5.99664,5.99664,5.99664,5.99664,5.99664,5.99664,5.99664,5.99664,5.99664,5.99664
"Initial Heating Solution[Leventina,Pellet,High,SFH,PVyes]",0,0,0,0,0,0,0,0,0,0,0,0,0,0,0
"Initial Heating Solution[Leventina,Pellet,VeryHigh,DFH,PVno]",0.0105676,0.0105676,0.0105676,0.0105676,0.0105676,0.0105676,0.0105676,0.0105676,0.0105676,0.0105676,0.0105676,0.0105676,0.0105676,0.0105676,0.0105676
"Initial Heating Solution[Leventina,Pellet,VeryHigh,DFH,PVyes]",0,0,0,0,0,0,0,0,0,0,0,0,0,0,0
"Initial Heating Solution[Leventina,Pellet,VeryHigh,MFH,PVno]",0,0,0,0,0,0,0,0,0,0,0,0,0,0,0
"Initial Heating Solution[Leventina,Pellet,VeryHigh,MFH,PVyes]",0,0,0,0,0,0,0,0,0,0,0,0,0,0,0
"Initial Heating Solution[Leventina,Pellet,VeryHigh,SFH,PVno]",0.749367,0.749367,0.749367,0.749367,0.749367,0.749367,0.749367,0.749367,0.749367,0.749367,0.749367,0.749367,0.749367,0.749367,0.749367
"Initial Heating Solution[Leventina,Pellet,VeryHigh,SFH,PVyes]",0,0,0,0,0,0,0,0,0,0,0,0,0,0,0
"Initial Heating Solution[Locarno,DH,VeryLow,DFH,PVno]",13.851,13.851,13.851,13.851,13.851,13.851,13.851,13.851,13.851,13.851,13.851,13.851,13.851,13.851,13.851
"Initial Heating Solution[Locarno,DH,VeryLow,DFH,PVyes]",0,0,0,0,0,0,0,0,0,0,0,0,0,0,0
"Initial Heating Solution[Locarno,DH,VeryLow,MFH,PVno]",28.0539,28.0539,28.0539,28.0539,28.0539,28.0539,28.0539,28.0539,28.0539,28.0539,28.0539,28.0539,28.0539,28.0539,28.0539
"Initial Heating Solution[Locarno,DH,VeryLow,MFH,PVyes]",0,0,0,0,0,0,0,0,0,0,0,0,0,0,0
"Initial Heating Solution[Locarno,DH,VeryLow,SFH,PVno]",24.8482,24.8482,24.8482,24.8482,24.8482,24.8482,24.8482,24.8482,24.8482,24.8482,24.8482,24.8482,24.8482,24.8482,24.8482
"Initial Heating Solution[Locarno,DH,VeryLow,SFH,PVyes]",0,0,0,0,0,0,0,0,0,0,0,0,0,0,0
"Initial Heating Solution[Locarno,DH,Low,DFH,PVno]",2.79476,2.79476,2.79476,2.79476,2.79476,2.79476,2.79476,2.79476,2.79476,2.79476,2.79476,2.79476,2.79476,2.79476,2.79476
"Initial Heating Solution[Locarno,DH,Low,DFH,PVyes]",0,0,0,0,0,0,0,0,0,0,0,0,0,0,0
"Initial Heating Solution[Locarno,DH,Low,MFH,PVno]",9.06919,9.06919,9.06919,9.06919,9.06919,9.06919,9.06919,9.06919,9.06919,9.06919,9.06919,9.06919,9.06919,9.06919,9.06919
"Initial Heating Solution[Locarno,DH,Low,MFH,PVyes]",0,0,0,0,0,0,0,0,0,0,0,0,0,0,0
"Initial Heating Solution[Locarno,DH,Low,SFH,PVno]",21.8685,21.8685,21.8685,21.8685,21.8685,21.8685,21.8685,21.8685,21.8685,21.8685,21.8685,21.8685,21.8685,21.8685,21.8685
"Initial Heating Solution[Locarno,DH,Low,SFH,PVyes]",0,0,0,0,0,0,0,0,0,0,0,0,0,0,0
"Initial Heating Solution[Locarno,DH,Moderate,DFH,PVno]",0.507694,0.507694,0.507694,0.507694,0.507694,0.507694,0.507694,0.507694,0.507694,0.507694,0.507694,0.507694,0.507694,0.507694,0.507694
"Initial Heating Solution[Locarno,DH,Moderate,DFH,PVyes]",0,0,0,0,0,0,0,0,0,0,0,0,0,0,0
"Initial Heating Solution[Locarno,DH,Moderate,MFH,PVno]",2.35654,2.35654,2.35654,2.35654,2.35654,2.35654,2.35654,2.35654,2.35654,2.35654,2.35654,2.35654,2.35654,2.35654,2.35654
"Initial Heating Solution[Locarno,DH,Moderate,MFH,PVyes]",0,0,0,0,0,0,0,0,0,0,0,0,0,0,0
"Initial Heating Solution[Locarno,DH,Moderate,SFH,PVno]",4.34673,4.34673,4.34673,4.34673,4.34673,4.34673,4.34673,4.34673,4.34673,4.34673,4.34673,4.34673,4.34673,4.34673,4.34673
"Initial Heating Solution[Locarno,DH,Moderate,SFH,PVyes]",0,0,0,0,0,0,0,0,0,0,0,0,0,0,0
"Initial Heating Solution[Locarno,DH,High,DFH,PVno]",0.19707,0.19707,0.19707,0.19707,0.19707,0.19707,0.19707,0.19707,0.19707,0.19707,0.19707,0.19707,0.19707,0.19707,0.19707
"Initial Heating Solution[Locarno,DH,High,DFH,PVyes]",0,0,0,0,0,0,0,0,0,0,0,0,0,0,0
"Initial Heating Solution[Locarno,DH,High,MFH,PVno]",0.994582,0.994582,0.994582,0.994582,0.994582,0.994582,0.994582,0.994582,0.994582,0.994582,0.994582,0.994582,0.994582,0.994582,0.994582
"Initial Heating Solution[Locarno,DH,High,MFH,PVyes]",0,0,0,0,0,0,0,0,0,0,0,0,0,0,0
"Initial Heating Solution[Locarno,DH,High,SFH,PVno]",2.32529,2.32529,2.32529,2.32529,2.32529,2.32529,2.32529,2.32529,2.32529,2.32529,2.32529,2.32529,2.32529,2.32529,2.32529
"Initial Heating Solution[Locarno,DH,High,SFH,PVyes]",0,0,0,0,0,0,0,0,0,0,0,0,0,0,0
"Initial Heating Solution[Locarno,DH,VeryHigh,DFH,PVno]",0.0154147,0.0154147,0.0154147,0.0154147,0.0154147,0.0154147,0.0154147,0.0154147,0.0154147,0.0154147,0.0154147,0.0154147,0.0154147,0.0154147,0.0154147
"Initial Heating Solution[Locarno,DH,VeryHigh,DFH,PVyes]",0,0,0,0,0,0,0,0,0,0,0,0,0,0,0
"Initial Heating Solution[Locarno,DH,VeryHigh,MFH,PVno]",0.0462442,0.0462442,0.0462442,0.0462442,0.0462442,0.0462442,0.0462442,0.0462442,0.0462442,0.0462442,0.0462442,0.0462442,0.0462442,0.0462442,0.0462442
"Initial Heating Solution[Locarno,DH,VeryHigh,MFH,PVyes]",0,0,0,0,0,0,0,0,0,0,0,0,0,0,0
"Initial Heating Solution[Locarno,DH,VeryHigh,SFH,PVno]",0.156155,0.156155,0.156155,0.156155,0.156155,0.156155,0.156155,0.156155,0.156155,0.156155,0.156155,0.156155,0.156155,0.156155,0.156155
"Initial Heating Solution[Locarno,DH,VeryHigh,SFH,PVyes]",0,0,0,0,0,0,0,0,0,0,0,0,0,0,0
"Initial Heating Solution[Locarno,ElectricHeater,VeryLow,DFH,PVno]",625.566,625.566,625.566,625.566,625.566,625.566,625.566,625.566,625.566,625.566,625.566,625.566,625.566,625.566,625.566
"Initial Heating Solution[Locarno,ElectricHeater,VeryLow,DFH,PVyes]",0,0,0,0,0,0,0,0,0,0,0,0,0,0,0
"Initial Heating Solution[Locarno,ElectricHeater,VeryLow,MFH,PVno]",354.532,354.532,354.532,354.532,354.532,354.532,354.532,354.532,354.532,354.532,354.532,354.532,354.532,354.532,354.532
"Initial Heating Solution[Locarno,ElectricHeater,VeryLow,MFH,PVyes]",0,0,0,0,0,0,0,0,0,0,0,0,0,0,0
"Initial Heating Solution[Locarno,ElectricHeater,VeryLow,SFH,PVno]",1800.29,1800.29,1800.29,1800.29,1800.29,1800.29,1800.29,1800.29,1800.29,1800.29,1800.29,1800.29,1800.29,1800.29,1800.29
"Initial Heating Solution[Locarno,ElectricHeater,VeryLow,SFH,PVyes]",0.792232,0.792232,0.792232,0.792232,0.792232,0.792232,0.792232,0.792232,0.792232,0.792232,0.792232,0.792232,0.792232,0.792232,0.792232
"Initial Heating Solution[Locarno,ElectricHeater,Low,DFH,PVno]",58.2926,58.2926,58.2926,58.2926,58.2926,58.2926,58.2926,58.2926,58.2926,58.2926,58.2926,58.2926,58.2926,58.2926,58.2926
"Initial Heating Solution[Locarno,ElectricHeater,Low,DFH,PVyes]",0,0,0,0,0,0,0,0,0,0,0,0,0,0,0
"Initial Heating Solution[Locarno,ElectricHeater,Low,MFH,PVno]",43.653,43.653,43.653,43.653,43.653,43.653,43.653,43.653,43.653,43.653,43.653,43.653,43.653,43.653,43.653
"Initial Heating Solution[Locarno,ElectricHeater,Low,MFH,PVyes]",0,0,0,0,0,0,0,0,0,0,0,0,0,0,0
"Initial Heating Solution[Locarno,ElectricHeater,Low,SFH,PVno]",1225.84,1225.84,1225.84,1225.84,1225.84,1225.84,1225.84,1225.84,1225.84,1225.84,1225.84,1225.84,1225.84,1225.84,1225.84
"Initial Heating Solution[Locarno,ElectricHeater,Low,SFH,PVyes]",1.23616,1.23616,1.23616,1.23616,1.23616,1.23616,1.23616,1.23616,1.23616,1.23616,1.23616,1.23616,1.23616,1.23616,1.23616
"Initial Heating Solution[Locarno,ElectricHeater,Moderate,DFH,PVno]",8.8942,8.8942,8.8942,8.8942,8.8942,8.8942,8.8942,8.8942,8.8942,8.8942,8.8942,8.8942,8.8942,8.8942,8.8942
"Initial Heating Solution[Locarno,ElectricHeater,Moderate,DFH,PVyes]",0,0,0,0,0,0,0,0,0,0,0,0,0,0,0
"Initial Heating Solution[Locarno,ElectricHeater,Moderate,MFH,PVno]",6.16588,6.16588,6.16588,6.16588,6.16588,6.16588,6.16588,6.16588,6.16588,6.16588,6.16588,6.16588,6.16588,6.16588,6.16588
"Initial Heating Solution[Locarno,ElectricHeater,Moderate,MFH,PVyes]",0,0,0,0,0,0,0,0,0,0,0,0,0,0,0
"Initial Heating Solution[Locarno,ElectricHeater,Moderate,SFH,PVno]",181.18,181.18,181.18,181.18,181.18,181.18,181.18,181.18,181.18,181.18,181.18,181.18,181.18,181.18,181.18
"Initial Heating Solution[Locarno,ElectricHeater,Moderate,SFH,PVyes]",0.175076,0.175076,0.175076,0.175076,0.175076,0.175076,0.175076,0.175076,0.175076,0.175076,0.175076,0.175076,0.175076,0.175076,0.175076
"Initial Heating Solution[Locarno,ElectricHeater,High,DFH,PVno]",3.02052,3.02052,3.02052,3.02052,3.02052,3.02052,3.02052,3.02052,3.02052,3.02052,3.02052,3.02052,3.02052,3.02052,3.02052
"Initial Heating Solution[Locarno,ElectricHeater,High,DFH,PVyes]",0,0,0,0,0,0,0,0,0,0,0,0,0,0,0
"Initial Heating Solution[Locarno,ElectricHeater,High,MFH,PVno]",1.89928,1.89928,1.89928,1.89928,1.89928,1.89928,1.89928,1.89928,1.89928,1.89928,1.89928,1.89928,1.89928,1.89928,1.89928
"Initial Heating Solution[Locarno,ElectricHeater,High,MFH,PVyes]",0,0,0,0,0,0,0,0,0,0,0,0,0,0,0
"Initial Heating Solution[Locarno,ElectricHeater,High,SFH,PVno]",77.3595,77.3595,77.3595,77.3595,77.3595,77.3595,77.3595,77.3595,77.3595,77.3595,77.3595,77.3595,77.3595,77.3595,77.3595
"Initial Heating Solution[Locarno,ElectricHeater,High,SFH,PVyes]",0.04127,0.04127,0.04127,0.04127,0.04127,0.04127,0.04127,0.04127,0.04127,0.04127,0.04127,0.04127,0.04127,0.04127,0.04127
"Initial Heating Solution[Locarno,ElectricHeater,VeryHigh,DFH,PVno]",0.0956413,0.0956413,0.0956413,0.0956413,0.0956413,0.0956413,0.0956413,0.0956413,0.0956413,0.0956413,0.0956413,0.0956413,0.0956413,0.0956413,0.0956413
"Initial Heating Solution[Locarno,ElectricHeater,VeryHigh,DFH,PVyes]",0,0,0,0,0,0,0,0,0,0,0,0,0,0,0
"Initial Heating Solution[Locarno,ElectricHeater,VeryHigh,MFH,PVno]",0.0478206,0.0478206,0.0478206,0.0478206,0.0478206,0.0478206,0.0478206,0.0478206,0.0478206,0.0478206,0.0478206,0.0478206,0.0478206,0.0478206,0.0478206
"Initial Heating Solution[Locarno,ElectricHeater,VeryHigh,MFH,PVyes]",0,0,0,0,0,0,0,0,0,0,0,0,0,0,0
"Initial Heating Solution[Locarno,ElectricHeater,VeryHigh,SFH,PVno]",3.87548,3.87548,3.87548,3.87548,3.87548,3.87548,3.87548,3.87548,3.87548,3.87548,3.87548,3.87548,3.87548,3.87548,3.87548
"Initial Heating Solution[Locarno,ElectricHeater,VeryHigh,SFH,PVyes]",0,0,0,0,0,0,0,0,0,0,0,0,0,0,0
"Initial Heating Solution[Locarno,Gas,VeryLow,DFH,PVno]",16.2149,16.2149,16.2149,16.2149,16.2149,16.2149,16.2149,16.2149,16.2149,16.2149,16.2149,16.2149,16.2149,16.2149,16.2149
"Initial Heating Solution[Locarno,Gas,VeryLow,DFH,PVyes]",0,0,0,0,0,0,0,0,0,0,0,0,0,0,0
"Initial Heating Solution[Locarno,Gas,VeryLow,MFH,PVno]",9.70897,9.70897,9.70897,9.70897,9.70897,9.70897,9.70897,9.70897,9.70897,9.70897,9.70897,9.70897,9.70897,9.70897,9.70897
"Initial Heating Solution[Locarno,Gas,VeryLow,MFH,PVyes]",0,0,0,0,0,0,0,0,0,0,0,0,0,0,0
"Initial Heating Solution[Locarno,Gas,VeryLow,SFH,PVno]",40.7467,40.7467,40.7467,40.7467,40.7467,40.7467,40.7467,40.7467,40.7467,40.7467,40.7467,40.7467,40.7467,40.7467,40.7467
"Initial Heating Solution[Locarno,Gas,VeryLow,SFH,PVyes]",0,0,0,0,0,0,0,0,0,0,0,0,0,0,0
"Initial Heating Solution[Locarno,Gas,Low,DFH,PVno]",2.75187,2.75187,2.75187,2.75187,2.75187,2.75187,2.75187,2.75187,2.75187,2.75187,2.75187,2.75187,2.75187,2.75187,2.75187
"Initial Heating Solution[Locarno,Gas,Low,DFH,PVyes]",0,0,0,0,0,0,0,0,0,0,0,0,0,0,0
"Initial Heating Solution[Locarno,Gas,Low,MFH,PVno]",4.1591,4.1591,4.1591,4.1591,4.1591,4.1591,4.1591,4.1591,4.1591,4.1591,4.1591,4.1591,4.1591,4.1591,4.1591
"Initial Heating Solution[Locarno,Gas,Low,MFH,PVyes]",0,0,0,0,0,0,0,0,0,0,0,0,0,0,0
"Initial Heating Solution[Locarno,Gas,Low,SFH,PVno]",30.0595,30.0595,30.0595,30.0595,30.0595,30.0595,30.0595,30.0595,30.0595,30.0595,30.0595,30.0595,30.0595,30.0595,30.0595
"Initial Heating Solution[Locarno,Gas,Low,SFH,PVyes]",0,0,0,0,0,0,0,0,0,0,0,0,0,0,0
"Initial Heating Solution[Locarno,Gas,Moderate,DFH,PVno]",0.840066,0.840066,0.840066,0.840066,0.840066,0.840066,0.840066,0.840066,0.840066,0.840066,0.840066,0.840066,0.840066,0.840066,0.840066
"Initial Heating Solution[Locarno,Gas,Moderate,DFH,PVyes]",0,0,0,0,0,0,0,0,0,0,0,0,0,0,0
"Initial Heating Solution[Locarno,Gas,Moderate,MFH,PVno]",1.4214,1.4214,1.4214,1.4214,1.4214,1.4214,1.4214,1.4214,1.4214,1.4214,1.4214,1.4214,1.4214,1.4214,1.4214
"Initial Heating Solution[Locarno,Gas,Moderate,MFH,PVyes]",0,0,0,0,0,0,0,0,0,0,0,0,0,0,0
"Initial Heating Solution[Locarno,Gas,Moderate,SFH,PVno]",6.48434,6.48434,6.48434,6.48434,6.48434,6.48434,6.48434,6.48434,6.48434,6.48434,6.48434,6.48434,6.48434,6.48434,6.48434
"Initial Heating Solution[Locarno,Gas,Moderate,SFH,PVyes]",0,0,0,0,0,0,0,0,0,0,0,0,0,0,0
"Initial Heating Solution[Locarno,Gas,High,DFH,PVno]",0.396282,0.396282,0.396282,0.396282,0.396282,0.396282,0.396282,0.396282,0.396282,0.396282,0.396282,0.396282,0.396282,0.396282,0.396282
"Initial Heating Solution[Locarno,Gas,High,DFH,PVyes]",0,0,0,0,0,0,0,0,0,0,0,0,0,0,0
"Initial Heating Solution[Locarno,Gas,High,MFH,PVno]",0.718432,0.718432,0.718432,0.718432,0.718432,0.718432,0.718432,0.718432,0.718432,0.718432,0.718432,0.718432,0.718432,0.718432,0.718432
"Initial Heating Solution[Locarno,Gas,High,MFH,PVyes]",0,0,0,0,0,0,0,0,0,0,0,0,0,0,0
"Initial Heating Solution[Locarno,Gas,High,SFH,PVno]",4.66649,4.66649,4.66649,4.66649,4.66649,4.66649,4.66649,4.66649,4.66649,4.66649,4.66649,4.66649,4.66649,4.66649,4.66649
"Initial Heating Solution[Locarno,Gas,High,SFH,PVyes]",0,0,0,0,0,0,0,0,0,0,0,0,0,0,0
"Initial Heating Solution[Locarno,Gas,VeryHigh,DFH,PVno]",0.0331617,0.0331617,0.0331617,0.0331617,0.0331617,0.0331617,0.0331617,0.0331617,0.0331617,0.0331617,0.0331617,0.0331617,0.0331617,0.0331617,0.0331617
"Initial Heating Solution[Locarno,Gas,VeryHigh,DFH,PVyes]",0,0,0,0,0,0,0,0,0,0,0,0,0,0,0
"Initial Heating Solution[Locarno,Gas,VeryHigh,MFH,PVno]",0.0773774,0.0773774,0.0773774,0.0773774,0.0773774,0.0773774,0.0773774,0.0773774,0.0773774,0.0773774,0.0773774,0.0773774,0.0773774,0.0773774,0.0773774
"Initial Heating Solution[Locarno,Gas,VeryHigh,MFH,PVyes]",0,0,0,0,0,0,0,0,0,0,0,0,0,0,0
"Initial Heating Solution[Locarno,Gas,VeryHigh,SFH,PVno]",1.0638,1.0638,1.0638,1.0638,1.0638,1.0638,1.0638,1.0638,1.0638,1.0638,1.0638,1.0638,1.0638,1.0638,1.0638
"Initial Heating Solution[Locarno,Gas,VeryHigh,SFH,PVyes]",0,0,0,0,0,0,0,0,0,0,0,0,0,0,0
"Initial Heating Solution[Locarno,HPST,VeryLow,DFH,PVno]",7.47127,7.47127,7.47127,7.47127,7.47127,7.47127,7.47127,7.47127,7.47127,7.47127,7.47127,7.47127,7.47127,7.47127,7.47127
"Initial Heating Solution[Locarno,HPST,VeryLow,DFH,PVyes]",0,0,0,0,0,0,0,0,0,0,0,0,0,0,0
"Initial Heating Solution[Locarno,HPST,VeryLow,MFH,PVno]",0.832665,0.832665,0.832665,0.832665,0.832665,0.832665,0.832665,0.832665,0.832665,0.832665,0.832665,0.832665,0.832665,0.832665,0.832665
"Initial Heating Solution[Locarno,HPST,VeryLow,MFH,PVyes]",0,0,0,0,0,0,0,0,0,0,0,0,0,0,0
"Initial Heating Solution[Locarno,HPST,VeryLow,SFH,PVno]",8.53468,8.53468,8.53468,8.53468,8.53468,8.53468,8.53468,8.53468,8.53468,8.53468,8.53468,8.53468,8.53468,8.53468,8.53468
"Initial Heating Solution[Locarno,HPST,VeryLow,SFH,PVyes]",0,0,0,0,0,0,0,0,0,0,0,0,0,0,0
"Initial Heating Solution[Locarno,HPST,Low,DFH,PVno]",3.50452,3.50452,3.50452,3.50452,3.50452,3.50452,3.50452,3.50452,3.50452,3.50452,3.50452,3.50452,3.50452,3.50452,3.50452
"Initial Heating Solution[Locarno,HPST,Low,DFH,PVyes]",0,0,0,0,0,0,0,0,0,0,0,0,0,0,0
"Initial Heating Solution[Locarno,HPST,Low,MFH,PVno]",3.01641,3.01641,3.01641,3.01641,3.01641,3.01641,3.01641,3.01641,3.01641,3.01641,3.01641,3.01641,3.01641,3.01641,3.01641
"Initial Heating Solution[Locarno,HPST,Low,MFH,PVyes]",0,0,0,0,0,0,0,0,0,0,0,0,0,0,0
"Initial Heating Solution[Locarno,HPST,Low,SFH,PVno]",14.8269,14.8269,14.8269,14.8269,14.8269,14.8269,14.8269,14.8269,14.8269,14.8269,14.8269,14.8269,14.8269,14.8269,14.8269
"Initial Heating Solution[Locarno,HPST,Low,SFH,PVyes]",0.974396,0.974396,0.974396,0.974396,0.974396,0.974396,0.974396,0.974396,0.974396,0.974396,0.974396,0.974396,0.974396,0.974396,0.974396
"Initial Heating Solution[Locarno,HPST,Moderate,DFH,PVno]",1.33755,1.33755,1.33755,1.33755,1.33755,1.33755,1.33755,1.33755,1.33755,1.33755,1.33755,1.33755,1.33755,1.33755,1.33755
"Initial Heating Solution[Locarno,HPST,Moderate,DFH,PVyes]",0,0,0,0,0,0,0,0,0,0,0,0,0,0,0
"Initial Heating Solution[Locarno,HPST,Moderate,MFH,PVno]",1.0952,1.0952,1.0952,1.0952,1.0952,1.0952,1.0952,1.0952,1.0952,1.0952,1.0952,1.0952,1.0952,1.0952,1.0952
"Initial Heating Solution[Locarno,HPST,Moderate,MFH,PVyes]",0,0,0,0,0,0,0,0,0,0,0,0,0,0,0
"Initial Heating Solution[Locarno,HPST,Moderate,SFH,PVno]",9.91534,9.91534,9.91534,9.91534,9.91534,9.91534,9.91534,9.91534,9.91534,9.91534,9.91534,9.91534,9.91534,9.91534,9.91534
"Initial Heating Solution[Locarno,HPST,Moderate,SFH,PVyes]",1.11742,1.11742,1.11742,1.11742,1.11742,1.11742,1.11742,1.11742,1.11742,1.11742,1.11742,1.11742,1.11742,1.11742,1.11742
"Initial Heating Solution[Locarno,HPST,High,DFH,PVno]",0.705889,0.705889,0.705889,0.705889,0.705889,0.705889,0.705889,0.705889,0.705889,0.705889,0.705889,0.705889,0.705889,0.705889,0.705889
"Initial Heating Solution[Locarno,HPST,High,DFH,PVyes]",0,0,0,0,0,0,0,0,0,0,0,0,0,0,0
"Initial Heating Solution[Locarno,HPST,High,MFH,PVno]",0.589832,0.589832,0.589832,0.589832,0.589832,0.589832,0.589832,0.589832,0.589832,0.589832,0.589832,0.589832,0.589832,0.589832,0.589832
"Initial Heating Solution[Locarno,HPST,High,MFH,PVyes]",0,0,0,0,0,0,0,0,0,0,0,0,0,0,0
"Initial Heating Solution[Locarno,HPST,High,SFH,PVno]",10.2744,10.2744,10.2744,10.2744,10.2744,10.2744,10.2744,10.2744,10.2744,10.2744,10.2744,10.2744,10.2744,10.2744,10.2744
"Initial Heating Solution[Locarno,HPST,High,SFH,PVyes]",1.2469,1.2469,1.2469,1.2469,1.2469,1.2469,1.2469,1.2469,1.2469,1.2469,1.2469,1.2469,1.2469,1.2469,1.2469
"Initial Heating Solution[Locarno,HPST,VeryHigh,DFH,PVno]",0.0797293,0.0797293,0.0797293,0.0797293,0.0797293,0.0797293,0.0797293,0.0797293,0.0797293,0.0797293,0.0797293,0.0797293,0.0797293,0.0797293,0.0797293
"Initial Heating Solution[Locarno,HPST,VeryHigh,DFH,PVyes]",0,0,0,0,0,0,0,0,0,0,0,0,0,0,0
"Initial Heating Solution[Locarno,HPST,VeryHigh,MFH,PVno]",0.0797293,0.0797293,0.0797293,0.0797293,0.0797293,0.0797293,0.0797293,0.0797293,0.0797293,0.0797293,0.0797293,0.0797293,0.0797293,0.0797293,0.0797293
"Initial Heating Solution[Locarno,HPST,VeryHigh,MFH,PVyes]",0,0,0,0,0,0,0,0,0,0,0,0,0,0,0
"Initial Heating Solution[Locarno,HPST,VeryHigh,SFH,PVno]",3.23071,3.23071,3.23071,3.23071,3.23071,3.23071,3.23071,3.23071,3.23071,3.23071,3.23071,3.23071,3.23071,3.23071,3.23071
"Initial Heating Solution[Locarno,HPST,VeryHigh,SFH,PVyes]",0.215809,0.215809,0.215809,0.215809,0.215809,0.215809,0.215809,0.215809,0.215809,0.215809,0.215809,0.215809,0.215809,0.215809,0.215809
"Initial Heating Solution[Locarno,HeatPump,VeryLow,DFH,PVno]",58.9296,58.9296,58.9296,58.9296,58.9296,58.9296,58.9296,58.9296,58.9296,58.9296,58.9296,58.9296,58.9296,58.9296,58.9296
"Initial Heating Solution[Locarno,HeatPump,VeryLow,DFH,PVyes]",0,0,0,0,0,0,0,0,0,0,0,0,0,0,0
"Initial Heating Solution[Locarno,HeatPump,VeryLow,MFH,PVno]",42.2934,42.2934,42.2934,42.2934,42.2934,42.2934,42.2934,42.2934,42.2934,42.2934,42.2934,42.2934,42.2934,42.2934,42.2934
"Initial Heating Solution[Locarno,HeatPump,VeryLow,MFH,PVyes]",0,0,0,0,0,0,0,0,0,0,0,0,0,0,0
"Initial Heating Solution[Locarno,HeatPump,VeryLow,SFH,PVno]",101.592,101.592,101.592,101.592,101.592,101.592,101.592,101.592,101.592,101.592,101.592,101.592,101.592,101.592,101.592
"Initial Heating Solution[Locarno,HeatPump,VeryLow,SFH,PVyes]",0.584364,0.584364,0.584364,0.584364,0.584364,0.584364,0.584364,0.584364,0.584364,0.584364,0.584364,0.584364,0.584364,0.584364,0.584364
"Initial Heating Solution[Locarno,HeatPump,Low,DFH,PVno]",50.4187,50.4187,50.4187,50.4187,50.4187,50.4187,50.4187,50.4187,50.4187,50.4187,50.4187,50.4187,50.4187,50.4187,50.4187
"Initial Heating Solution[Locarno,HeatPump,Low,DFH,PVyes]",0,0,0,0,0,0,0,0,0,0,0,0,0,0,0
"Initial Heating Solution[Locarno,HeatPump,Low,MFH,PVno]",93.2472,93.2472,93.2472,93.2472,93.2472,93.2472,93.2472,93.2472,93.2472,93.2472,93.2472,93.2472,93.2472,93.2472,93.2472
"Initial Heating Solution[Locarno,HeatPump,Low,MFH,PVyes]",0,0,0,0,0,0,0,0,0,0,0,0,0,0,0
"Initial Heating Solution[Locarno,HeatPump,Low,SFH,PVno]",200.915,200.915,200.915,200.915,200.915,200.915,200.915,200.915,200.915,200.915,200.915,200.915,200.915,200.915,200.915
"Initial Heating Solution[Locarno,HeatPump,Low,SFH,PVyes]",1.55901,1.55901,1.55901,1.55901,1.55901,1.55901,1.55901,1.55901,1.55901,1.55901,1.55901,1.55901,1.55901,1.55901,1.55901
"Initial Heating Solution[Locarno,HeatPump,Moderate,DFH,PVno]",20.3448,20.3448,20.3448,20.3448,20.3448,20.3448,20.3448,20.3448,20.3448,20.3448,20.3448,20.3448,20.3448,20.3448,20.3448
"Initial Heating Solution[Locarno,HeatPump,Moderate,DFH,PVyes]",0,0,0,0,0,0,0,0,0,0,0,0,0,0,0
"Initial Heating Solution[Locarno,HeatPump,Moderate,MFH,PVno]",42.7264,42.7264,42.7264,42.7264,42.7264,42.7264,42.7264,42.7264,42.7264,42.7264,42.7264,42.7264,42.7264,42.7264,42.7264
"Initial Heating Solution[Locarno,HeatPump,Moderate,MFH,PVyes]",0,0,0,0,0,0,0,0,0,0,0,0,0,0,0
"Initial Heating Solution[Locarno,HeatPump,Moderate,SFH,PVno]",137.972,137.972,137.972,137.972,137.972,137.972,137.972,137.972,137.972,137.972,137.972,137.972,137.972,137.972,137.972
"Initial Heating Solution[Locarno,HeatPump,Moderate,SFH,PVyes]",0.730341,0.730341,0.730341,0.730341,0.730341,0.730341,0.730341,0.730341,0.730341,0.730341,0.730341,0.730341,0.730341,0.730341,0.730341
"Initial Heating Solution[Locarno,HeatPump,High,DFH,PVno]",11.0891,11.0891,11.0891,11.0891,11.0891,11.0891,11.0891,11.0891,11.0891,11.0891,11.0891,11.0891,11.0891,11.0891,11.0891
"Initial Heating Solution[Locarno,HeatPump,High,DFH,PVyes]",0,0,0,0,0,0,0,0,0,0,0,0,0,0,0
"Initial Heating Solution[Locarno,HeatPump,High,MFH,PVno]",24.2253,24.2253,24.2253,24.2253,24.2253,24.2253,24.2253,24.2253,24.2253,24.2253,24.2253,24.2253,24.2253,24.2253,24.2253
"Initial Heating Solution[Locarno,HeatPump,High,MFH,PVyes]",0,0,0,0,0,0,0,0,0,0,0,0,0,0,0
"Initial Heating Solution[Locarno,HeatPump,High,SFH,PVno]",141.318,141.318,141.318,141.318,141.318,141.318,141.318,141.318,141.318,141.318,141.318,141.318,141.318,141.318,141.318
"Initial Heating Solution[Locarno,HeatPump,High,SFH,PVyes]",0.66693,0.66693,0.66693,0.66693,0.66693,0.66693,0.66693,0.66693,0.66693,0.66693,0.66693,0.66693,0.66693,0.66693,0.66693
"Initial Heating Solution[Locarno,HeatPump,VeryHigh,DFH,PVno]",1.43513,1.43513,1.43513,1.43513,1.43513,1.43513,1.43513,1.43513,1.43513,1.43513,1.43513,1.43513,1.43513,1.43513,1.43513
"Initial Heating Solution[Locarno,HeatPump,VeryHigh,DFH,PVyes]",0,0,0,0,0,0,0,0,0,0,0,0,0,0,0
"Initial Heating Solution[Locarno,HeatPump,VeryHigh,MFH,PVno]",3.34863,3.34863,3.34863,3.34863,3.34863,3.34863,3.34863,3.34863,3.34863,3.34863,3.34863,3.34863,3.34863,3.34863,3.34863
"Initial Heating Solution[Locarno,HeatPump,VeryHigh,MFH,PVyes]",0,0,0,0,0,0,0,0,0,0,0,0,0,0,0
"Initial Heating Solution[Locarno,HeatPump,VeryHigh,SFH,PVno]",43.2108,43.2108,43.2108,43.2108,43.2108,43.2108,43.2108,43.2108,43.2108,43.2108,43.2108,43.2108,43.2108,43.2108,43.2108
"Initial Heating Solution[Locarno,HeatPump,VeryHigh,SFH,PVyes]",0.107904,0.107904,0.107904,0.107904,0.107904,0.107904,0.107904,0.107904,0.107904,0.107904,0.107904,0.107904,0.107904,0.107904,0.107904
"Initial Heating Solution[Locarno,Oil,VeryLow,DFH,PVno]",1931.27,1931.27,1931.27,1931.27,1931.27,1931.27,1931.27,1931.27,1931.27,1931.27,1931.27,1931.27,1931.27,1931.27,1931.27
"Initial Heating Solution[Locarno,Oil,VeryLow,DFH,PVyes]",2.3653,2.3653,2.3653,2.3653,2.3653,2.3653,2.3653,2.3653,2.3653,2.3653,2.3653,2.3653,2.3653,2.3653,2.3653
"Initial Heating Solution[Locarno,Oil,VeryLow,MFH,PVno]",1988.71,1988.71,1988.71,1988.71,1988.71,1988.71,1988.71,1988.71,1988.71,1988.71,1988.71,1988.71,1988.71,1988.71,1988.71
"Initial Heating Solution[Locarno,Oil,VeryLow,MFH,PVyes]",2.9799,2.9799,2.9799,2.9799,2.9799,2.9799,2.9799,2.9799,2.9799,2.9799,2.9799,2.9799,2.9799,2.9799,2.9799
"Initial Heating Solution[Locarno,Oil,VeryLow,SFH,PVno]",2661.42,2661.42,2661.42,2661.42,2661.42,2661.42,2661.42,2661.42,2661.42,2661.42,2661.42,2661.42,2661.42,2661.42,2661.42
"Initial Heating Solution[Locarno,Oil,VeryLow,SFH,PVyes]",1.50389,1.50389,1.50389,1.50389,1.50389,1.50389,1.50389,1.50389,1.50389,1.50389,1.50389,1.50389,1.50389,1.50389,1.50389
"Initial Heating Solution[Locarno,Oil,Low,DFH,PVno]",286.485,286.485,286.485,286.485,286.485,286.485,286.485,286.485,286.485,286.485,286.485,286.485,286.485,286.485,286.485
"Initial Heating Solution[Locarno,Oil,Low,DFH,PVyes]",0.500269,0.500269,0.500269,0.500269,0.500269,0.500269,0.500269,0.500269,0.500269,0.500269,0.500269,0.500269,0.500269,0.500269,0.500269
"Initial Heating Solution[Locarno,Oil,Low,MFH,PVno]",371.949,371.949,371.949,371.949,371.949,371.949,371.949,371.949,371.949,371.949,371.949,371.949,371.949,371.949,371.949
"Initial Heating Solution[Locarno,Oil,Low,MFH,PVyes]",0.020051,0.020051,0.020051,0.020051,0.020051,0.020051,0.020051,0.020051,0.020051,0.020051,0.020051,0.020051,0.020051,0.020051,0.020051
"Initial Heating Solution[Locarno,Oil,Low,SFH,PVno]",2709.01,2709.01,2709.01,2709.01,2709.01,2709.01,2709.01,2709.01,2709.01,2709.01,2709.01,2709.01,2709.01,2709.01,2709.01
"Initial Heating Solution[Locarno,Oil,Low,SFH,PVyes]",1.88233,1.88233,1.88233,1.88233,1.88233,1.88233,1.88233,1.88233,1.88233,1.88233,1.88233,1.88233,1.88233,1.88233,1.88233
"Initial Heating Solution[Locarno,Oil,Moderate,DFH,PVno]",56.5842,56.5842,56.5842,56.5842,56.5842,56.5842,56.5842,56.5842,56.5842,56.5842,56.5842,56.5842,56.5842,56.5842,56.5842
"Initial Heating Solution[Locarno,Oil,Moderate,DFH,PVyes]",0.0166192,0.0166192,0.0166192,0.0166192,0.0166192,0.0166192,0.0166192,0.0166192,0.0166192,0.0166192,0.0166192,0.0166192,0.0166192,0.0166192,0.0166192
"Initial Heating Solution[Locarno,Oil,Moderate,MFH,PVno]",83.5891,83.5891,83.5891,83.5891,83.5891,83.5891,83.5891,83.5891,83.5891,83.5891,83.5891,83.5891,83.5891,83.5891,83.5891
"Initial Heating Solution[Locarno,Oil,Moderate,MFH,PVyes]",4.68639E-05,4.68639E-05,4.68639E-05,4.68639E-05,4.68639E-05,4.68639E-05,4.68639E-05,4.68639E-05,4.68639E-05,4.68639E-05,4.68639E-05,4.68639E-05,4.68639E-05,4.68639E-05,4.68639E-05
"Initial Heating Solution[Locarno,Oil,Moderate,SFH,PVno]",670.993,670.993,670.993,670.993,670.993,670.993,670.993,670.993,670.993,670.993,670.993,670.993,670.993,670.993,670.993
"Initial Heating Solution[Locarno,Oil,Moderate,SFH,PVyes]",0.358086,0.358086,0.358086,0.358086,0.358086,0.358086,0.358086,0.358086,0.358086,0.358086,0.358086,0.358086,0.358086,0.358086,0.358086
"Initial Heating Solution[Locarno,Oil,High,DFH,PVno]",22.7066,22.7066,22.7066,22.7066,22.7066,22.7066,22.7066,22.7066,22.7066,22.7066,22.7066,22.7066,22.7066,22.7066,22.7066
"Initial Heating Solution[Locarno,Oil,High,DFH,PVyes]",4.39614E-05,4.39614E-05,4.39614E-05,4.39614E-05,4.39614E-05,4.39614E-05,4.39614E-05,4.39614E-05,4.39614E-05,4.39614E-05,4.39614E-05,4.39614E-05,4.39614E-05,4.39614E-05,4.39614E-05
"Initial Heating Solution[Locarno,Oil,High,MFH,PVno]",35.9632,35.9632,35.9632,35.9632,35.9632,35.9632,35.9632,35.9632,35.9632,35.9632,35.9632,35.9632,35.9632,35.9632,35.9632
"Initial Heating Solution[Locarno,Oil,High,MFH,PVyes]",1.128E-06,1.128E-06,1.128E-06,1.128E-06,1.128E-06,1.128E-06,1.128E-06,1.128E-06,1.128E-06,1.128E-06,1.128E-06,1.128E-06,1.128E-06,1.128E-06,1.128E-06
"Initial Heating Solution[Locarno,Oil,High,SFH,PVno]",404.777,404.777,404.777,404.777,404.777,404.777,404.777,404.777,404.777,404.777,404.777,404.777,404.777,404.777,404.777
"Initial Heating Solution[Locarno,Oil,High,SFH,PVyes]",0.082245,0.082245,0.082245,0.082245,0.082245,0.082245,0.082245,0.082245,0.082245,0.082245,0.082245,0.082245,0.082245,0.082245,0.082245
"Initial Heating Solution[Locarno,Oil,VeryHigh,DFH,PVno]",1.40304,1.40304,1.40304,1.40304,1.40304,1.40304,1.40304,1.40304,1.40304,1.40304,1.40304,1.40304,1.40304,1.40304,1.40304
"Initial Heating Solution[Locarno,Oil,VeryHigh,DFH,PVyes]",0,0,0,0,0,0,0,0,0,0,0,0,0,0,0
"Initial Heating Solution[Locarno,Oil,VeryHigh,MFH,PVno]",2.73652,2.73652,2.73652,2.73652,2.73652,2.73652,2.73652,2.73652,2.73652,2.73652,2.73652,2.73652,2.73652,2.73652,2.73652
"Initial Heating Solution[Locarno,Oil,VeryHigh,MFH,PVyes]",0,0,0,0,0,0,0,0,0,0,0,0,0,0,0
"Initial Heating Solution[Locarno,Oil,VeryHigh,SFH,PVno]",42.3386,42.3386,42.3386,42.3386,42.3386,42.3386,42.3386,42.3386,42.3386,42.3386,42.3386,42.3386,42.3386,42.3386,42.3386
"Initial Heating Solution[Locarno,Oil,VeryHigh,SFH,PVyes]",0,0,0,0,0,0,0,0,0,0,0,0,0,0,0
"Initial Heating Solution[Locarno,OilST,VeryLow,DFH,PVno]",20.099,20.099,20.099,20.099,20.099,20.099,20.099,20.099,20.099,20.099,20.099,20.099,20.099,20.099,20.099
"Initial Heating Solution[Locarno,OilST,VeryLow,DFH,PVyes]",0,0,0,0,0,0,0,0,0,0,0,0,0,0,0
"Initial Heating Solution[Locarno,OilST,VeryLow,MFH,PVno]",35.7884,35.7884,35.7884,35.7884,35.7884,35.7884,35.7884,35.7884,35.7884,35.7884,35.7884,35.7884,35.7884,35.7884,35.7884
"Initial Heating Solution[Locarno,OilST,VeryLow,MFH,PVyes]",0,0,0,0,0,0,0,0,0,0,0,0,0,0,0
"Initial Heating Solution[Locarno,OilST,VeryLow,SFH,PVno]",11.0187,11.0187,11.0187,11.0187,11.0187,11.0187,11.0187,11.0187,11.0187,11.0187,11.0187,11.0187,11.0187,11.0187,11.0187
"Initial Heating Solution[Locarno,OilST,VeryLow,SFH,PVyes]",0,0,0,0,0,0,0,0,0,0,0,0,0,0,0
"Initial Heating Solution[Locarno,OilST,Low,DFH,PVno]",0.478771,0.478771,0.478771,0.478771,0.478771,0.478771,0.478771,0.478771,0.478771,0.478771,0.478771,0.478771,0.478771,0.478771,0.478771
"Initial Heating Solution[Locarno,OilST,Low,DFH,PVyes]",0,0,0,0,0,0,0,0,0,0,0,0,0,0,0
"Initial Heating Solution[Locarno,OilST,Low,MFH,PVno]",8.8541,8.8541,8.8541,8.8541,8.8541,8.8541,8.8541,8.8541,8.8541,8.8541,8.8541,8.8541,8.8541,8.8541,8.8541
"Initial Heating Solution[Locarno,OilST,Low,MFH,PVyes]",0,0,0,0,0,0,0,0,0,0,0,0,0,0,0
"Initial Heating Solution[Locarno,OilST,Low,SFH,PVno]",11.863,11.863,11.863,11.863,11.863,11.863,11.863,11.863,11.863,11.863,11.863,11.863,11.863,11.863,11.863
"Initial Heating Solution[Locarno,OilST,Low,SFH,PVyes]",0,0,0,0,0,0,0,0,0,0,0,0,0,0,0
"Initial Heating Solution[Locarno,OilST,Moderate,DFH,PVno]",0.00447656,0.00447656,0.00447656,0.00447656,0.00447656,0.00447656,0.00447656,0.00447656,0.00447656,0.00447656,0.00447656,0.00447656,0.00447656,0.00447656,0.00447656
"Initial Heating Solution[Locarno,OilST,Moderate,DFH,PVyes]",0,0,0,0,0,0,0,0,0,0,0,0,0,0,0
"Initial Heating Solution[Locarno,OilST,Moderate,MFH,PVno]",4.12587,4.12587,4.12587,4.12587,4.12587,4.12587,4.12587,4.12587,4.12587,4.12587,4.12587,4.12587,4.12587,4.12587,4.12587
"Initial Heating Solution[Locarno,OilST,Moderate,MFH,PVyes]",0,0,0,0,0,0,0,0,0,0,0,0,0,0,0
"Initial Heating Solution[Locarno,OilST,Moderate,SFH,PVno]",2.12153,2.12153,2.12153,2.12153,2.12153,2.12153,2.12153,2.12153,2.12153,2.12153,2.12153,2.12153,2.12153,2.12153,2.12153
"Initial Heating Solution[Locarno,OilST,Moderate,SFH,PVyes]",0,0,0,0,0,0,0,0,0,0,0,0,0,0,0
"Initial Heating Solution[Locarno,OilST,High,DFH,PVno]",0.000231518,0.000231518,0.000231518,0.000231518,0.000231518,0.000231518,0.000231518,0.000231518,0.000231518,0.000231518,0.000231518,0.000231518,0.000231518,0.000231518,0.000231518
"Initial Heating Solution[Locarno,OilST,High,DFH,PVyes]",0,0,0,0,0,0,0,0,0,0,0,0,0,0,0
"Initial Heating Solution[Locarno,OilST,High,MFH,PVno]",2.35888,2.35888,2.35888,2.35888,2.35888,2.35888,2.35888,2.35888,2.35888,2.35888,2.35888,2.35888,2.35888,2.35888,2.35888
"Initial Heating Solution[Locarno,OilST,High,MFH,PVyes]",0,0,0,0,0,0,0,0,0,0,0,0,0,0,0
"Initial Heating Solution[Locarno,OilST,High,SFH,PVno]",0.724801,0.724801,0.724801,0.724801,0.724801,0.724801,0.724801,0.724801,0.724801,0.724801,0.724801,0.724801,0.724801,0.724801,0.724801
"Initial Heating Solution[Locarno,OilST,High,SFH,PVyes]",0,0,0,0,0,0,0,0,0,0,0,0,0,0,0
"Initial Heating Solution[Locarno,OilST,VeryHigh,DFH,PVno]",0,0,0,0,0,0,0,0,0,0,0,0,0,0,0
"Initial Heating Solution[Locarno,OilST,VeryHigh,DFH,PVyes]",0,0,0,0,0,0,0,0,0,0,0,0,0,0,0
"Initial Heating Solution[Locarno,OilST,VeryHigh,MFH,PVno]",0.328857,0.328857,0.328857,0.328857,0.328857,0.328857,0.328857,0.328857,0.328857,0.328857,0.328857,0.328857,0.328857,0.328857,0.328857
"Initial Heating Solution[Locarno,OilST,VeryHigh,MFH,PVyes]",0,0,0,0,0,0,0,0,0,0,0,0,0,0,0
"Initial Heating Solution[Locarno,OilST,VeryHigh,SFH,PVno]",0,0,0,0,0,0,0,0,0,0,0,0,0,0,0
"Initial Heating Solution[Locarno,OilST,VeryHigh,SFH,PVyes]",0,0,0,0,0,0,0,0,0,0,0,0,0,0,0
"Initial Heating Solution[Locarno,Wood,VeryLow,DFH,PVno]",297.874,297.874,297.874,297.874,297.874,297.874,297.874,297.874,297.874,297.874,297.874,297.874,297.874,297.874,297.874
"Initial Heating Solution[Locarno,Wood,VeryLow,DFH,PVyes]",0,0,0,0,0,0,0,0,0,0,0,0,0,0,0
"Initial Heating Solution[Locarno,Wood,VeryLow,MFH,PVno]",154.456,154.456,154.456,154.456,154.456,154.456,154.456,154.456,154.456,154.456,154.456,154.456,154.456,154.456,154.456
"Initial Heating Solution[Locarno,Wood,VeryLow,MFH,PVyes]",0,0,0,0,0,0,0,0,0,0,0,0,0,0,0
"Initial Heating Solution[Locarno,Wood,VeryLow,SFH,PVno]",1347.2,1347.2,1347.2,1347.2,1347.2,1347.2,1347.2,1347.2,1347.2,1347.2,1347.2,1347.2,1347.2,1347.2,1347.2
"Initial Heating Solution[Locarno,Wood,VeryLow,SFH,PVyes]",1.89644,1.89644,1.89644,1.89644,1.89644,1.89644,1.89644,1.89644,1.89644,1.89644,1.89644,1.89644,1.89644,1.89644,1.89644
"Initial Heating Solution[Locarno,Wood,Low,DFH,PVno]",15.4248,15.4248,15.4248,15.4248,15.4248,15.4248,15.4248,15.4248,15.4248,15.4248,15.4248,15.4248,15.4248,15.4248,15.4248
"Initial Heating Solution[Locarno,Wood,Low,DFH,PVyes]",0.493267,0.493267,0.493267,0.493267,0.493267,0.493267,0.493267,0.493267,0.493267,0.493267,0.493267,0.493267,0.493267,0.493267,0.493267
"Initial Heating Solution[Locarno,Wood,Low,MFH,PVno]",7.23711,7.23711,7.23711,7.23711,7.23711,7.23711,7.23711,7.23711,7.23711,7.23711,7.23711,7.23711,7.23711,7.23711,7.23711
"Initial Heating Solution[Locarno,Wood,Low,MFH,PVyes]",0,0,0,0,0,0,0,0,0,0,0,0,0,0,0
"Initial Heating Solution[Locarno,Wood,Low,SFH,PVno]",748.528,748.528,748.528,748.528,748.528,748.528,748.528,748.528,748.528,748.528,748.528,748.528,748.528,748.528,748.528
"Initial Heating Solution[Locarno,Wood,Low,SFH,PVyes]",0.948762,0.948762,0.948762,0.948762,0.948762,0.948762,0.948762,0.948762,0.948762,0.948762,0.948762,0.948762,0.948762,0.948762,0.948762
"Initial Heating Solution[Locarno,Wood,Moderate,DFH,PVno]",2.06398,2.06398,2.06398,2.06398,2.06398,2.06398,2.06398,2.06398,2.06398,2.06398,2.06398,2.06398,2.06398,2.06398,2.06398
"Initial Heating Solution[Locarno,Wood,Moderate,DFH,PVyes]",0.235964,0.235964,0.235964,0.235964,0.235964,0.235964,0.235964,0.235964,0.235964,0.235964,0.235964,0.235964,0.235964,0.235964,0.235964
"Initial Heating Solution[Locarno,Wood,Moderate,MFH,PVno]",1.18965,1.18965,1.18965,1.18965,1.18965,1.18965,1.18965,1.18965,1.18965,1.18965,1.18965,1.18965,1.18965,1.18965,1.18965
"Initial Heating Solution[Locarno,Wood,Moderate,MFH,PVyes]",0,0,0,0,0,0,0,0,0,0,0,0,0,0,0
"Initial Heating Solution[Locarno,Wood,Moderate,SFH,PVno]",79.7975,79.7975,79.7975,79.7975,79.7975,79.7975,79.7975,79.7975,79.7975,79.7975,79.7975,79.7975,79.7975,79.7975,79.7975
"Initial Heating Solution[Locarno,Wood,Moderate,SFH,PVyes]",0.293797,0.293797,0.293797,0.293797,0.293797,0.293797,0.293797,0.293797,0.293797,0.293797,0.293797,0.293797,0.293797,0.293797,0.293797
"Initial Heating Solution[Locarno,Wood,High,DFH,PVno]",0.701124,0.701124,0.701124,0.701124,0.701124,0.701124,0.701124,0.701124,0.701124,0.701124,0.701124,0.701124,0.701124,0.701124,0.701124
"Initial Heating Solution[Locarno,Wood,High,DFH,PVyes]",0.119297,0.119297,0.119297,0.119297,0.119297,0.119297,0.119297,0.119297,0.119297,0.119297,0.119297,0.119297,0.119297,0.119297,0.119297
"Initial Heating Solution[Locarno,Wood,High,MFH,PVno]",0.44718,0.44718,0.44718,0.44718,0.44718,0.44718,0.44718,0.44718,0.44718,0.44718,0.44718,0.44718,0.44718,0.44718,0.44718
"Initial Heating Solution[Locarno,Wood,High,MFH,PVyes]",0,0,0,0,0,0,0,0,0,0,0,0,0,0,0
"Initial Heating Solution[Locarno,Wood,High,SFH,PVno]",30.5791,30.5791,30.5791,30.5791,30.5791,30.5791,30.5791,30.5791,30.5791,30.5791,30.5791,30.5791,30.5791,30.5791,30.5791
"Initial Heating Solution[Locarno,Wood,High,SFH,PVyes]",0.297584,0.297584,0.297584,0.297584,0.297584,0.297584,0.297584,0.297584,0.297584,0.297584,0.297584,0.297584,0.297584,0.297584,0.297584
"Initial Heating Solution[Locarno,Wood,VeryHigh,DFH,PVno]",0.0376203,0.0376203,0.0376203,0.0376203,0.0376203,0.0376203,0.0376203,0.0376203,0.0376203,0.0376203,0.0376203,0.0376203,0.0376203,0.0376203,0.0376203
"Initial Heating Solution[Locarno,Wood,VeryHigh,DFH,PVyes]",0.0166316,0.0166316,0.0166316,0.0166316,0.0166316,0.0166316,0.0166316,0.0166316,0.0166316,0.0166316,0.0166316,0.0166316,0.0166316,0.0166316,0.0166316
"Initial Heating Solution[Locarno,Wood,VeryHigh,MFH,PVno]",0.0188101,0.0188101,0.0188101,0.0188101,0.0188101,0.0188101,0.0188101,0.0188101,0.0188101,0.0188101,0.0188101,0.0188101,0.0188101,0.0188101,0.0188101
"Initial Heating Solution[Locarno,Wood,VeryHigh,MFH,PVyes]",0,0,0,0,0,0,0,0,0,0,0,0,0,0,0
"Initial Heating Solution[Locarno,Wood,VeryHigh,SFH,PVno]",2.19134,2.19134,2.19134,2.19134,2.19134,2.19134,2.19134,2.19134,2.19134,2.19134,2.19134,2.19134,2.19134,2.19134,2.19134
"Initial Heating Solution[Locarno,Wood,VeryHigh,SFH,PVyes]",0.084241,0.084241,0.084241,0.084241,0.084241,0.084241,0.084241,0.084241,0.084241,0.084241,0.084241,0.084241,0.084241,0.084241,0.084241
"Initial Heating Solution[Locarno,WoodST,VeryLow,DFH,PVno]",10.2211,10.2211,10.2211,10.2211,10.2211,10.2211,10.2211,10.2211,10.2211,10.2211,10.2211,10.2211,10.2211,10.2211,10.2211
"Initial Heating Solution[Locarno,WoodST,VeryLow,DFH,PVyes]",0,0,0,0,0,0,0,0,0,0,0,0,0,0,0
"Initial Heating Solution[Locarno,WoodST,VeryLow,MFH,PVno]",0,0,0,0,0,0,0,0,0,0,0,0,0,0,0
"Initial Heating Solution[Locarno,WoodST,VeryLow,MFH,PVyes]",0,0,0,0,0,0,0,0,0,0,0,0,0,0,0
"Initial Heating Solution[Locarno,WoodST,VeryLow,SFH,PVno]",88.4231,88.4231,88.4231,88.4231,88.4231,88.4231,88.4231,88.4231,88.4231,88.4231,88.4231,88.4231,88.4231,88.4231,88.4231
"Initial Heating Solution[Locarno,WoodST,VeryLow,SFH,PVyes]",0,0,0,0,0,0,0,0,0,0,0,0,0,0,0
"Initial Heating Solution[Locarno,WoodST,Low,DFH,PVno]",0.0699397,0.0699397,0.0699397,0.0699397,0.0699397,0.0699397,0.0699397,0.0699397,0.0699397,0.0699397,0.0699397,0.0699397,0.0699397,0.0699397,0.0699397
"Initial Heating Solution[Locarno,WoodST,Low,DFH,PVyes]",0,0,0,0,0,0,0,0,0,0,0,0,0,0,0
"Initial Heating Solution[Locarno,WoodST,Low,MFH,PVno]",0,0,0,0,0,0,0,0,0,0,0,0,0,0,0
"Initial Heating Solution[Locarno,WoodST,Low,MFH,PVyes]",0,0,0,0,0,0,0,0,0,0,0,0,0,0,0
"Initial Heating Solution[Locarno,WoodST,Low,SFH,PVno]",51.2698,51.2698,51.2698,51.2698,51.2698,51.2698,51.2698,51.2698,51.2698,51.2698,51.2698,51.2698,51.2698,51.2698,51.2698
"Initial Heating Solution[Locarno,WoodST,Low,SFH,PVyes]",0,0,0,0,0,0,0,0,0,0,0,0,0,0,0
"Initial Heating Solution[Locarno,WoodST,Moderate,DFH,PVno]",0.000164557,0.000164557,0.000164557,0.000164557,0.000164557,0.000164557,0.000164557,0.000164557,0.000164557,0.000164557,0.000164557,0.000164557,0.000164557,0.000164557,0.000164557
"Initial Heating Solution[Locarno,WoodST,Moderate,DFH,PVyes]",0,0,0,0,0,0,0,0,0,0,0,0,0,0,0
"Initial Heating Solution[Locarno,WoodST,Moderate,MFH,PVno]",0,0,0,0,0,0,0,0,0,0,0,0,0,0,0
"Initial Heating Solution[Locarno,WoodST,Moderate,MFH,PVyes]",0,0,0,0,0,0,0,0,0,0,0,0,0,0,0
"Initial Heating Solution[Locarno,WoodST,Moderate,SFH,PVno]",3.73108,3.73108,3.73108,3.73108,3.73108,3.73108,3.73108,3.73108,3.73108,3.73108,3.73108,3.73108,3.73108,3.73108,3.73108
"Initial Heating Solution[Locarno,WoodST,Moderate,SFH,PVyes]",0,0,0,0,0,0,0,0,0,0,0,0,0,0,0
"Initial Heating Solution[Locarno,WoodST,High,DFH,PVno]",3.97241E-06,3.97241E-06,3.97241E-06,3.97241E-06,3.97241E-06,3.97241E-06,3.97241E-06,3.97241E-06,3.97241E-06,3.97241E-06,3.97241E-06,3.97241E-06,3.97241E-06,3.97241E-06,3.97241E-06
"Initial Heating Solution[Locarno,WoodST,High,DFH,PVyes]",0,0,0,0,0,0,0,0,0,0,0,0,0,0,0
"Initial Heating Solution[Locarno,WoodST,High,MFH,PVno]",0,0,0,0,0,0,0,0,0,0,0,0,0,0,0
"Initial Heating Solution[Locarno,WoodST,High,MFH,PVyes]",0,0,0,0,0,0,0,0,0,0,0,0,0,0,0
"Initial Heating Solution[Locarno,WoodST,High,SFH,PVno]",0.653051,0.653051,0.653051,0.653051,0.653051,0.653051,0.653051,0.653051,0.653051,0.653051,0.653051,0.653051,0.653051,0.653051,0.653051
"Initial Heating Solution[Locarno,WoodST,High,SFH,PVyes]",0,0,0,0,0,0,0,0,0,0,0,0,0,0,0
"Initial Heating Solution[Locarno,WoodST,VeryHigh,DFH,PVno]",0,0,0,0,0,0,0,0,0,0,0,0,0,0,0
"Initial Heating Solution[Locarno,WoodST,VeryHigh,DFH,PVyes]",0,0,0,0,0,0,0,0,0,0,0,0,0,0,0
"Initial Heating Solution[Locarno,WoodST,VeryHigh,MFH,PVno]",0,0,0,0,0,0,0,0,0,0,0,0,0,0,0
"Initial Heating Solution[Locarno,WoodST,VeryHigh,MFH,PVyes]",0,0,0,0,0,0,0,0,0,0,0,0,0,0,0
"Initial Heating Solution[Locarno,WoodST,VeryHigh,SFH,PVno]",0,0,0,0,0,0,0,0,0,0,0,0,0,0,0
"Initial Heating Solution[Locarno,WoodST,VeryHigh,SFH,PVyes]",0,0,0,0,0,0,0,0,0,0,0,0,0,0,0
"Initial Heating Solution[Locarno,GasST,VeryLow,DFH,PVno]",0,0,0,0,0,0,0,0,0,0,0,0,0,0,0
"Initial Heating Solution[Locarno,GasST,VeryLow,DFH,PVyes]",0,0,0,0,0,0,0,0,0,0,0,0,0,0,0
"Initial Heating Solution[Locarno,GasST,VeryLow,MFH,PVno]",0,0,0,0,0,0,0,0,0,0,0,0,0,0,0
"Initial Heating Solution[Locarno,GasST,VeryLow,MFH,PVyes]",0,0,0,0,0,0,0,0,0,0,0,0,0,0,0
"Initial Heating Solution[Locarno,GasST,VeryLow,SFH,PVno]",3.09367,3.09367,3.09367,3.09367,3.09367,3.09367,3.09367,3.09367,3.09367,3.09367,3.09367,3.09367,3.09367,3.09367,3.09367
"Initial Heating Solution[Locarno,GasST,VeryLow,SFH,PVyes]",0,0,0,0,0,0,0,0,0,0,0,0,0,0,0
"Initial Heating Solution[Locarno,GasST,Low,DFH,PVno]",0,0,0,0,0,0,0,0,0,0,0,0,0,0,0
"Initial Heating Solution[Locarno,GasST,Low,DFH,PVyes]",0,0,0,0,0,0,0,0,0,0,0,0,0,0,0
"Initial Heating Solution[Locarno,GasST,Low,MFH,PVno]",0,0,0,0,0,0,0,0,0,0,0,0,0,0,0
"Initial Heating Solution[Locarno,GasST,Low,MFH,PVyes]",0,0,0,0,0,0,0,0,0,0,0,0,0,0,0
"Initial Heating Solution[Locarno,GasST,Low,SFH,PVno]",1.9192,1.9192,1.9192,1.9192,1.9192,1.9192,1.9192,1.9192,1.9192,1.9192,1.9192,1.9192,1.9192,1.9192,1.9192
"Initial Heating Solution[Locarno,GasST,Low,SFH,PVyes]",0,0,0,0,0,0,0,0,0,0,0,0,0,0,0
"Initial Heating Solution[Locarno,GasST,Moderate,DFH,PVno]",0,0,0,0,0,0,0,0,0,0,0,0,0,0,0
"Initial Heating Solution[Locarno,GasST,Moderate,DFH,PVyes]",0,0,0,0,0,0,0,0,0,0,0,0,0,0,0
"Initial Heating Solution[Locarno,GasST,Moderate,MFH,PVno]",0,0,0,0,0,0,0,0,0,0,0,0,0,0,0
"Initial Heating Solution[Locarno,GasST,Moderate,MFH,PVyes]",0,0,0,0,0,0,0,0,0,0,0,0,0,0,0
"Initial Heating Solution[Locarno,GasST,Moderate,SFH,PVno]",0.116786,0.116786,0.116786,0.116786,0.116786,0.116786,0.116786,0.116786,0.116786,0.116786,0.116786,0.116786,0.116786,0.116786,0.116786
"Initial Heating Solution[Locarno,GasST,Moderate,SFH,PVyes]",0,0,0,0,0,0,0,0,0,0,0,0,0,0,0
"Initial Heating Solution[Locarno,GasST,High,DFH,PVno]",0,0,0,0,0,0,0,0,0,0,0,0,0,0,0
"Initial Heating Solution[Locarno,GasST,High,DFH,PVyes]",0,0,0,0,0,0,0,0,0,0,0,0,0,0,0
"Initial Heating Solution[Locarno,GasST,High,MFH,PVno]",0,0,0,0,0,0,0,0,0,0,0,0,0,0,0
"Initial Heating Solution[Locarno,GasST,High,MFH,PVyes]",0,0,0,0,0,0,0,0,0,0,0,0,0,0,0
"Initial Heating Solution[Locarno,GasST,High,SFH,PVno]",0.0159511,0.0159511,0.0159511,0.0159511,0.0159511,0.0159511,0.0159511,0.0159511,0.0159511,0.0159511,0.0159511,0.0159511,0.0159511,0.0159511,0.0159511
"Initial Heating Solution[Locarno,GasST,High,SFH,PVyes]",0,0,0,0,0,0,0,0,0,0,0,0,0,0,0
"Initial Heating Solution[Locarno,GasST,VeryHigh,DFH,PVno]",0,0,0,0,0,0,0,0,0,0,0,0,0,0,0
"Initial Heating Solution[Locarno,GasST,VeryHigh,DFH,PVyes]",0,0,0,0,0,0,0,0,0,0,0,0,0,0,0
"Initial Heating Solution[Locarno,GasST,VeryHigh,MFH,PVno]",0,0,0,0,0,0,0,0,0,0,0,0,0,0,0
"Initial Heating Solution[Locarno,GasST,VeryHigh,MFH,PVyes]",0,0,0,0,0,0,0,0,0,0,0,0,0,0,0
"Initial Heating Solution[Locarno,GasST,VeryHigh,SFH,PVno]",0,0,0,0,0,0,0,0,0,0,0,0,0,0,0
"Initial Heating Solution[Locarno,GasST,VeryHigh,SFH,PVyes]",0,0,0,0,0,0,0,0,0,0,0,0,0,0,0
"Initial Heating Solution[Locarno,Pellet,VeryLow,DFH,PVno]",83.6732,83.6732,83.6732,83.6732,83.6732,83.6732,83.6732,83.6732,83.6732,83.6732,83.6732,83.6732,83.6732,83.6732,83.6732
"Initial Heating Solution[Locarno,Pellet,VeryLow,DFH,PVyes]",0,0,0,0,0,0,0,0,0,0,0,0,0,0,0
"Initial Heating Solution[Locarno,Pellet,VeryLow,MFH,PVno]",43.3868,43.3868,43.3868,43.3868,43.3868,43.3868,43.3868,43.3868,43.3868,43.3868,43.3868,43.3868,43.3868,43.3868,43.3868
"Initial Heating Solution[Locarno,Pellet,VeryLow,MFH,PVyes]",0,0,0,0,0,0,0,0,0,0,0,0,0,0,0
"Initial Heating Solution[Locarno,Pellet,VeryLow,SFH,PVno]",378.43,378.43,378.43,378.43,378.43,378.43,378.43,378.43,378.43,378.43,378.43,378.43,378.43,378.43,378.43
"Initial Heating Solution[Locarno,Pellet,VeryLow,SFH,PVyes]",0.532713,0.532713,0.532713,0.532713,0.532713,0.532713,0.532713,0.532713,0.532713,0.532713,0.532713,0.532713,0.532713,0.532713,0.532713
"Initial Heating Solution[Locarno,Pellet,Low,DFH,PVno]",4.33285,4.33285,4.33285,4.33285,4.33285,4.33285,4.33285,4.33285,4.33285,4.33285,4.33285,4.33285,4.33285,4.33285,4.33285
"Initial Heating Solution[Locarno,Pellet,Low,DFH,PVyes]",0.138559,0.138559,0.138559,0.138559,0.138559,0.138559,0.138559,0.138559,0.138559,0.138559,0.138559,0.138559,0.138559,0.138559,0.138559
"Initial Heating Solution[Locarno,Pellet,Low,MFH,PVno]",2.03292,2.03292,2.03292,2.03292,2.03292,2.03292,2.03292,2.03292,2.03292,2.03292,2.03292,2.03292,2.03292,2.03292,2.03292
"Initial Heating Solution[Locarno,Pellet,Low,MFH,PVyes]",0,0,0,0,0,0,0,0,0,0,0,0,0,0,0
"Initial Heating Solution[Locarno,Pellet,Low,SFH,PVno]",210.263,210.263,210.263,210.263,210.263,210.263,210.263,210.263,210.263,210.263,210.263,210.263,210.263,210.263,210.263
"Initial Heating Solution[Locarno,Pellet,Low,SFH,PVyes]",0.266509,0.266509,0.266509,0.266509,0.266509,0.266509,0.266509,0.266509,0.266509,0.266509,0.266509,0.266509,0.266509,0.266509,0.266509
"Initial Heating Solution[Locarno,Pellet,Moderate,DFH,PVno]",0.579775,0.579775,0.579775,0.579775,0.579775,0.579775,0.579775,0.579775,0.579775,0.579775,0.579775,0.579775,0.579775,0.579775,0.579775
"Initial Heating Solution[Locarno,Pellet,Moderate,DFH,PVyes]",0.0662826,0.0662826,0.0662826,0.0662826,0.0662826,0.0662826,0.0662826,0.0662826,0.0662826,0.0662826,0.0662826,0.0662826,0.0662826,0.0662826,0.0662826
"Initial Heating Solution[Locarno,Pellet,Moderate,MFH,PVno]",0.334174,0.334174,0.334174,0.334174,0.334174,0.334174,0.334174,0.334174,0.334174,0.334174,0.334174,0.334174,0.334174,0.334174,0.334174
"Initial Heating Solution[Locarno,Pellet,Moderate,MFH,PVyes]",0,0,0,0,0,0,0,0,0,0,0,0,0,0,0
"Initial Heating Solution[Locarno,Pellet,Moderate,SFH,PVno]",22.4153,22.4153,22.4153,22.4153,22.4153,22.4153,22.4153,22.4153,22.4153,22.4153,22.4153,22.4153,22.4153,22.4153,22.4153
"Initial Heating Solution[Locarno,Pellet,Moderate,SFH,PVyes]",0.082528,0.082528,0.082528,0.082528,0.082528,0.082528,0.082528,0.082528,0.082528,0.082528,0.082528,0.082528,0.082528,0.082528,0.082528
"Initial Heating Solution[Locarno,Pellet,High,DFH,PVno]",0.196947,0.196947,0.196947,0.196947,0.196947,0.196947,0.196947,0.196947,0.196947,0.196947,0.196947,0.196947,0.196947,0.196947,0.196947
"Initial Heating Solution[Locarno,Pellet,High,DFH,PVyes]",0.0335107,0.0335107,0.0335107,0.0335107,0.0335107,0.0335107,0.0335107,0.0335107,0.0335107,0.0335107,0.0335107,0.0335107,0.0335107,0.0335107,0.0335107
"Initial Heating Solution[Locarno,Pellet,High,MFH,PVno]",0.125614,0.125614,0.125614,0.125614,0.125614,0.125614,0.125614,0.125614,0.125614,0.125614,0.125614,0.125614,0.125614,0.125614,0.125614
"Initial Heating Solution[Locarno,Pellet,High,MFH,PVyes]",0,0,0,0,0,0,0,0,0,0,0,0,0,0,0
"Initial Heating Solution[Locarno,Pellet,High,SFH,PVno]",8.58971,8.58971,8.58971,8.58971,8.58971,8.58971,8.58971,8.58971,8.58971,8.58971,8.58971,8.58971,8.58971,8.58971,8.58971
"Initial Heating Solution[Locarno,Pellet,High,SFH,PVyes]",0.0835918,0.0835918,0.0835918,0.0835918,0.0835918,0.0835918,0.0835918,0.0835918,0.0835918,0.0835918,0.0835918,0.0835918,0.0835918,0.0835918,0.0835918
"Initial Heating Solution[Locarno,Pellet,VeryHigh,DFH,PVno]",0.0105676,0.0105676,0.0105676,0.0105676,0.0105676,0.0105676,0.0105676,0.0105676,0.0105676,0.0105676,0.0105676,0.0105676,0.0105676,0.0105676,0.0105676
"Initial Heating Solution[Locarno,Pellet,VeryHigh,DFH,PVyes]",0.00467184,0.00467184,0.00467184,0.00467184,0.00467184,0.00467184,0.00467184,0.00467184,0.00467184,0.00467184,0.00467184,0.00467184,0.00467184,0.00467184,0.00467184
"Initial Heating Solution[Locarno,Pellet,VeryHigh,MFH,PVno]",0.0052838,0.0052838,0.0052838,0.0052838,0.0052838,0.0052838,0.0052838,0.0052838,0.0052838,0.0052838,0.0052838,0.0052838,0.0052838,0.0052838,0.0052838
"Initial Heating Solution[Locarno,Pellet,VeryHigh,MFH,PVyes]",0,0,0,0,0,0,0,0,0,0,0,0,0,0,0
"Initial Heating Solution[Locarno,Pellet,VeryHigh,SFH,PVno]",0.615552,0.615552,0.615552,0.615552,0.615552,0.615552,0.615552,0.615552,0.615552,0.615552,0.615552,0.615552,0.615552,0.615552,0.615552
"Initial Heating Solution[Locarno,Pellet,VeryHigh,SFH,PVyes]",0.0236634,0.0236634,0.0236634,0.0236634,0.0236634,0.0236634,0.0236634,0.0236634,0.0236634,0.0236634,0.0236634,0.0236634,0.0236634,0.0236634,0.0236634
"Initial Heating Solution[Lugano,DH,VeryLow,DFH,PVno]",22.7062,22.7062,22.7062,22.7062,22.7062,22.7062,22.7062,22.7062,22.7062,22.7062,22.7062,22.7062,22.7062,22.7062,22.7062
"Initial Heating Solution[Lugano,DH,VeryLow,DFH,PVyes]",0,0,0,0,0,0,0,0,0,0,0,0,0,0,0
"Initial Heating Solution[Lugano,DH,VeryLow,MFH,PVno]",51.0871,51.0871,51.0871,51.0871,51.0871,51.0871,51.0871,51.0871,51.0871,51.0871,51.0871,51.0871,51.0871,51.0871,51.0871
"Initial Heating Solution[Lugano,DH,VeryLow,MFH,PVyes]",0,0,0,0,0,0,0,0,0,0,0,0,0,0,0
"Initial Heating Solution[Lugano,DH,VeryLow,SFH,PVno]",53.7154,53.7154,53.7154,53.7154,53.7154,53.7154,53.7154,53.7154,53.7154,53.7154,53.7154,53.7154,53.7154,53.7154,53.7154
"Initial Heating Solution[Lugano,DH,VeryLow,SFH,PVyes]",0.0429014,0.0429014,0.0429014,0.0429014,0.0429014,0.0429014,0.0429014,0.0429014,0.0429014,0.0429014,0.0429014,0.0429014,0.0429014,0.0429014,0.0429014
"Initial Heating Solution[Lugano,DH,Low,DFH,PVno]",3.53423,3.53423,3.53423,3.53423,3.53423,3.53423,3.53423,3.53423,3.53423,3.53423,3.53423,3.53423,3.53423,3.53423,3.53423
"Initial Heating Solution[Lugano,DH,Low,DFH,PVyes]",0,0,0,0,0,0,0,0,0,0,0,0,0,0,0
"Initial Heating Solution[Lugano,DH,Low,MFH,PVno]",17.3019,17.3019,17.3019,17.3019,17.3019,17.3019,17.3019,17.3019,17.3019,17.3019,17.3019,17.3019,17.3019,17.3019,17.3019
"Initial Heating Solution[Lugano,DH,Low,MFH,PVyes]",0,0,0,0,0,0,0,0,0,0,0,0,0,0,0
"Initial Heating Solution[Lugano,DH,Low,SFH,PVno]",44.3099,44.3099,44.3099,44.3099,44.3099,44.3099,44.3099,44.3099,44.3099,44.3099,44.3099,44.3099,44.3099,44.3099,44.3099
"Initial Heating Solution[Lugano,DH,Low,SFH,PVyes]",0.966654,0.966654,0.966654,0.966654,0.966654,0.966654,0.966654,0.966654,0.966654,0.966654,0.966654,0.966654,0.966654,0.966654,0.966654
"Initial Heating Solution[Lugano,DH,Moderate,DFH,PVno]",0.424758,0.424758,0.424758,0.424758,0.424758,0.424758,0.424758,0.424758,0.424758,0.424758,0.424758,0.424758,0.424758,0.424758,0.424758
"Initial Heating Solution[Lugano,DH,Moderate,DFH,PVyes]",0,0,0,0,0,0,0,0,0,0,0,0,0,0,0
"Initial Heating Solution[Lugano,DH,Moderate,MFH,PVno]",3.37812,3.37812,3.37812,3.37812,3.37812,3.37812,3.37812,3.37812,3.37812,3.37812,3.37812,3.37812,3.37812,3.37812,3.37812
"Initial Heating Solution[Lugano,DH,Moderate,MFH,PVyes]",0,0,0,0,0,0,0,0,0,0,0,0,0,0,0
"Initial Heating Solution[Lugano,DH,Moderate,SFH,PVno]",8.66699,8.66699,8.66699,8.66699,8.66699,8.66699,8.66699,8.66699,8.66699,8.66699,8.66699,8.66699,8.66699,8.66699,8.66699
"Initial Heating Solution[Lugano,DH,Moderate,SFH,PVyes]",0.885428,0.885428,0.885428,0.885428,0.885428,0.885428,0.885428,0.885428,0.885428,0.885428,0.885428,0.885428,0.885428,0.885428,0.885428
"Initial Heating Solution[Lugano,DH,High,DFH,PVno]",0.107318,0.107318,0.107318,0.107318,0.107318,0.107318,0.107318,0.107318,0.107318,0.107318,0.107318,0.107318,0.107318,0.107318,0.107318
"Initial Heating Solution[Lugano,DH,High,DFH,PVyes]",0,0,0,0,0,0,0,0,0,0,0,0,0,0,0
"Initial Heating Solution[Lugano,DH,High,MFH,PVno]",1.26824,1.26824,1.26824,1.26824,1.26824,1.26824,1.26824,1.26824,1.26824,1.26824,1.26824,1.26824,1.26824,1.26824,1.26824
"Initial Heating Solution[Lugano,DH,High,MFH,PVyes]",0,0,0,0,0,0,0,0,0,0,0,0,0,0,0
"Initial Heating Solution[Lugano,DH,High,SFH,PVno]",4.42675,4.42675,4.42675,4.42675,4.42675,4.42675,4.42675,4.42675,4.42675,4.42675,4.42675,4.42675,4.42675,4.42675,4.42675
"Initial Heating Solution[Lugano,DH,High,SFH,PVyes]",0.889207,0.889207,0.889207,0.889207,0.889207,0.889207,0.889207,0.889207,0.889207,0.889207,0.889207,0.889207,0.889207,0.889207,0.889207
"Initial Heating Solution[Lugano,DH,VeryHigh,DFH,PVno]",0,0,0,0,0,0,0,0,0,0,0,0,0,0,0
"Initial Heating Solution[Lugano,DH,VeryHigh,DFH,PVyes]",0,0,0,0,0,0,0,0,0,0,0,0,0,0,0
"Initial Heating Solution[Lugano,DH,VeryHigh,MFH,PVno]",0.0462442,0.0462442,0.0462442,0.0462442,0.0462442,0.0462442,0.0462442,0.0462442,0.0462442,0.0462442,0.0462442,0.0462442,0.0462442,0.0462442,0.0462442
"Initial Heating Solution[Lugano,DH,VeryHigh,MFH,PVyes]",0,0,0,0,0,0,0,0,0,0,0,0,0,0,0
"Initial Heating Solution[Lugano,DH,VeryHigh,SFH,PVno]",0.31231,0.31231,0.31231,0.31231,0.31231,0.31231,0.31231,0.31231,0.31231,0.31231,0.31231,0.31231,0.31231,0.31231,0.31231
"Initial Heating Solution[Lugano,DH,VeryHigh,SFH,PVyes]",0.215809,0.215809,0.215809,0.215809,0.215809,0.215809,0.215809,0.215809,0.215809,0.215809,0.215809,0.215809,0.215809,0.215809,0.215809
"Initial Heating Solution[Lugano,ElectricHeater,VeryLow,DFH,PVno]",525.374,525.374,525.374,525.374,525.374,525.374,525.374,525.374,525.374,525.374,525.374,525.374,525.374,525.374,525.374
"Initial Heating Solution[Lugano,ElectricHeater,VeryLow,DFH,PVyes]",0,0,0,0,0,0,0,0,0,0,0,0,0,0,0
"Initial Heating Solution[Lugano,ElectricHeater,VeryLow,MFH,PVno]",296.75,296.75,296.75,296.75,296.75,296.75,296.75,296.75,296.75,296.75,296.75,296.75,296.75,296.75,296.75
"Initial Heating Solution[Lugano,ElectricHeater,VeryLow,MFH,PVyes]",1.11436,1.11436,1.11436,1.11436,1.11436,1.11436,1.11436,1.11436,1.11436,1.11436,1.11436,1.11436,1.11436,1.11436,1.11436
"Initial Heating Solution[Lugano,ElectricHeater,VeryLow,SFH,PVno]",1958.25,1958.25,1958.25,1958.25,1958.25,1958.25,1958.25,1958.25,1958.25,1958.25,1958.25,1958.25,1958.25,1958.25,1958.25
"Initial Heating Solution[Lugano,ElectricHeater,VeryLow,SFH,PVyes]",1.54741,1.54741,1.54741,1.54741,1.54741,1.54741,1.54741,1.54741,1.54741,1.54741,1.54741,1.54741,1.54741,1.54741,1.54741
"Initial Heating Solution[Lugano,ElectricHeater,Low,DFH,PVno]",59.865,59.865,59.865,59.865,59.865,59.865,59.865,59.865,59.865,59.865,59.865,59.865,59.865,59.865,59.865
"Initial Heating Solution[Lugano,ElectricHeater,Low,DFH,PVyes]",0,0,0,0,0,0,0,0,0,0,0,0,0,0,0
"Initial Heating Solution[Lugano,ElectricHeater,Low,MFH,PVno]",26.2293,26.2293,26.2293,26.2293,26.2293,26.2293,26.2293,26.2293,26.2293,26.2293,26.2293,26.2293,26.2293,26.2293,26.2293
"Initial Heating Solution[Lugano,ElectricHeater,Low,MFH,PVyes]",0.00798871,0.00798871,0.00798871,0.00798871,0.00798871,0.00798871,0.00798871,0.00798871,0.00798871,0.00798871,0.00798871,0.00798871,0.00798871,0.00798871,0.00798871
"Initial Heating Solution[Lugano,ElectricHeater,Low,SFH,PVno]",1414.64,1414.64,1414.64,1414.64,1414.64,1414.64,1414.64,1414.64,1414.64,1414.64,1414.64,1414.64,1414.64,1414.64,1414.64
"Initial Heating Solution[Lugano,ElectricHeater,Low,SFH,PVyes]",1.98226,1.98226,1.98226,1.98226,1.98226,1.98226,1.98226,1.98226,1.98226,1.98226,1.98226,1.98226,1.98226,1.98226,1.98226
"Initial Heating Solution[Lugano,ElectricHeater,Moderate,DFH,PVno]",8.14286,8.14286,8.14286,8.14286,8.14286,8.14286,8.14286,8.14286,8.14286,8.14286,8.14286,8.14286,8.14286,8.14286,8.14286
"Initial Heating Solution[Lugano,ElectricHeater,Moderate,DFH,PVyes]",0,0,0,0,0,0,0,0,0,0,0,0,0,0,0
"Initial Heating Solution[Lugano,ElectricHeater,Moderate,MFH,PVno]",4.1378,4.1378,4.1378,4.1378,4.1378,4.1378,4.1378,4.1378,4.1378,4.1378,4.1378,4.1378,4.1378,4.1378,4.1378
"Initial Heating Solution[Lugano,ElectricHeater,Moderate,MFH,PVyes]",1.89977E-05,1.89977E-05,1.89977E-05,1.89977E-05,1.89977E-05,1.89977E-05,1.89977E-05,1.89977E-05,1.89977E-05,1.89977E-05,1.89977E-05,1.89977E-05,1.89977E-05,1.89977E-05,1.89977E-05
"Initial Heating Solution[Lugano,ElectricHeater,Moderate,SFH,PVno]",253.075,253.075,253.075,253.075,253.075,253.075,253.075,253.075,253.075,253.075,253.075,253.075,253.075,253.075,253.075
"Initial Heating Solution[Lugano,ElectricHeater,Moderate,SFH,PVyes]",0.349618,0.349618,0.349618,0.349618,0.349618,0.349618,0.349618,0.349618,0.349618,0.349618,0.349618,0.349618,0.349618,0.349618,0.349618
"Initial Heating Solution[Lugano,ElectricHeater,High,DFH,PVno]",2.50095,2.50095,2.50095,2.50095,2.50095,2.50095,2.50095,2.50095,2.50095,2.50095,2.50095,2.50095,2.50095,2.50095,2.50095
"Initial Heating Solution[Lugano,ElectricHeater,High,DFH,PVyes]",0,0,0,0,0,0,0,0,0,0,0,0,0,0,0
"Initial Heating Solution[Lugano,ElectricHeater,High,MFH,PVno]",1.59395,1.59395,1.59395,1.59395,1.59395,1.59395,1.59395,1.59395,1.59395,1.59395,1.59395,1.59395,1.59395,1.59395,1.59395
"Initial Heating Solution[Lugano,ElectricHeater,High,MFH,PVyes]",4.59049E-07,4.59049E-07,4.59049E-07,4.59049E-07,4.59049E-07,4.59049E-07,4.59049E-07,4.59049E-07,4.59049E-07,4.59049E-07,4.59049E-07,4.59049E-07,4.59049E-07,4.59049E-07,4.59049E-07
"Initial Heating Solution[Lugano,ElectricHeater,High,SFH,PVno]",123.015,123.015,123.015,123.015,123.015,123.015,123.015,123.015,123.015,123.015,123.015,123.015,123.015,123.015,123.015
"Initial Heating Solution[Lugano,ElectricHeater,High,SFH,PVyes]",0.120713,0.120713,0.120713,0.120713,0.120713,0.120713,0.120713,0.120713,0.120713,0.120713,0.120713,0.120713,0.120713,0.120713,0.120713
"Initial Heating Solution[Lugano,ElectricHeater,VeryHigh,DFH,PVno]",0.0956413,0.0956413,0.0956413,0.0956413,0.0956413,0.0956413,0.0956413,0.0956413,0.0956413,0.0956413,0.0956413,0.0956413,0.0956413,0.0956413,0.0956413
"Initial Heating Solution[Lugano,ElectricHeater,VeryHigh,DFH,PVyes]",0,0,0,0,0,0,0,0,0,0,0,0,0,0,0
"Initial Heating Solution[Lugano,ElectricHeater,VeryHigh,MFH,PVno]",0.143462,0.143462,0.143462,0.143462,0.143462,0.143462,0.143462,0.143462,0.143462,0.143462,0.143462,0.143462,0.143462,0.143462,0.143462
"Initial Heating Solution[Lugano,ElectricHeater,VeryHigh,MFH,PVyes]",0,0,0,0,0,0,0,0,0,0,0,0,0,0,0
"Initial Heating Solution[Lugano,ElectricHeater,VeryHigh,SFH,PVno]",8.71983,8.71983,8.71983,8.71983,8.71983,8.71983,8.71983,8.71983,8.71983,8.71983,8.71983,8.71983,8.71983,8.71983,8.71983
"Initial Heating Solution[Lugano,ElectricHeater,VeryHigh,SFH,PVyes]",0,0,0,0,0,0,0,0,0,0,0,0,0,0,0
"Initial Heating Solution[Lugano,Gas,VeryLow,DFH,PVno]",437.042,437.042,437.042,437.042,437.042,437.042,437.042,437.042,437.042,437.042,437.042,437.042,437.042,437.042,437.042
"Initial Heating Solution[Lugano,Gas,VeryLow,DFH,PVyes]",0,0,0,0,0,0,0,0,0,0,0,0,0,0,0
"Initial Heating Solution[Lugano,Gas,VeryLow,MFH,PVno]",783.072,783.072,783.072,783.072,783.072,783.072,783.072,783.072,783.072,783.072,783.072,783.072,783.072,783.072,783.072
"Initial Heating Solution[Lugano,Gas,VeryLow,MFH,PVyes]",0.516332,0.516332,0.516332,0.516332,0.516332,0.516332,0.516332,0.516332,0.516332,0.516332,0.516332,0.516332,0.516332,0.516332,0.516332
"Initial Heating Solution[Lugano,Gas,VeryLow,SFH,PVno]",518.922,518.922,518.922,518.922,518.922,518.922,518.922,518.922,518.922,518.922,518.922,518.922,518.922,518.922,518.922
"Initial Heating Solution[Lugano,Gas,VeryLow,SFH,PVyes]",1.78482,1.78482,1.78482,1.78482,1.78482,1.78482,1.78482,1.78482,1.78482,1.78482,1.78482,1.78482,1.78482,1.78482,1.78482
"Initial Heating Solution[Lugano,Gas,Low,DFH,PVno]",53.2251,53.2251,53.2251,53.2251,53.2251,53.2251,53.2251,53.2251,53.2251,53.2251,53.2251,53.2251,53.2251,53.2251,53.2251
"Initial Heating Solution[Lugano,Gas,Low,DFH,PVyes]",0.558649,0.558649,0.558649,0.558649,0.558649,0.558649,0.558649,0.558649,0.558649,0.558649,0.558649,0.558649,0.558649,0.558649,0.558649
"Initial Heating Solution[Lugano,Gas,Low,MFH,PVno]",181.101,181.101,181.101,181.101,181.101,181.101,181.101,181.101,181.101,181.101,181.101,181.101,181.101,181.101,181.101
"Initial Heating Solution[Lugano,Gas,Low,MFH,PVyes]",0.292415,0.292415,0.292415,0.292415,0.292415,0.292415,0.292415,0.292415,0.292415,0.292415,0.292415,0.292415,0.292415,0.292415,0.292415
"Initial Heating Solution[Lugano,Gas,Low,SFH,PVno]",550.899,550.899,550.899,550.899,550.899,550.899,550.899,550.899,550.899,550.899,550.899,550.899,550.899,550.899,550.899
"Initial Heating Solution[Lugano,Gas,Low,SFH,PVyes]",1.10788,1.10788,1.10788,1.10788,1.10788,1.10788,1.10788,1.10788,1.10788,1.10788,1.10788,1.10788,1.10788,1.10788,1.10788
"Initial Heating Solution[Lugano,Gas,Moderate,DFH,PVno]",13.6836,13.6836,13.6836,13.6836,13.6836,13.6836,13.6836,13.6836,13.6836,13.6836,13.6836,13.6836,13.6836,13.6836,13.6836
"Initial Heating Solution[Lugano,Gas,Moderate,DFH,PVyes]",0.26724,0.26724,0.26724,0.26724,0.26724,0.26724,0.26724,0.26724,0.26724,0.26724,0.26724,0.26724,0.26724,0.26724,0.26724
"Initial Heating Solution[Lugano,Gas,Moderate,MFH,PVno]",48.7763,48.7763,48.7763,48.7763,48.7763,48.7763,48.7763,48.7763,48.7763,48.7763,48.7763,48.7763,48.7763,48.7763,48.7763
"Initial Heating Solution[Lugano,Gas,Moderate,MFH,PVyes]",0.138671,0.138671,0.138671,0.138671,0.138671,0.138671,0.138671,0.138671,0.138671,0.138671,0.138671,0.138671,0.138671,0.138671,0.138671
"Initial Heating Solution[Lugano,Gas,Moderate,SFH,PVno]",184.923,184.923,184.923,184.923,184.923,184.923,184.923,184.923,184.923,184.923,184.923,184.923,184.923,184.923,184.923
"Initial Heating Solution[Lugano,Gas,Moderate,SFH,PVyes]",0.0906516,0.0906516,0.0906516,0.0906516,0.0906516,0.0906516,0.0906516,0.0906516,0.0906516,0.0906516,0.0906516,0.0906516,0.0906516,0.0906516,0.0906516
"Initial Heating Solution[Lugano,Gas,High,DFH,PVno]",6.49356,6.49356,6.49356,6.49356,6.49356,6.49356,6.49356,6.49356,6.49356,6.49356,6.49356,6.49356,6.49356,6.49356,6.49356
"Initial Heating Solution[Lugano,Gas,High,DFH,PVyes]",0.152808,0.152808,0.152808,0.152808,0.152808,0.152808,0.152808,0.152808,0.152808,0.152808,0.152808,0.152808,0.152808,0.152808,0.152808
"Initial Heating Solution[Lugano,Gas,High,MFH,PVno]",22.7213,22.7213,22.7213,22.7213,22.7213,22.7213,22.7213,22.7213,22.7213,22.7213,22.7213,22.7213,22.7213,22.7213,22.7213
"Initial Heating Solution[Lugano,Gas,High,MFH,PVyes]",0.0792889,0.0792889,0.0792889,0.0792889,0.0792889,0.0792889,0.0792889,0.0792889,0.0792889,0.0792889,0.0792889,0.0792889,0.0792889,0.0792889,0.0792889
"Initial Heating Solution[Lugano,Gas,High,SFH,PVno]",142.106,142.106,142.106,142.106,142.106,142.106,142.106,142.106,142.106,142.106,142.106,142.106,142.106,142.106,142.106
"Initial Heating Solution[Lugano,Gas,High,SFH,PVyes]",0.0166484,0.0166484,0.0166484,0.0166484,0.0166484,0.0166484,0.0166484,0.0166484,0.0166484,0.0166484,0.0166484,0.0166484,0.0166484,0.0166484,0.0166484
"Initial Heating Solution[Lugano,Gas,VeryHigh,DFH,PVno]",0.652181,0.652181,0.652181,0.652181,0.652181,0.652181,0.652181,0.652181,0.652181,0.652181,0.652181,0.652181,0.652181,0.652181,0.652181
"Initial Heating Solution[Lugano,Gas,VeryHigh,DFH,PVyes]",0.0213034,0.0213034,0.0213034,0.0213034,0.0213034,0.0213034,0.0213034,0.0213034,0.0213034,0.0213034,0.0213034,0.0213034,0.0213034,0.0213034,0.0213034
"Initial Heating Solution[Lugano,Gas,VeryHigh,MFH,PVno]",2.08919,2.08919,2.08919,2.08919,2.08919,2.08919,2.08919,2.08919,2.08919,2.08919,2.08919,2.08919,2.08919,2.08919,2.08919
"Initial Heating Solution[Lugano,Gas,VeryHigh,MFH,PVyes]",0.0110539,0.0110539,0.0110539,0.0110539,0.0110539,0.0110539,0.0110539,0.0110539,0.0110539,0.0110539,0.0110539,0.0110539,0.0110539,0.0110539,0.0110539
"Initial Heating Solution[Lugano,Gas,VeryHigh,SFH,PVno]",27.9947,27.9947,27.9947,27.9947,27.9947,27.9947,27.9947,27.9947,27.9947,27.9947,27.9947,27.9947,27.9947,27.9947,27.9947
"Initial Heating Solution[Lugano,Gas,VeryHigh,SFH,PVyes]",0,0,0,0,0,0,0,0,0,0,0,0,0,0,0
"Initial Heating Solution[Lugano,HPST,VeryLow,DFH,PVno]",21.0094,21.0094,21.0094,21.0094,21.0094,21.0094,21.0094,21.0094,21.0094,21.0094,21.0094,21.0094,21.0094,21.0094,21.0094
"Initial Heating Solution[Lugano,HPST,VeryLow,DFH,PVyes]",0,0,0,0,0,0,0,0,0,0,0,0,0,0,0
"Initial Heating Solution[Lugano,HPST,VeryLow,MFH,PVno]",3.59347,3.59347,3.59347,3.59347,3.59347,3.59347,3.59347,3.59347,3.59347,3.59347,3.59347,3.59347,3.59347,3.59347,3.59347
"Initial Heating Solution[Lugano,HPST,VeryLow,MFH,PVyes]",0,0,0,0,0,0,0,0,0,0,0,0,0,0,0
"Initial Heating Solution[Lugano,HPST,VeryLow,SFH,PVno]",19.9508,19.9508,19.9508,19.9508,19.9508,19.9508,19.9508,19.9508,19.9508,19.9508,19.9508,19.9508,19.9508,19.9508,19.9508
"Initial Heating Solution[Lugano,HPST,VeryLow,SFH,PVyes]",0.393576,0.393576,0.393576,0.393576,0.393576,0.393576,0.393576,0.393576,0.393576,0.393576,0.393576,0.393576,0.393576,0.393576,0.393576
"Initial Heating Solution[Lugano,HPST,Low,DFH,PVno]",5.42188,5.42188,5.42188,5.42188,5.42188,5.42188,5.42188,5.42188,5.42188,5.42188,5.42188,5.42188,5.42188,5.42188,5.42188
"Initial Heating Solution[Lugano,HPST,Low,DFH,PVyes]",0.558649,0.558649,0.558649,0.558649,0.558649,0.558649,0.558649,0.558649,0.558649,0.558649,0.558649,0.558649,0.558649,0.558649,0.558649
"Initial Heating Solution[Lugano,HPST,Low,MFH,PVno]",1.19283,1.19283,1.19283,1.19283,1.19283,1.19283,1.19283,1.19283,1.19283,1.19283,1.19283,1.19283,1.19283,1.19283,1.19283
"Initial Heating Solution[Lugano,HPST,Low,MFH,PVyes]",1.04539,1.04539,1.04539,1.04539,1.04539,1.04539,1.04539,1.04539,1.04539,1.04539,1.04539,1.04539,1.04539,1.04539,1.04539
"Initial Heating Solution[Lugano,HPST,Low,SFH,PVno]",29.8531,29.8531,29.8531,29.8531,29.8531,29.8531,29.8531,29.8531,29.8531,29.8531,29.8531,29.8531,29.8531,29.8531,29.8531
"Initial Heating Solution[Lugano,HPST,Low,SFH,PVyes]",0.528618,0.528618,0.528618,0.528618,0.528618,0.528618,0.528618,0.528618,0.528618,0.528618,0.528618,0.528618,0.528618,0.528618,0.528618
"Initial Heating Solution[Lugano,HPST,Moderate,DFH,PVno]",1.12423,1.12423,1.12423,1.12423,1.12423,1.12423,1.12423,1.12423,1.12423,1.12423,1.12423,1.12423,1.12423,1.12423,1.12423
"Initial Heating Solution[Lugano,HPST,Moderate,DFH,PVyes]",0.26724,0.26724,0.26724,0.26724,0.26724,0.26724,0.26724,0.26724,0.26724,0.26724,0.26724,0.26724,0.26724,0.26724,0.26724
"Initial Heating Solution[Lugano,HPST,Moderate,MFH,PVno]",0.501646,0.501646,0.501646,0.501646,0.501646,0.501646,0.501646,0.501646,0.501646,0.501646,0.501646,0.501646,0.501646,0.501646,0.501646
"Initial Heating Solution[Lugano,HPST,Moderate,MFH,PVyes]",0.500082,0.500082,0.500082,0.500082,0.500082,0.500082,0.500082,0.500082,0.500082,0.500082,0.500082,0.500082,0.500082,0.500082,0.500082
"Initial Heating Solution[Lugano,HPST,Moderate,SFH,PVno]",20.1373,20.1373,20.1373,20.1373,20.1373,20.1373,20.1373,20.1373,20.1373,20.1373,20.1373,20.1373,20.1373,20.1373,20.1373
"Initial Heating Solution[Lugano,HPST,Moderate,SFH,PVyes]",0.0642697,0.0642697,0.0642697,0.0642697,0.0642697,0.0642697,0.0642697,0.0642697,0.0642697,0.0642697,0.0642697,0.0642697,0.0642697,0.0642697,0.0642697
"Initial Heating Solution[Lugano,HPST,High,DFH,PVno]",0.473849,0.473849,0.473849,0.473849,0.473849,0.473849,0.473849,0.473849,0.473849,0.473849,0.473849,0.473849,0.473849,0.473849,0.473849
"Initial Heating Solution[Lugano,HPST,High,DFH,PVyes]",0.152808,0.152808,0.152808,0.152808,0.152808,0.152808,0.152808,0.152808,0.152808,0.152808,0.152808,0.152808,0.152808,0.152808,0.152808
"Initial Heating Solution[Lugano,HPST,High,MFH,PVno]",0.286028,0.286028,0.286028,0.286028,0.286028,0.286028,0.286028,0.286028,0.286028,0.286028,0.286028,0.286028,0.286028,0.286028,0.286028
"Initial Heating Solution[Lugano,HPST,High,MFH,PVyes]",0.285946,0.285946,0.285946,0.285946,0.285946,0.285946,0.285946,0.285946,0.285946,0.285946,0.285946,0.285946,0.285946,0.285946,0.285946
"Initial Heating Solution[Lugano,HPST,High,SFH,PVno]",20.904,20.904,20.904,20.904,20.904,20.904,20.904,20.904,20.904,20.904,20.904,20.904,20.904,20.904,20.904
"Initial Heating Solution[Lugano,HPST,High,SFH,PVyes]",0.0135356,0.0135356,0.0135356,0.0135356,0.0135356,0.0135356,0.0135356,0.0135356,0.0135356,0.0135356,0.0135356,0.0135356,0.0135356,0.0135356,0.0135356
"Initial Heating Solution[Lugano,HPST,VeryHigh,DFH,PVno]",0.0398647,0.0398647,0.0398647,0.0398647,0.0398647,0.0398647,0.0398647,0.0398647,0.0398647,0.0398647,0.0398647,0.0398647,0.0398647,0.0398647,0.0398647
"Initial Heating Solution[Lugano,HPST,VeryHigh,DFH,PVyes]",0.0213034,0.0213034,0.0213034,0.0213034,0.0213034,0.0213034,0.0213034,0.0213034,0.0213034,0.0213034,0.0213034,0.0213034,0.0213034,0.0213034,0.0213034
"Initial Heating Solution[Lugano,HPST,VeryHigh,MFH,PVno]",0.0398647,0.0398647,0.0398647,0.0398647,0.0398647,0.0398647,0.0398647,0.0398647,0.0398647,0.0398647,0.0398647,0.0398647,0.0398647,0.0398647,0.0398647
"Initial Heating Solution[Lugano,HPST,VeryHigh,MFH,PVyes]",0.0398647,0.0398647,0.0398647,0.0398647,0.0398647,0.0398647,0.0398647,0.0398647,0.0398647,0.0398647,0.0398647,0.0398647,0.0398647,0.0398647,0.0398647
"Initial Heating Solution[Lugano,HPST,VeryHigh,SFH,PVno]",6.46142,6.46142,6.46142,6.46142,6.46142,6.46142,6.46142,6.46142,6.46142,6.46142,6.46142,6.46142,6.46142,6.46142,6.46142
"Initial Heating Solution[Lugano,HPST,VeryHigh,SFH,PVyes]",0,0,0,0,0,0,0,0,0,0,0,0,0,0,0
"Initial Heating Solution[Lugano,HeatPump,VeryLow,DFH,PVno]",107.888,107.888,107.888,107.888,107.888,107.888,107.888,107.888,107.888,107.888,107.888,107.888,107.888,107.888,107.888
"Initial Heating Solution[Lugano,HeatPump,VeryLow,DFH,PVyes]",0,0,0,0,0,0,0,0,0,0,0,0,0,0,0
"Initial Heating Solution[Lugano,HeatPump,VeryLow,MFH,PVno]",89.0463,89.0463,89.0463,89.0463,89.0463,89.0463,89.0463,89.0463,89.0463,89.0463,89.0463,89.0463,89.0463,89.0463,89.0463
"Initial Heating Solution[Lugano,HeatPump,VeryLow,MFH,PVyes]",0,0,0,0,0,0,0,0,0,0,0,0,0,0,0
"Initial Heating Solution[Lugano,HeatPump,VeryLow,SFH,PVno]",330.265,330.265,330.265,330.265,330.265,330.265,330.265,330.265,330.265,330.265,330.265,330.265,330.265,330.265,330.265
"Initial Heating Solution[Lugano,HeatPump,VeryLow,SFH,PVyes]",0.31228,0.31228,0.31228,0.31228,0.31228,0.31228,0.31228,0.31228,0.31228,0.31228,0.31228,0.31228,0.31228,0.31228,0.31228
"Initial Heating Solution[Lugano,HeatPump,Low,DFH,PVno]",80.341,80.341,80.341,80.341,80.341,80.341,80.341,80.341,80.341,80.341,80.341,80.341,80.341,80.341,80.341
"Initial Heating Solution[Lugano,HeatPump,Low,DFH,PVyes]",0.558649,0.558649,0.558649,0.558649,0.558649,0.558649,0.558649,0.558649,0.558649,0.558649,0.558649,0.558649,0.558649,0.558649,0.558649
"Initial Heating Solution[Lugano,HeatPump,Low,MFH,PVno]",85.004,85.004,85.004,85.004,85.004,85.004,85.004,85.004,85.004,85.004,85.004,85.004,85.004,85.004,85.004
"Initial Heating Solution[Lugano,HeatPump,Low,MFH,PVyes]",1.04539,1.04539,1.04539,1.04539,1.04539,1.04539,1.04539,1.04539,1.04539,1.04539,1.04539,1.04539,1.04539,1.04539,1.04539
"Initial Heating Solution[Lugano,HeatPump,Low,SFH,PVno]",643.132,643.132,643.132,643.132,643.132,643.132,643.132,643.132,643.132,643.132,643.132,643.132,643.132,643.132,643.132
"Initial Heating Solution[Lugano,HeatPump,Low,SFH,PVyes]",2.91597,2.91597,2.91597,2.91597,2.91597,2.91597,2.91597,2.91597,2.91597,2.91597,2.91597,2.91597,2.91597,2.91597,2.91597
"Initial Heating Solution[Lugano,HeatPump,Moderate,DFH,PVno]",29.7336,29.7336,29.7336,29.7336,29.7336,29.7336,29.7336,29.7336,29.7336,29.7336,29.7336,29.7336,29.7336,29.7336,29.7336
"Initial Heating Solution[Lugano,HeatPump,Moderate,DFH,PVyes]",0.26724,0.26724,0.26724,0.26724,0.26724,0.26724,0.26724,0.26724,0.26724,0.26724,0.26724,0.26724,0.26724,0.26724,0.26724
"Initial Heating Solution[Lugano,HeatPump,Moderate,MFH,PVno]",35.6359,35.6359,35.6359,35.6359,35.6359,35.6359,35.6359,35.6359,35.6359,35.6359,35.6359,35.6359,35.6359,35.6359,35.6359
"Initial Heating Solution[Lugano,HeatPump,Moderate,MFH,PVyes]",0.500082,0.500082,0.500082,0.500082,0.500082,0.500082,0.500082,0.500082,0.500082,0.500082,0.500082,0.500082,0.500082,0.500082,0.500082
"Initial Heating Solution[Lugano,HeatPump,Moderate,SFH,PVno]",411.47,411.47,411.47,411.47,411.47,411.47,411.47,411.47,411.47,411.47,411.47,411.47,411.47,411.47,411.47
"Initial Heating Solution[Lugano,HeatPump,Moderate,SFH,PVyes]",2.77886,2.77886,2.77886,2.77886,2.77886,2.77886,2.77886,2.77886,2.77886,2.77886,2.77886,2.77886,2.77886,2.77886,2.77886
"Initial Heating Solution[Lugano,HeatPump,High,DFH,PVno]",15.8252,15.8252,15.8252,15.8252,15.8252,15.8252,15.8252,15.8252,15.8252,15.8252,15.8252,15.8252,15.8252,15.8252,15.8252
"Initial Heating Solution[Lugano,HeatPump,High,DFH,PVyes]",0.152808,0.152808,0.152808,0.152808,0.152808,0.152808,0.152808,0.152808,0.152808,0.152808,0.152808,0.152808,0.152808,0.152808,0.152808
"Initial Heating Solution[Lugano,HeatPump,High,MFH,PVno]",19.7214,19.7214,19.7214,19.7214,19.7214,19.7214,19.7214,19.7214,19.7214,19.7214,19.7214,19.7214,19.7214,19.7214,19.7214
"Initial Heating Solution[Lugano,HeatPump,High,MFH,PVyes]",0.285946,0.285946,0.285946,0.285946,0.285946,0.285946,0.285946,0.285946,0.285946,0.285946,0.285946,0.285946,0.285946,0.285946,0.285946
"Initial Heating Solution[Lugano,HeatPump,High,SFH,PVno]",402.472,402.472,402.472,402.472,402.472,402.472,402.472,402.472,402.472,402.472,402.472,402.472,402.472,402.472,402.472
"Initial Heating Solution[Lugano,HeatPump,High,SFH,PVyes]",3.02175,3.02175,3.02175,3.02175,3.02175,3.02175,3.02175,3.02175,3.02175,3.02175,3.02175,3.02175,3.02175,3.02175,3.02175
"Initial Heating Solution[Lugano,HeatPump,VeryHigh,DFH,PVno]",1.99323,1.99323,1.99323,1.99323,1.99323,1.99323,1.99323,1.99323,1.99323,1.99323,1.99323,1.99323,1.99323,1.99323,1.99323
"Initial Heating Solution[Lugano,HeatPump,VeryHigh,DFH,PVyes]",0.0213034,0.0213034,0.0213034,0.0213034,0.0213034,0.0213034,0.0213034,0.0213034,0.0213034,0.0213034,0.0213034,0.0213034,0.0213034,0.0213034,0.0213034
"Initial Heating Solution[Lugano,HeatPump,VeryHigh,MFH,PVno]",2.63107,2.63107,2.63107,2.63107,2.63107,2.63107,2.63107,2.63107,2.63107,2.63107,2.63107,2.63107,2.63107,2.63107,2.63107
"Initial Heating Solution[Lugano,HeatPump,VeryHigh,MFH,PVyes]",0.0398647,0.0398647,0.0398647,0.0398647,0.0398647,0.0398647,0.0398647,0.0398647,0.0398647,0.0398647,0.0398647,0.0398647,0.0398647,0.0398647,0.0398647
"Initial Heating Solution[Lugano,HeatPump,VeryHigh,SFH,PVno]",113.883,113.883,113.883,113.883,113.883,113.883,113.883,113.883,113.883,113.883,113.883,113.883,113.883,113.883,113.883
"Initial Heating Solution[Lugano,HeatPump,VeryHigh,SFH,PVyes]",0.97114,0.97114,0.97114,0.97114,0.97114,0.97114,0.97114,0.97114,0.97114,0.97114,0.97114,0.97114,0.97114,0.97114,0.97114
"Initial Heating Solution[Lugano,Oil,VeryLow,DFH,PVno]",3473.24,3473.24,3473.24,3473.24,3473.24,3473.24,3473.24,3473.24,3473.24,3473.24,3473.24,3473.24,3473.24,3473.24,3473.24
"Initial Heating Solution[Lugano,Oil,VeryLow,DFH,PVyes]",0.154832,0.154832,0.154832,0.154832,0.154832,0.154832,0.154832,0.154832,0.154832,0.154832,0.154832,0.154832,0.154832,0.154832,0.154832
"Initial Heating Solution[Lugano,Oil,VeryLow,MFH,PVno]",3404.66,3404.66,3404.66,3404.66,3404.66,3404.66,3404.66,3404.66,3404.66,3404.66,3404.66,3404.66,3404.66,3404.66,3404.66
"Initial Heating Solution[Lugano,Oil,VeryLow,MFH,PVyes]",2.34115,2.34115,2.34115,2.34115,2.34115,2.34115,2.34115,2.34115,2.34115,2.34115,2.34115,2.34115,2.34115,2.34115,2.34115
"Initial Heating Solution[Lugano,Oil,VeryLow,SFH,PVno]",4908.76,4908.76,4908.76,4908.76,4908.76,4908.76,4908.76,4908.76,4908.76,4908.76,4908.76,4908.76,4908.76,4908.76,4908.76
"Initial Heating Solution[Lugano,Oil,VeryLow,SFH,PVyes]",0.967942,0.967942,0.967942,0.967942,0.967942,0.967942,0.967942,0.967942,0.967942,0.967942,0.967942,0.967942,0.967942,0.967942,0.967942
"Initial Heating Solution[Lugano,Oil,Low,DFH,PVno]",400.361,400.361,400.361,400.361,400.361,400.361,400.361,400.361,400.361,400.361,400.361,400.361,400.361,400.361,400.361
"Initial Heating Solution[Lugano,Oil,Low,DFH,PVyes]",0,0,0,0,0,0,0,0,0,0,0,0,0,0,0
"Initial Heating Solution[Lugano,Oil,Low,MFH,PVno]",540.176,540.176,540.176,540.176,540.176,540.176,540.176,540.176,540.176,540.176,540.176,540.176,540.176,540.176,540.176
"Initial Heating Solution[Lugano,Oil,Low,MFH,PVyes]",0.430146,0.430146,0.430146,0.430146,0.430146,0.430146,0.430146,0.430146,0.430146,0.430146,0.430146,0.430146,0.430146,0.430146,0.430146
"Initial Heating Solution[Lugano,Oil,Low,SFH,PVno]",5109.78,5109.78,5109.78,5109.78,5109.78,5109.78,5109.78,5109.78,5109.78,5109.78,5109.78,5109.78,5109.78,5109.78,5109.78
"Initial Heating Solution[Lugano,Oil,Low,SFH,PVyes]",1.70746,1.70746,1.70746,1.70746,1.70746,1.70746,1.70746,1.70746,1.70746,1.70746,1.70746,1.70746,1.70746,1.70746,1.70746
"Initial Heating Solution[Lugano,Oil,Moderate,DFH,PVno]",74.5631,74.5631,74.5631,74.5631,74.5631,74.5631,74.5631,74.5631,74.5631,74.5631,74.5631,74.5631,74.5631,74.5631,74.5631
"Initial Heating Solution[Lugano,Oil,Moderate,DFH,PVyes]",0,0,0,0,0,0,0,0,0,0,0,0,0,0,0
"Initial Heating Solution[Lugano,Oil,Moderate,MFH,PVno]",108.008,108.008,108.008,108.008,108.008,108.008,108.008,108.008,108.008,108.008,108.008,108.008,108.008,108.008,108.008
"Initial Heating Solution[Lugano,Oil,Moderate,MFH,PVyes]",0.197417,0.197417,0.197417,0.197417,0.197417,0.197417,0.197417,0.197417,0.197417,0.197417,0.197417,0.197417,0.197417,0.197417,0.197417
"Initial Heating Solution[Lugano,Oil,Moderate,SFH,PVno]",1264.7,1264.7,1264.7,1264.7,1264.7,1264.7,1264.7,1264.7,1264.7,1264.7,1264.7,1264.7,1264.7,1264.7,1264.7
"Initial Heating Solution[Lugano,Oil,Moderate,SFH,PVyes]",0.786837,0.786837,0.786837,0.786837,0.786837,0.786837,0.786837,0.786837,0.786837,0.786837,0.786837,0.786837,0.786837,0.786837,0.786837
"Initial Heating Solution[Lugano,Oil,High,DFH,PVno]",29.6549,29.6549,29.6549,29.6549,29.6549,29.6549,29.6549,29.6549,29.6549,29.6549,29.6549,29.6549,29.6549,29.6549,29.6549
"Initial Heating Solution[Lugano,Oil,High,DFH,PVyes]",0,0,0,0,0,0,0,0,0,0,0,0,0,0,0
"Initial Heating Solution[Lugano,Oil,High,MFH,PVno]",44.5294,44.5294,44.5294,44.5294,44.5294,44.5294,44.5294,44.5294,44.5294,44.5294,44.5294,44.5294,44.5294,44.5294,44.5294
"Initial Heating Solution[Lugano,Oil,High,MFH,PVyes]",0.112859,0.112859,0.112859,0.112859,0.112859,0.112859,0.112859,0.112859,0.112859,0.112859,0.112859,0.112859,0.112859,0.112859,0.112859
"Initial Heating Solution[Lugano,Oil,High,SFH,PVno]",759.93,759.93,759.93,759.93,759.93,759.93,759.93,759.93,759.93,759.93,759.93,759.93,759.93,759.93,759.93
"Initial Heating Solution[Lugano,Oil,High,SFH,PVyes]",0.537764,0.537764,0.537764,0.537764,0.537764,0.537764,0.537764,0.537764,0.537764,0.537764,0.537764,0.537764,0.537764,0.537764,0.537764
"Initial Heating Solution[Lugano,Oil,VeryHigh,DFH,PVno]",1.82797,1.82797,1.82797,1.82797,1.82797,1.82797,1.82797,1.82797,1.82797,1.82797,1.82797,1.82797,1.82797,1.82797,1.82797
"Initial Heating Solution[Lugano,Oil,VeryHigh,DFH,PVyes]",0,0,0,0,0,0,0,0,0,0,0,0,0,0,0
"Initial Heating Solution[Lugano,Oil,VeryHigh,MFH,PVno]",3.2402,3.2402,3.2402,3.2402,3.2402,3.2402,3.2402,3.2402,3.2402,3.2402,3.2402,3.2402,3.2402,3.2402,3.2402
"Initial Heating Solution[Lugano,Oil,VeryHigh,MFH,PVyes]",0.0157339,0.0157339,0.0157339,0.0157339,0.0157339,0.0157339,0.0157339,0.0157339,0.0157339,0.0157339,0.0157339,0.0157339,0.0157339,0.0157339,0.0157339
"Initial Heating Solution[Lugano,Oil,VeryHigh,SFH,PVno]",83.9101,83.9101,83.9101,83.9101,83.9101,83.9101,83.9101,83.9101,83.9101,83.9101,83.9101,83.9101,83.9101,83.9101,83.9101
"Initial Heating Solution[Lugano,Oil,VeryHigh,SFH,PVyes]",0,0,0,0,0,0,0,0,0,0,0,0,0,0,0
"Initial Heating Solution[Lugano,OilST,VeryLow,DFH,PVno]",39.8649,39.8649,39.8649,39.8649,39.8649,39.8649,39.8649,39.8649,39.8649,39.8649,39.8649,39.8649,39.8649,39.8649,39.8649
"Initial Heating Solution[Lugano,OilST,VeryLow,DFH,PVyes]",0,0,0,0,0,0,0,0,0,0,0,0,0,0,0
"Initial Heating Solution[Lugano,OilST,VeryLow,MFH,PVno]",25.6472,25.6472,25.6472,25.6472,25.6472,25.6472,25.6472,25.6472,25.6472,25.6472,25.6472,25.6472,25.6472,25.6472,25.6472
"Initial Heating Solution[Lugano,OilST,VeryLow,MFH,PVyes]",0,0,0,0,0,0,0,0,0,0,0,0,0,0,0
"Initial Heating Solution[Lugano,OilST,VeryLow,SFH,PVno]",15.4539,15.4539,15.4539,15.4539,15.4539,15.4539,15.4539,15.4539,15.4539,15.4539,15.4539,15.4539,15.4539,15.4539,15.4539
"Initial Heating Solution[Lugano,OilST,VeryLow,SFH,PVyes]",0,0,0,0,0,0,0,0,0,0,0,0,0,0,0
"Initial Heating Solution[Lugano,OilST,Low,DFH,PVno]",1.28626,1.28626,1.28626,1.28626,1.28626,1.28626,1.28626,1.28626,1.28626,1.28626,1.28626,1.28626,1.28626,1.28626,1.28626
"Initial Heating Solution[Lugano,OilST,Low,DFH,PVyes]",0,0,0,0,0,0,0,0,0,0,0,0,0,0,0
"Initial Heating Solution[Lugano,OilST,Low,MFH,PVno]",3.93014,3.93014,3.93014,3.93014,3.93014,3.93014,3.93014,3.93014,3.93014,3.93014,3.93014,3.93014,3.93014,3.93014,3.93014
"Initial Heating Solution[Lugano,OilST,Low,MFH,PVyes]",0,0,0,0,0,0,0,0,0,0,0,0,0,0,0
"Initial Heating Solution[Lugano,OilST,Low,SFH,PVno]",22.6788,22.6788,22.6788,22.6788,22.6788,22.6788,22.6788,22.6788,22.6788,22.6788,22.6788,22.6788,22.6788,22.6788,22.6788
"Initial Heating Solution[Lugano,OilST,Low,SFH,PVyes]",0,0,0,0,0,0,0,0,0,0,0,0,0,0,0
"Initial Heating Solution[Lugano,OilST,Moderate,DFH,PVno]",0.013069,0.013069,0.013069,0.013069,0.013069,0.013069,0.013069,0.013069,0.013069,0.013069,0.013069,0.013069,0.013069,0.013069,0.013069
"Initial Heating Solution[Lugano,OilST,Moderate,DFH,PVyes]",0,0,0,0,0,0,0,0,0,0,0,0,0,0,0
"Initial Heating Solution[Lugano,OilST,Moderate,MFH,PVno]",0.927841,0.927841,0.927841,0.927841,0.927841,0.927841,0.927841,0.927841,0.927841,0.927841,0.927841,0.927841,0.927841,0.927841,0.927841
"Initial Heating Solution[Lugano,OilST,Moderate,MFH,PVyes]",0,0,0,0,0,0,0,0,0,0,0,0,0,0,0
"Initial Heating Solution[Lugano,OilST,Moderate,SFH,PVno]",13.4664,13.4664,13.4664,13.4664,13.4664,13.4664,13.4664,13.4664,13.4664,13.4664,13.4664,13.4664,13.4664,13.4664,13.4664
"Initial Heating Solution[Lugano,OilST,Moderate,SFH,PVyes]",0,0,0,0,0,0,0,0,0,0,0,0,0,0,0
"Initial Heating Solution[Lugano,OilST,High,DFH,PVno]",0.000685792,0.000685792,0.000685792,0.000685792,0.000685792,0.000685792,0.000685792,0.000685792,0.000685792,0.000685792,0.000685792,0.000685792,0.000685792,0.000685792,0.000685792
"Initial Heating Solution[Lugano,OilST,High,DFH,PVyes]",0,0,0,0,0,0,0,0,0,0,0,0,0,0,0
"Initial Heating Solution[Lugano,OilST,High,MFH,PVno]",0.368466,0.368466,0.368466,0.368466,0.368466,0.368466,0.368466,0.368466,0.368466,0.368466,0.368466,0.368466,0.368466,0.368466,0.368466
"Initial Heating Solution[Lugano,OilST,High,MFH,PVyes]",0,0,0,0,0,0,0,0,0,0,0,0,0,0,0
"Initial Heating Solution[Lugano,OilST,High,SFH,PVno]",12.5177,12.5177,12.5177,12.5177,12.5177,12.5177,12.5177,12.5177,12.5177,12.5177,12.5177,12.5177,12.5177,12.5177,12.5177
"Initial Heating Solution[Lugano,OilST,High,SFH,PVyes]",0,0,0,0,0,0,0,0,0,0,0,0,0,0,0
"Initial Heating Solution[Lugano,OilST,VeryHigh,DFH,PVno]",0,0,0,0,0,0,0,0,0,0,0,0,0,0,0
"Initial Heating Solution[Lugano,OilST,VeryHigh,DFH,PVyes]",0,0,0,0,0,0,0,0,0,0,0,0,0,0,0
"Initial Heating Solution[Lugano,OilST,VeryHigh,MFH,PVno]",0,0,0,0,0,0,0,0,0,0,0,0,0,0,0
"Initial Heating Solution[Lugano,OilST,VeryHigh,MFH,PVyes]",0,0,0,0,0,0,0,0,0,0,0,0,0,0,0
"Initial Heating Solution[Lugano,OilST,VeryHigh,SFH,PVno]",2.77617,2.77617,2.77617,2.77617,2.77617,2.77617,2.77617,2.77617,2.77617,2.77617,2.77617,2.77617,2.77617,2.77617,2.77617
"Initial Heating Solution[Lugano,OilST,VeryHigh,SFH,PVyes]",0,0,0,0,0,0,0,0,0,0,0,0,0,0,0
"Initial Heating Solution[Lugano,Wood,VeryLow,DFH,PVno]",177.955,177.955,177.955,177.955,177.955,177.955,177.955,177.955,177.955,177.955,177.955,177.955,177.955,177.955,177.955
"Initial Heating Solution[Lugano,Wood,VeryLow,DFH,PVyes]",0,0,0,0,0,0,0,0,0,0,0,0,0,0,0
"Initial Heating Solution[Lugano,Wood,VeryLow,MFH,PVno]",89.4017,89.4017,89.4017,89.4017,89.4017,89.4017,89.4017,89.4017,89.4017,89.4017,89.4017,89.4017,89.4017,89.4017,89.4017
"Initial Heating Solution[Lugano,Wood,VeryLow,MFH,PVyes]",0,0,0,0,0,0,0,0,0,0,0,0,0,0,0
"Initial Heating Solution[Lugano,Wood,VeryLow,SFH,PVno]",1166.06,1166.06,1166.06,1166.06,1166.06,1166.06,1166.06,1166.06,1166.06,1166.06,1166.06,1166.06,1166.06,1166.06,1166.06
"Initial Heating Solution[Lugano,Wood,VeryLow,SFH,PVyes]",0.59065,0.59065,0.59065,0.59065,0.59065,0.59065,0.59065,0.59065,0.59065,0.59065,0.59065,0.59065,0.59065,0.59065,0.59065
"Initial Heating Solution[Lugano,Wood,Low,DFH,PVno]",15.8626,15.8626,15.8626,15.8626,15.8626,15.8626,15.8626,15.8626,15.8626,15.8626,15.8626,15.8626,15.8626,15.8626,15.8626
"Initial Heating Solution[Lugano,Wood,Low,DFH,PVyes]",0,0,0,0,0,0,0,0,0,0,0,0,0,0,0
"Initial Heating Solution[Lugano,Wood,Low,MFH,PVno]",14.2071,14.2071,14.2071,14.2071,14.2071,14.2071,14.2071,14.2071,14.2071,14.2071,14.2071,14.2071,14.2071,14.2071,14.2071
"Initial Heating Solution[Lugano,Wood,Low,MFH,PVyes]",0,0,0,0,0,0,0,0,0,0,0,0,0,0,0
"Initial Heating Solution[Lugano,Wood,Low,SFH,PVno]",623.66,623.66,623.66,623.66,623.66,623.66,623.66,623.66,623.66,623.66,623.66,623.66,623.66,623.66,623.66
"Initial Heating Solution[Lugano,Wood,Low,SFH,PVyes]",0.183389,0.183389,0.183389,0.183389,0.183389,0.183389,0.183389,0.183389,0.183389,0.183389,0.183389,0.183389,0.183389,0.183389,0.183389
"Initial Heating Solution[Lugano,Wood,Moderate,DFH,PVno]",2.76662,2.76662,2.76662,2.76662,2.76662,2.76662,2.76662,2.76662,2.76662,2.76662,2.76662,2.76662,2.76662,2.76662,2.76662
"Initial Heating Solution[Lugano,Wood,Moderate,DFH,PVyes]",0,0,0,0,0,0,0,0,0,0,0,0,0,0,0
"Initial Heating Solution[Lugano,Wood,Moderate,MFH,PVno]",2.36548,2.36548,2.36548,2.36548,2.36548,2.36548,2.36548,2.36548,2.36548,2.36548,2.36548,2.36548,2.36548,2.36548,2.36548
"Initial Heating Solution[Lugano,Wood,Moderate,MFH,PVyes]",0,0,0,0,0,0,0,0,0,0,0,0,0,0,0
"Initial Heating Solution[Lugano,Wood,Moderate,SFH,PVno]",69.448,69.448,69.448,69.448,69.448,69.448,69.448,69.448,69.448,69.448,69.448,69.448,69.448,69.448,69.448
"Initial Heating Solution[Lugano,Wood,Moderate,SFH,PVyes]",0.00607823,0.00607823,0.00607823,0.00607823,0.00607823,0.00607823,0.00607823,0.00607823,0.00607823,0.00607823,0.00607823,0.00607823,0.00607823,0.00607823,0.00607823
"Initial Heating Solution[Lugano,Wood,High,DFH,PVno]",1.10566,1.10566,1.10566,1.10566,1.10566,1.10566,1.10566,1.10566,1.10566,1.10566,1.10566,1.10566,1.10566,1.10566,1.10566
"Initial Heating Solution[Lugano,Wood,High,DFH,PVyes]",0,0,0,0,0,0,0,0,0,0,0,0,0,0,0
"Initial Heating Solution[Lugano,Wood,High,MFH,PVno]",0.826767,0.826767,0.826767,0.826767,0.826767,0.826767,0.826767,0.826767,0.826767,0.826767,0.826767,0.826767,0.826767,0.826767,0.826767
"Initial Heating Solution[Lugano,Wood,High,MFH,PVyes]",0,0,0,0,0,0,0,0,0,0,0,0,0,0,0
"Initial Heating Solution[Lugano,Wood,High,SFH,PVno]",29.9699,29.9699,29.9699,29.9699,29.9699,29.9699,29.9699,29.9699,29.9699,29.9699,29.9699,29.9699,29.9699,29.9699,29.9699
"Initial Heating Solution[Lugano,Wood,High,SFH,PVyes]",0.000583289,0.000583289,0.000583289,0.000583289,0.000583289,0.000583289,0.000583289,0.000583289,0.000583289,0.000583289,0.000583289,0.000583289,0.000583289,0.000583289,0.000583289
"Initial Heating Solution[Lugano,Wood,VeryHigh,DFH,PVno]",0.0940507,0.0940507,0.0940507,0.0940507,0.0940507,0.0940507,0.0940507,0.0940507,0.0940507,0.0940507,0.0940507,0.0940507,0.0940507,0.0940507,0.0940507
"Initial Heating Solution[Lugano,Wood,VeryHigh,DFH,PVyes]",0,0,0,0,0,0,0,0,0,0,0,0,0,0,0
"Initial Heating Solution[Lugano,Wood,VeryHigh,MFH,PVno]",0.0376203,0.0376203,0.0376203,0.0376203,0.0376203,0.0376203,0.0376203,0.0376203,0.0376203,0.0376203,0.0376203,0.0376203,0.0376203,0.0376203,0.0376203
"Initial Heating Solution[Lugano,Wood,VeryHigh,MFH,PVyes]",0,0,0,0,0,0,0,0,0,0,0,0,0,0,0
"Initial Heating Solution[Lugano,Wood,VeryHigh,SFH,PVno]",3.04882,3.04882,3.04882,3.04882,3.04882,3.04882,3.04882,3.04882,3.04882,3.04882,3.04882,3.04882,3.04882,3.04882,3.04882
"Initial Heating Solution[Lugano,Wood,VeryHigh,SFH,PVyes]",0,0,0,0,0,0,0,0,0,0,0,0,0,0,0
"Initial Heating Solution[Lugano,WoodST,VeryLow,DFH,PVno]",0,0,0,0,0,0,0,0,0,0,0,0,0,0,0
"Initial Heating Solution[Lugano,WoodST,VeryLow,DFH,PVyes]",0,0,0,0,0,0,0,0,0,0,0,0,0,0,0
"Initial Heating Solution[Lugano,WoodST,VeryLow,MFH,PVno]",5.12034,5.12034,5.12034,5.12034,5.12034,5.12034,5.12034,5.12034,5.12034,5.12034,5.12034,5.12034,5.12034,5.12034,5.12034
"Initial Heating Solution[Lugano,WoodST,VeryLow,MFH,PVyes]",0,0,0,0,0,0,0,0,0,0,0,0,0,0,0
"Initial Heating Solution[Lugano,WoodST,VeryLow,SFH,PVno]",85.3415,85.3415,85.3415,85.3415,85.3415,85.3415,85.3415,85.3415,85.3415,85.3415,85.3415,85.3415,85.3415,85.3415,85.3415
"Initial Heating Solution[Lugano,WoodST,VeryLow,SFH,PVyes]",0.63468,0.63468,0.63468,0.63468,0.63468,0.63468,0.63468,0.63468,0.63468,0.63468,0.63468,0.63468,0.63468,0.63468,0.63468
"Initial Heating Solution[Lugano,WoodST,Low,DFH,PVno]",0,0,0,0,0,0,0,0,0,0,0,0,0,0,0
"Initial Heating Solution[Lugano,WoodST,Low,DFH,PVyes]",0,0,0,0,0,0,0,0,0,0,0,0,0,0,0
"Initial Heating Solution[Lugano,WoodST,Low,MFH,PVno]",0.025221,0.025221,0.025221,0.025221,0.025221,0.025221,0.025221,0.025221,0.025221,0.025221,0.025221,0.025221,0.025221,0.025221,0.025221
"Initial Heating Solution[Lugano,WoodST,Low,MFH,PVyes]",0,0,0,0,0,0,0,0,0,0,0,0,0,0,0
"Initial Heating Solution[Lugano,WoodST,Low,SFH,PVno]",58.4476,58.4476,58.4476,58.4476,58.4476,58.4476,58.4476,58.4476,58.4476,58.4476,58.4476,58.4476,58.4476,58.4476,58.4476
"Initial Heating Solution[Lugano,WoodST,Low,SFH,PVyes]",0.344358,0.344358,0.344358,0.344358,0.344358,0.344358,0.344358,0.344358,0.344358,0.344358,0.344358,0.344358,0.344358,0.344358,0.344358
"Initial Heating Solution[Lugano,WoodST,Moderate,DFH,PVno]",0,0,0,0,0,0,0,0,0,0,0,0,0,0,0
"Initial Heating Solution[Lugano,WoodST,Moderate,DFH,PVyes]",0,0,0,0,0,0,0,0,0,0,0,0,0,0,0
"Initial Heating Solution[Lugano,WoodST,Moderate,MFH,PVno]",4.87725E-05,4.87725E-05,4.87725E-05,4.87725E-05,4.87725E-05,4.87725E-05,4.87725E-05,4.87725E-05,4.87725E-05,4.87725E-05,4.87725E-05,4.87725E-05,4.87725E-05,4.87725E-05,4.87725E-05
"Initial Heating Solution[Lugano,WoodST,Moderate,MFH,PVyes]",0,0,0,0,0,0,0,0,0,0,0,0,0,0,0
"Initial Heating Solution[Lugano,WoodST,Moderate,SFH,PVno]",13.5509,13.5509,13.5509,13.5509,13.5509,13.5509,13.5509,13.5509,13.5509,13.5509,13.5509,13.5509,13.5509,13.5509,13.5509
"Initial Heating Solution[Lugano,WoodST,Moderate,SFH,PVyes]",0.0185963,0.0185963,0.0185963,0.0185963,0.0185963,0.0185963,0.0185963,0.0185963,0.0185963,0.0185963,0.0185963,0.0185963,0.0185963,0.0185963,0.0185963
"Initial Heating Solution[Lugano,WoodST,High,DFH,PVno]",0,0,0,0,0,0,0,0,0,0,0,0,0,0,0
"Initial Heating Solution[Lugano,WoodST,High,DFH,PVyes]",0,0,0,0,0,0,0,0,0,0,0,0,0,0,0
"Initial Heating Solution[Lugano,WoodST,High,MFH,PVno]",1.06514E-06,1.06514E-06,1.06514E-06,1.06514E-06,1.06514E-06,1.06514E-06,1.06514E-06,1.06514E-06,1.06514E-06,1.06514E-06,1.06514E-06,1.06514E-06,1.06514E-06,1.06514E-06,1.06514E-06
"Initial Heating Solution[Lugano,WoodST,High,MFH,PVyes]",0,0,0,0,0,0,0,0,0,0,0,0,0,0,0
"Initial Heating Solution[Lugano,WoodST,High,SFH,PVno]",10.2441,10.2441,10.2441,10.2441,10.2441,10.2441,10.2441,10.2441,10.2441,10.2441,10.2441,10.2441,10.2441,10.2441,10.2441
"Initial Heating Solution[Lugano,WoodST,High,SFH,PVyes]",0.0023657,0.0023657,0.0023657,0.0023657,0.0023657,0.0023657,0.0023657,0.0023657,0.0023657,0.0023657,0.0023657,0.0023657,0.0023657,0.0023657,0.0023657
"Initial Heating Solution[Lugano,WoodST,VeryHigh,DFH,PVno]",0,0,0,0,0,0,0,0,0,0,0,0,0,0,0
"Initial Heating Solution[Lugano,WoodST,VeryHigh,DFH,PVyes]",0,0,0,0,0,0,0,0,0,0,0,0,0,0,0
"Initial Heating Solution[Lugano,WoodST,VeryHigh,MFH,PVno]",0,0,0,0,0,0,0,0,0,0,0,0,0,0,0
"Initial Heating Solution[Lugano,WoodST,VeryHigh,MFH,PVyes]",0,0,0,0,0,0,0,0,0,0,0,0,0,0,0
"Initial Heating Solution[Lugano,WoodST,VeryHigh,SFH,PVno]",2.22094,2.22094,2.22094,2.22094,2.22094,2.22094,2.22094,2.22094,2.22094,2.22094,2.22094,2.22094,2.22094,2.22094,2.22094
"Initial Heating Solution[Lugano,WoodST,VeryHigh,SFH,PVyes]",0,0,0,0,0,0,0,0,0,0,0,0,0,0,0
"Initial Heating Solution[Lugano,GasST,VeryLow,DFH,PVno]",5.12034,5.12034,5.12034,5.12034,5.12034,5.12034,5.12034,5.12034,5.12034,5.12034,5.12034,5.12034,5.12034,5.12034,5.12034
"Initial Heating Solution[Lugano,GasST,VeryLow,DFH,PVyes]",0,0,0,0,0,0,0,0,0,0,0,0,0,0,0
"Initial Heating Solution[Lugano,GasST,VeryLow,MFH,PVno]",26.3479,26.3479,26.3479,26.3479,26.3479,26.3479,26.3479,26.3479,26.3479,26.3479,26.3479,26.3479,26.3479,26.3479,26.3479
"Initial Heating Solution[Lugano,GasST,VeryLow,MFH,PVyes]",0,0,0,0,0,0,0,0,0,0,0,0,0,0,0
"Initial Heating Solution[Lugano,GasST,VeryLow,SFH,PVno]",13.7041,13.7041,13.7041,13.7041,13.7041,13.7041,13.7041,13.7041,13.7041,13.7041,13.7041,13.7041,13.7041,13.7041,13.7041
"Initial Heating Solution[Lugano,GasST,VeryLow,SFH,PVyes]",0.125575,0.125575,0.125575,0.125575,0.125575,0.125575,0.125575,0.125575,0.125575,0.125575,0.125575,0.125575,0.125575,0.125575,0.125575
"Initial Heating Solution[Lugano,GasST,Low,DFH,PVno]",0.025221,0.025221,0.025221,0.025221,0.025221,0.025221,0.025221,0.025221,0.025221,0.025221,0.025221,0.025221,0.025221,0.025221,0.025221
"Initial Heating Solution[Lugano,GasST,Low,DFH,PVyes]",0,0,0,0,0,0,0,0,0,0,0,0,0,0,0
"Initial Heating Solution[Lugano,GasST,Low,MFH,PVno]",8.98742,8.98742,8.98742,8.98742,8.98742,8.98742,8.98742,8.98742,8.98742,8.98742,8.98742,8.98742,8.98742,8.98742,8.98742
"Initial Heating Solution[Lugano,GasST,Low,MFH,PVyes]",0,0,0,0,0,0,0,0,0,0,0,0,0,0,0
"Initial Heating Solution[Lugano,GasST,Low,SFH,PVno]",10.3653,10.3653,10.3653,10.3653,10.3653,10.3653,10.3653,10.3653,10.3653,10.3653,10.3653,10.3653,10.3653,10.3653,10.3653
"Initial Heating Solution[Lugano,GasST,Low,SFH,PVyes]",0.580667,0.580667,0.580667,0.580667,0.580667,0.580667,0.580667,0.580667,0.580667,0.580667,0.580667,0.580667,0.580667,0.580667,0.580667
"Initial Heating Solution[Lugano,GasST,Moderate,DFH,PVno]",4.87725E-05,4.87725E-05,4.87725E-05,4.87725E-05,4.87725E-05,4.87725E-05,4.87725E-05,4.87725E-05,4.87725E-05,4.87725E-05,4.87725E-05,4.87725E-05,4.87725E-05,4.87725E-05,4.87725E-05
"Initial Heating Solution[Lugano,GasST,Moderate,DFH,PVyes]",0,0,0,0,0,0,0,0,0,0,0,0,0,0,0
"Initial Heating Solution[Lugano,GasST,Moderate,MFH,PVno]",3.66972,3.66972,3.66972,3.66972,3.66972,3.66972,3.66972,3.66972,3.66972,3.66972,3.66972,3.66972,3.66972,3.66972,3.66972
"Initial Heating Solution[Lugano,GasST,Moderate,MFH,PVyes]",0,0,0,0,0,0,0,0,0,0,0,0,0,0,0
"Initial Heating Solution[Lugano,GasST,Moderate,SFH,PVno]",5.05989,5.05989,5.05989,5.05989,5.05989,5.05989,5.05989,5.05989,5.05989,5.05989,5.05989,5.05989,5.05989,5.05989,5.05989
"Initial Heating Solution[Lugano,GasST,Moderate,SFH,PVyes]",0.202482,0.202482,0.202482,0.202482,0.202482,0.202482,0.202482,0.202482,0.202482,0.202482,0.202482,0.202482,0.202482,0.202482,0.202482
"Initial Heating Solution[Lugano,GasST,High,DFH,PVno]",1.06514E-06,1.06514E-06,1.06514E-06,1.06514E-06,1.06514E-06,1.06514E-06,1.06514E-06,1.06514E-06,1.06514E-06,1.06514E-06,1.06514E-06,1.06514E-06,1.06514E-06,1.06514E-06,1.06514E-06
"Initial Heating Solution[Lugano,GasST,High,DFH,PVyes]",0,0,0,0,0,0,0,0,0,0,0,0,0,0,0
"Initial Heating Solution[Lugano,GasST,High,MFH,PVno]",1.94059,1.94059,1.94059,1.94059,1.94059,1.94059,1.94059,1.94059,1.94059,1.94059,1.94059,1.94059,1.94059,1.94059,1.94059
"Initial Heating Solution[Lugano,GasST,High,MFH,PVyes]",0,0,0,0,0,0,0,0,0,0,0,0,0,0,0
"Initial Heating Solution[Lugano,GasST,High,SFH,PVno]",5.22425,5.22425,5.22425,5.22425,5.22425,5.22425,5.22425,5.22425,5.22425,5.22425,5.22425,5.22425,5.22425,5.22425,5.22425
"Initial Heating Solution[Lugano,GasST,High,SFH,PVyes]",0.0912756,0.0912756,0.0912756,0.0912756,0.0912756,0.0912756,0.0912756,0.0912756,0.0912756,0.0912756,0.0912756,0.0912756,0.0912756,0.0912756,0.0912756
"Initial Heating Solution[Lugano,GasST,VeryHigh,DFH,PVno]",0,0,0,0,0,0,0,0,0,0,0,0,0,0,0
"Initial Heating Solution[Lugano,GasST,VeryHigh,DFH,PVyes]",0,0,0,0,0,0,0,0,0,0,0,0,0,0,0
"Initial Heating Solution[Lugano,GasST,VeryHigh,MFH,PVno]",0.219238,0.219238,0.219238,0.219238,0.219238,0.219238,0.219238,0.219238,0.219238,0.219238,0.219238,0.219238,0.219238,0.219238,0.219238
"Initial Heating Solution[Lugano,GasST,VeryHigh,MFH,PVyes]",0,0,0,0,0,0,0,0,0,0,0,0,0,0,0
"Initial Heating Solution[Lugano,GasST,VeryHigh,SFH,PVno]",1.6657,1.6657,1.6657,1.6657,1.6657,1.6657,1.6657,1.6657,1.6657,1.6657,1.6657,1.6657,1.6657,1.6657,1.6657
"Initial Heating Solution[Lugano,GasST,VeryHigh,SFH,PVyes]",0,0,0,0,0,0,0,0,0,0,0,0,0,0,0
"Initial Heating Solution[Lugano,Pellet,VeryLow,DFH,PVno]",49.9879,49.9879,49.9879,49.9879,49.9879,49.9879,49.9879,49.9879,49.9879,49.9879,49.9879,49.9879,49.9879,49.9879,49.9879
"Initial Heating Solution[Lugano,Pellet,VeryLow,DFH,PVyes]",0,0,0,0,0,0,0,0,0,0,0,0,0,0,0
"Initial Heating Solution[Lugano,Pellet,VeryLow,MFH,PVno]",25.1131,25.1131,25.1131,25.1131,25.1131,25.1131,25.1131,25.1131,25.1131,25.1131,25.1131,25.1131,25.1131,25.1131,25.1131
"Initial Heating Solution[Lugano,Pellet,VeryLow,MFH,PVyes]",0,0,0,0,0,0,0,0,0,0,0,0,0,0,0
"Initial Heating Solution[Lugano,Pellet,VeryLow,SFH,PVno]",327.55,327.55,327.55,327.55,327.55,327.55,327.55,327.55,327.55,327.55,327.55,327.55,327.55,327.55,327.55
"Initial Heating Solution[Lugano,Pellet,VeryLow,SFH,PVyes]",0.165915,0.165915,0.165915,0.165915,0.165915,0.165915,0.165915,0.165915,0.165915,0.165915,0.165915,0.165915,0.165915,0.165915,0.165915
"Initial Heating Solution[Lugano,Pellet,Low,DFH,PVno]",4.45582,4.45582,4.45582,4.45582,4.45582,4.45582,4.45582,4.45582,4.45582,4.45582,4.45582,4.45582,4.45582,4.45582,4.45582
"Initial Heating Solution[Lugano,Pellet,Low,DFH,PVyes]",0,0,0,0,0,0,0,0,0,0,0,0,0,0,0
"Initial Heating Solution[Lugano,Pellet,Low,MFH,PVno]",3.9908,3.9908,3.9908,3.9908,3.9908,3.9908,3.9908,3.9908,3.9908,3.9908,3.9908,3.9908,3.9908,3.9908,3.9908
"Initial Heating Solution[Lugano,Pellet,Low,MFH,PVyes]",0,0,0,0,0,0,0,0,0,0,0,0,0,0,0
"Initial Heating Solution[Lugano,Pellet,Low,SFH,PVno]",175.187,175.187,175.187,175.187,175.187,175.187,175.187,175.187,175.187,175.187,175.187,175.187,175.187,175.187,175.187
"Initial Heating Solution[Lugano,Pellet,Low,SFH,PVyes]",0.0515142,0.0515142,0.0515142,0.0515142,0.0515142,0.0515142,0.0515142,0.0515142,0.0515142,0.0515142,0.0515142,0.0515142,0.0515142,0.0515142,0.0515142
"Initial Heating Solution[Lugano,Pellet,Moderate,DFH,PVno]",0.777149,0.777149,0.777149,0.777149,0.777149,0.777149,0.777149,0.777149,0.777149,0.777149,0.777149,0.777149,0.777149,0.777149,0.777149
"Initial Heating Solution[Lugano,Pellet,Moderate,DFH,PVyes]",0,0,0,0,0,0,0,0,0,0,0,0,0,0,0
"Initial Heating Solution[Lugano,Pellet,Moderate,MFH,PVno]",0.664467,0.664467,0.664467,0.664467,0.664467,0.664467,0.664467,0.664467,0.664467,0.664467,0.664467,0.664467,0.664467,0.664467,0.664467
"Initial Heating Solution[Lugano,Pellet,Moderate,MFH,PVyes]",0,0,0,0,0,0,0,0,0,0,0,0,0,0,0
"Initial Heating Solution[Lugano,Pellet,Moderate,SFH,PVno]",19.5081,19.5081,19.5081,19.5081,19.5081,19.5081,19.5081,19.5081,19.5081,19.5081,19.5081,19.5081,19.5081,19.5081,19.5081
"Initial Heating Solution[Lugano,Pellet,Moderate,SFH,PVyes]",0.00170738,0.00170738,0.00170738,0.00170738,0.00170738,0.00170738,0.00170738,0.00170738,0.00170738,0.00170738,0.00170738,0.00170738,0.00170738,0.00170738,0.00170738
"Initial Heating Solution[Lugano,Pellet,High,DFH,PVno]",0.310583,0.310583,0.310583,0.310583,0.310583,0.310583,0.310583,0.310583,0.310583,0.310583,0.310583,0.310583,0.310583,0.310583,0.310583
"Initial Heating Solution[Lugano,Pellet,High,DFH,PVyes]",0,0,0,0,0,0,0,0,0,0,0,0,0,0,0
"Initial Heating Solution[Lugano,Pellet,High,MFH,PVno]",0.23224,0.23224,0.23224,0.23224,0.23224,0.23224,0.23224,0.23224,0.23224,0.23224,0.23224,0.23224,0.23224,0.23224,0.23224
"Initial Heating Solution[Lugano,Pellet,High,MFH,PVyes]",0,0,0,0,0,0,0,0,0,0,0,0,0,0,0
"Initial Heating Solution[Lugano,Pellet,High,SFH,PVno]",8.41859,8.41859,8.41859,8.41859,8.41859,8.41859,8.41859,8.41859,8.41859,8.41859,8.41859,8.41859,8.41859,8.41859,8.41859
"Initial Heating Solution[Lugano,Pellet,High,SFH,PVyes]",0.000163847,0.000163847,0.000163847,0.000163847,0.000163847,0.000163847,0.000163847,0.000163847,0.000163847,0.000163847,0.000163847,0.000163847,0.000163847,0.000163847,0.000163847
"Initial Heating Solution[Lugano,Pellet,VeryHigh,DFH,PVno]",0.026419,0.026419,0.026419,0.026419,0.026419,0.026419,0.026419,0.026419,0.026419,0.026419,0.026419,0.026419,0.026419,0.026419,0.026419
"Initial Heating Solution[Lugano,Pellet,VeryHigh,DFH,PVyes]",0,0,0,0,0,0,0,0,0,0,0,0,0,0,0
"Initial Heating Solution[Lugano,Pellet,VeryHigh,MFH,PVno]",0.0105676,0.0105676,0.0105676,0.0105676,0.0105676,0.0105676,0.0105676,0.0105676,0.0105676,0.0105676,0.0105676,0.0105676,0.0105676,0.0105676,0.0105676
"Initial Heating Solution[Lugano,Pellet,VeryHigh,MFH,PVyes]",0,0,0,0,0,0,0,0,0,0,0,0,0,0,0
"Initial Heating Solution[Lugano,Pellet,VeryHigh,SFH,PVno]",0.85642,0.85642,0.85642,0.85642,0.85642,0.85642,0.85642,0.85642,0.85642,0.85642,0.85642,0.85642,0.85642,0.85642,0.85642
"Initial Heating Solution[Lugano,Pellet,VeryHigh,SFH,PVyes]",0,0,0,0,0,0,0,0,0,0,0,0,0,0,0
"Initial Heating Solution[Mendrisio,DH,VeryLow,DFH,PVno]",2.80194,2.80194,2.80194,2.80194,2.80194,2.80194,2.80194,2.80194,2.80194,2.80194,2.80194,2.80194,2.80194,2.80194,2.80194
"Initial Heating Solution[Mendrisio,DH,VeryLow,DFH,PVyes]",0,0,0,0,0,0,0,0,0,0,0,0,0,0,0
"Initial Heating Solution[Mendrisio,DH,VeryLow,MFH,PVno]",7.26691,7.26691,7.26691,7.26691,7.26691,7.26691,7.26691,7.26691,7.26691,7.26691,7.26691,7.26691,7.26691,7.26691,7.26691
"Initial Heating Solution[Mendrisio,DH,VeryLow,MFH,PVyes]",0,0,0,0,0,0,0,0,0,0,0,0,0,0,0
"Initial Heating Solution[Mendrisio,DH,VeryLow,SFH,PVno]",9.67151,9.67151,9.67151,9.67151,9.67151,9.67151,9.67151,9.67151,9.67151,9.67151,9.67151,9.67151,9.67151,9.67151,9.67151
"Initial Heating Solution[Mendrisio,DH,VeryLow,SFH,PVyes]",0,0,0,0,0,0,0,0,0,0,0,0,0,0,0
"Initial Heating Solution[Mendrisio,DH,Low,DFH,PVno]",0.728562,0.728562,0.728562,0.728562,0.728562,0.728562,0.728562,0.728562,0.728562,0.728562,0.728562,0.728562,0.728562,0.728562,0.728562
"Initial Heating Solution[Mendrisio,DH,Low,DFH,PVyes]",0,0,0,0,0,0,0,0,0,0,0,0,0,0,0
"Initial Heating Solution[Mendrisio,DH,Low,MFH,PVno]",1.05211,1.05211,1.05211,1.05211,1.05211,1.05211,1.05211,1.05211,1.05211,1.05211,1.05211,1.05211,1.05211,1.05211,1.05211
"Initial Heating Solution[Mendrisio,DH,Low,MFH,PVyes]",0,0,0,0,0,0,0,0,0,0,0,0,0,0,0
"Initial Heating Solution[Mendrisio,DH,Low,SFH,PVno]",4.26053,4.26053,4.26053,4.26053,4.26053,4.26053,4.26053,4.26053,4.26053,4.26053,4.26053,4.26053,4.26053,4.26053,4.26053
"Initial Heating Solution[Mendrisio,DH,Low,SFH,PVyes]",0,0,0,0,0,0,0,0,0,0,0,0,0,0,0
"Initial Heating Solution[Mendrisio,DH,Moderate,DFH,PVno]",0.0735274,0.0735274,0.0735274,0.0735274,0.0735274,0.0735274,0.0735274,0.0735274,0.0735274,0.0735274,0.0735274,0.0735274,0.0735274,0.0735274,0.0735274
"Initial Heating Solution[Mendrisio,DH,Moderate,DFH,PVyes]",0,0,0,0,0,0,0,0,0,0,0,0,0,0,0
"Initial Heating Solution[Mendrisio,DH,Moderate,MFH,PVno]",0.260344,0.260344,0.260344,0.260344,0.260344,0.260344,0.260344,0.260344,0.260344,0.260344,0.260344,0.260344,0.260344,0.260344,0.260344
"Initial Heating Solution[Mendrisio,DH,Moderate,MFH,PVyes]",0,0,0,0,0,0,0,0,0,0,0,0,0,0,0
"Initial Heating Solution[Mendrisio,DH,Moderate,SFH,PVno]",0.604664,0.604664,0.604664,0.604664,0.604664,0.604664,0.604664,0.604664,0.604664,0.604664,0.604664,0.604664,0.604664,0.604664,0.604664
"Initial Heating Solution[Mendrisio,DH,Moderate,SFH,PVyes]",0,0,0,0,0,0,0,0,0,0,0,0,0,0,0
"Initial Heating Solution[Mendrisio,DH,High,DFH,PVno]",0.0138749,0.0138749,0.0138749,0.0138749,0.0138749,0.0138749,0.0138749,0.0138749,0.0138749,0.0138749,0.0138749,0.0138749,0.0138749,0.0138749,0.0138749
"Initial Heating Solution[Mendrisio,DH,High,DFH,PVyes]",0,0,0,0,0,0,0,0,0,0,0,0,0,0,0
"Initial Heating Solution[Mendrisio,DH,High,MFH,PVno]",0.103596,0.103596,0.103596,0.103596,0.103596,0.103596,0.103596,0.103596,0.103596,0.103596,0.103596,0.103596,0.103596,0.103596,0.103596
"Initial Heating Solution[Mendrisio,DH,High,MFH,PVyes]",0,0,0,0,0,0,0,0,0,0,0,0,0,0,0
"Initial Heating Solution[Mendrisio,DH,High,SFH,PVno]",0.50232,0.50232,0.50232,0.50232,0.50232,0.50232,0.50232,0.50232,0.50232,0.50232,0.50232,0.50232,0.50232,0.50232,0.50232
"Initial Heating Solution[Mendrisio,DH,High,SFH,PVyes]",0,0,0,0,0,0,0,0,0,0,0,0,0,0,0
"Initial Heating Solution[Mendrisio,DH,VeryHigh,DFH,PVno]",0,0,0,0,0,0,0,0,0,0,0,0,0,0,0
"Initial Heating Solution[Mendrisio,DH,VeryHigh,DFH,PVyes]",0,0,0,0,0,0,0,0,0,0,0,0,0,0,0
"Initial Heating Solution[Mendrisio,DH,VeryHigh,MFH,PVno]",0,0,0,0,0,0,0,0,0,0,0,0,0,0,0
"Initial Heating Solution[Mendrisio,DH,VeryHigh,MFH,PVyes]",0,0,0,0,0,0,0,0,0,0,0,0,0,0,0
"Initial Heating Solution[Mendrisio,DH,VeryHigh,SFH,PVno]",0.156155,0.156155,0.156155,0.156155,0.156155,0.156155,0.156155,0.156155,0.156155,0.156155,0.156155,0.156155,0.156155,0.156155,0.156155
"Initial Heating Solution[Mendrisio,DH,VeryHigh,SFH,PVyes]",0,0,0,0,0,0,0,0,0,0,0,0,0,0,0
"Initial Heating Solution[Mendrisio,ElectricHeater,VeryLow,DFH,PVno]",202.583,202.583,202.583,202.583,202.583,202.583,202.583,202.583,202.583,202.583,202.583,202.583,202.583,202.583,202.583
"Initial Heating Solution[Mendrisio,ElectricHeater,VeryLow,DFH,PVyes]",0,0,0,0,0,0,0,0,0,0,0,0,0,0,0
"Initial Heating Solution[Mendrisio,ElectricHeater,VeryLow,MFH,PVno]",109.369,109.369,109.369,109.369,109.369,109.369,109.369,109.369,109.369,109.369,109.369,109.369,109.369,109.369,109.369
"Initial Heating Solution[Mendrisio,ElectricHeater,VeryLow,MFH,PVyes]",0,0,0,0,0,0,0,0,0,0,0,0,0,0,0
"Initial Heating Solution[Mendrisio,ElectricHeater,VeryLow,SFH,PVno]",386.218,386.218,386.218,386.218,386.218,386.218,386.218,386.218,386.218,386.218,386.218,386.218,386.218,386.218,386.218
"Initial Heating Solution[Mendrisio,ElectricHeater,VeryLow,SFH,PVyes]",0,0,0,0,0,0,0,0,0,0,0,0,0,0,0
"Initial Heating Solution[Mendrisio,ElectricHeater,Low,DFH,PVno]",18.989,18.989,18.989,18.989,18.989,18.989,18.989,18.989,18.989,18.989,18.989,18.989,18.989,18.989,18.989
"Initial Heating Solution[Mendrisio,ElectricHeater,Low,DFH,PVyes]",0,0,0,0,0,0,0,0,0,0,0,0,0,0,0
"Initial Heating Solution[Mendrisio,ElectricHeater,Low,MFH,PVno]",5.11485,5.11485,5.11485,5.11485,5.11485,5.11485,5.11485,5.11485,5.11485,5.11485,5.11485,5.11485,5.11485,5.11485,5.11485
"Initial Heating Solution[Mendrisio,ElectricHeater,Low,MFH,PVyes]",0,0,0,0,0,0,0,0,0,0,0,0,0,0,0
"Initial Heating Solution[Mendrisio,ElectricHeater,Low,SFH,PVno]",315.55,315.55,315.55,315.55,315.55,315.55,315.55,315.55,315.55,315.55,315.55,315.55,315.55,315.55,315.55
"Initial Heating Solution[Mendrisio,ElectricHeater,Low,SFH,PVyes]",0,0,0,0,0,0,0,0,0,0,0,0,0,0,0
"Initial Heating Solution[Mendrisio,ElectricHeater,Moderate,DFH,PVno]",2.20929,2.20929,2.20929,2.20929,2.20929,2.20929,2.20929,2.20929,2.20929,2.20929,2.20929,2.20929,2.20929,2.20929,2.20929
"Initial Heating Solution[Mendrisio,ElectricHeater,Moderate,DFH,PVyes]",0,0,0,0,0,0,0,0,0,0,0,0,0,0,0
"Initial Heating Solution[Mendrisio,ElectricHeater,Moderate,MFH,PVno]",0.79083,0.79083,0.79083,0.79083,0.79083,0.79083,0.79083,0.79083,0.79083,0.79083,0.79083,0.79083,0.79083,0.79083,0.79083
"Initial Heating Solution[Mendrisio,ElectricHeater,Moderate,MFH,PVyes]",0,0,0,0,0,0,0,0,0,0,0,0,0,0,0
"Initial Heating Solution[Mendrisio,ElectricHeater,Moderate,SFH,PVno]",70.248,70.248,70.248,70.248,70.248,70.248,70.248,70.248,70.248,70.248,70.248,70.248,70.248,70.248,70.248
"Initial Heating Solution[Mendrisio,ElectricHeater,Moderate,SFH,PVyes]",0,0,0,0,0,0,0,0,0,0,0,0,0,0,0
"Initial Heating Solution[Mendrisio,ElectricHeater,High,DFH,PVno]",0.644923,0.644923,0.644923,0.644923,0.644923,0.644923,0.644923,0.644923,0.644923,0.644923,0.644923,0.644923,0.644923,0.644923,0.644923
"Initial Heating Solution[Mendrisio,ElectricHeater,High,DFH,PVyes]",0,0,0,0,0,0,0,0,0,0,0,0,0,0,0
"Initial Heating Solution[Mendrisio,ElectricHeater,High,MFH,PVno]",0.305817,0.305817,0.305817,0.305817,0.305817,0.305817,0.305817,0.305817,0.305817,0.305817,0.305817,0.305817,0.305817,0.305817,0.305817
"Initial Heating Solution[Mendrisio,ElectricHeater,High,MFH,PVyes]",0,0,0,0,0,0,0,0,0,0,0,0,0,0,0
"Initial Heating Solution[Mendrisio,ElectricHeater,High,SFH,PVno]",36.0341,36.0341,36.0341,36.0341,36.0341,36.0341,36.0341,36.0341,36.0341,36.0341,36.0341,36.0341,36.0341,36.0341,36.0341
"Initial Heating Solution[Mendrisio,ElectricHeater,High,SFH,PVyes]",0,0,0,0,0,0,0,0,0,0,0,0,0,0,0
"Initial Heating Solution[Mendrisio,ElectricHeater,VeryHigh,DFH,PVno]",0.0478206,0.0478206,0.0478206,0.0478206,0.0478206,0.0478206,0.0478206,0.0478206,0.0478206,0.0478206,0.0478206,0.0478206,0.0478206,0.0478206,0.0478206
"Initial Heating Solution[Mendrisio,ElectricHeater,VeryHigh,DFH,PVyes]",0,0,0,0,0,0,0,0,0,0,0,0,0,0,0
"Initial Heating Solution[Mendrisio,ElectricHeater,VeryHigh,MFH,PVno]",0.0239103,0.0239103,0.0239103,0.0239103,0.0239103,0.0239103,0.0239103,0.0239103,0.0239103,0.0239103,0.0239103,0.0239103,0.0239103,0.0239103,0.0239103
"Initial Heating Solution[Mendrisio,ElectricHeater,VeryHigh,MFH,PVyes]",0,0,0,0,0,0,0,0,0,0,0,0,0,0,0
"Initial Heating Solution[Mendrisio,ElectricHeater,VeryHigh,SFH,PVno]",2.30107,2.30107,2.30107,2.30107,2.30107,2.30107,2.30107,2.30107,2.30107,2.30107,2.30107,2.30107,2.30107,2.30107,2.30107
"Initial Heating Solution[Mendrisio,ElectricHeater,VeryHigh,SFH,PVyes]",0,0,0,0,0,0,0,0,0,0,0,0,0,0,0
"Initial Heating Solution[Mendrisio,Gas,VeryLow,DFH,PVno]",251.616,251.616,251.616,251.616,251.616,251.616,251.616,251.616,251.616,251.616,251.616,251.616,251.616,251.616,251.616
"Initial Heating Solution[Mendrisio,Gas,VeryLow,DFH,PVyes]",0,0,0,0,0,0,0,0,0,0,0,0,0,0,0
"Initial Heating Solution[Mendrisio,Gas,VeryLow,MFH,PVno]",352.95,352.95,352.95,352.95,352.95,352.95,352.95,352.95,352.95,352.95,352.95,352.95,352.95,352.95,352.95
"Initial Heating Solution[Mendrisio,Gas,VeryLow,MFH,PVyes]",0.515989,0.515989,0.515989,0.515989,0.515989,0.515989,0.515989,0.515989,0.515989,0.515989,0.515989,0.515989,0.515989,0.515989,0.515989
"Initial Heating Solution[Mendrisio,Gas,VeryLow,SFH,PVno]",264.837,264.837,264.837,264.837,264.837,264.837,264.837,264.837,264.837,264.837,264.837,264.837,264.837,264.837,264.837
"Initial Heating Solution[Mendrisio,Gas,VeryLow,SFH,PVyes]",0.721889,0.721889,0.721889,0.721889,0.721889,0.721889,0.721889,0.721889,0.721889,0.721889,0.721889,0.721889,0.721889,0.721889,0.721889
"Initial Heating Solution[Mendrisio,Gas,Low,DFH,PVno]",34.0278,34.0278,34.0278,34.0278,34.0278,34.0278,34.0278,34.0278,34.0278,34.0278,34.0278,34.0278,34.0278,34.0278,34.0278
"Initial Heating Solution[Mendrisio,Gas,Low,DFH,PVyes]",0,0,0,0,0,0,0,0,0,0,0,0,0,0,0
"Initial Heating Solution[Mendrisio,Gas,Low,MFH,PVno]",49.4228,49.4228,49.4228,49.4228,49.4228,49.4228,49.4228,49.4228,49.4228,49.4228,49.4228,49.4228,49.4228,49.4228,49.4228
"Initial Heating Solution[Mendrisio,Gas,Low,MFH,PVyes]",0.00288512,0.00288512,0.00288512,0.00288512,0.00288512,0.00288512,0.00288512,0.00288512,0.00288512,0.00288512,0.00288512,0.00288512,0.00288512,0.00288512,0.00288512
"Initial Heating Solution[Mendrisio,Gas,Low,SFH,PVno]",328.748,328.748,328.748,328.748,328.748,328.748,328.748,328.748,328.748,328.748,328.748,328.748,328.748,328.748,328.748
"Initial Heating Solution[Mendrisio,Gas,Low,SFH,PVyes]",0.300567,0.300567,0.300567,0.300567,0.300567,0.300567,0.300567,0.300567,0.300567,0.300567,0.300567,0.300567,0.300567,0.300567,0.300567
"Initial Heating Solution[Mendrisio,Gas,Moderate,DFH,PVno]",9.06111,9.06111,9.06111,9.06111,9.06111,9.06111,9.06111,9.06111,9.06111,9.06111,9.06111,9.06111,9.06111,9.06111,9.06111
"Initial Heating Solution[Mendrisio,Gas,Moderate,DFH,PVyes]",0,0,0,0,0,0,0,0,0,0,0,0,0,0,0
"Initial Heating Solution[Mendrisio,Gas,Moderate,MFH,PVno]",13.3352,13.3352,13.3352,13.3352,13.3352,13.3352,13.3352,13.3352,13.3352,13.3352,13.3352,13.3352,13.3352,13.3352,13.3352
"Initial Heating Solution[Mendrisio,Gas,Moderate,MFH,PVyes]",5.97802E-06,5.97802E-06,5.97802E-06,5.97802E-06,5.97802E-06,5.97802E-06,5.97802E-06,5.97802E-06,5.97802E-06,5.97802E-06,5.97802E-06,5.97802E-06,5.97802E-06,5.97802E-06,5.97802E-06
"Initial Heating Solution[Mendrisio,Gas,Moderate,SFH,PVno]",130.363,130.363,130.363,130.363,130.363,130.363,130.363,130.363,130.363,130.363,130.363,130.363,130.363,130.363,130.363
"Initial Heating Solution[Mendrisio,Gas,Moderate,SFH,PVyes]",0.013689,0.013689,0.013689,0.013689,0.013689,0.013689,0.013689,0.013689,0.013689,0.013689,0.013689,0.013689,0.013689,0.013689,0.013689
"Initial Heating Solution[Mendrisio,Gas,High,DFH,PVno]",4.27958,4.27958,4.27958,4.27958,4.27958,4.27958,4.27958,4.27958,4.27958,4.27958,4.27958,4.27958,4.27958,4.27958,4.27958
"Initial Heating Solution[Mendrisio,Gas,High,DFH,PVyes]",0,0,0,0,0,0,0,0,0,0,0,0,0,0,0
"Initial Heating Solution[Mendrisio,Gas,High,MFH,PVno]",6.15166,6.15166,6.15166,6.15166,6.15166,6.15166,6.15166,6.15166,6.15166,6.15166,6.15166,6.15166,6.15166,6.15166,6.15166
"Initial Heating Solution[Mendrisio,Gas,High,MFH,PVyes]",1.34909E-07,1.34909E-07,1.34909E-07,1.34909E-07,1.34909E-07,1.34909E-07,1.34909E-07,1.34909E-07,1.34909E-07,1.34909E-07,1.34909E-07,1.34909E-07,1.34909E-07,1.34909E-07,1.34909E-07
"Initial Heating Solution[Mendrisio,Gas,High,SFH,PVno]",105.669,105.669,105.669,105.669,105.669,105.669,105.669,105.669,105.669,105.669,105.669,105.669,105.669,105.669,105.669
"Initial Heating Solution[Mendrisio,Gas,High,SFH,PVyes]",0.00161519,0.00161519,0.00161519,0.00161519,0.00161519,0.00161519,0.00161519,0.00161519,0.00161519,0.00161519,0.00161519,0.00161519,0.00161519,0.00161519,0.00161519
"Initial Heating Solution[Mendrisio,Gas,VeryHigh,DFH,PVno]",0.408995,0.408995,0.408995,0.408995,0.408995,0.408995,0.408995,0.408995,0.408995,0.408995,0.408995,0.408995,0.408995,0.408995,0.408995
"Initial Heating Solution[Mendrisio,Gas,VeryHigh,DFH,PVyes]",0,0,0,0,0,0,0,0,0,0,0,0,0,0,0
"Initial Heating Solution[Mendrisio,Gas,VeryHigh,MFH,PVno]",0.50848,0.50848,0.50848,0.50848,0.50848,0.50848,0.50848,0.50848,0.50848,0.50848,0.50848,0.50848,0.50848,0.50848,0.50848
"Initial Heating Solution[Mendrisio,Gas,VeryHigh,MFH,PVyes]",0,0,0,0,0,0,0,0,0,0,0,0,0,0,0
"Initial Heating Solution[Mendrisio,Gas,VeryHigh,SFH,PVno]",20.8281,20.8281,20.8281,20.8281,20.8281,20.8281,20.8281,20.8281,20.8281,20.8281,20.8281,20.8281,20.8281,20.8281,20.8281
"Initial Heating Solution[Mendrisio,Gas,VeryHigh,SFH,PVyes]",0,0,0,0,0,0,0,0,0,0,0,0,0,0,0
"Initial Heating Solution[Mendrisio,HPST,VeryLow,DFH,PVno]",1.85793,1.85793,1.85793,1.85793,1.85793,1.85793,1.85793,1.85793,1.85793,1.85793,1.85793,1.85793,1.85793,1.85793,1.85793
"Initial Heating Solution[Mendrisio,HPST,VeryLow,DFH,PVyes]",0,0,0,0,0,0,0,0,0,0,0,0,0,0,0
"Initial Heating Solution[Mendrisio,HPST,VeryLow,MFH,PVno]",1.86085,1.86085,1.86085,1.86085,1.86085,1.86085,1.86085,1.86085,1.86085,1.86085,1.86085,1.86085,1.86085,1.86085,1.86085
"Initial Heating Solution[Mendrisio,HPST,VeryLow,MFH,PVyes]",0,0,0,0,0,0,0,0,0,0,0,0,0,0,0
"Initial Heating Solution[Mendrisio,HPST,VeryLow,SFH,PVno]",9.03158,9.03158,9.03158,9.03158,9.03158,9.03158,9.03158,9.03158,9.03158,9.03158,9.03158,9.03158,9.03158,9.03158,9.03158
"Initial Heating Solution[Mendrisio,HPST,VeryLow,SFH,PVyes]",0,0,0,0,0,0,0,0,0,0,0,0,0,0,0
"Initial Heating Solution[Mendrisio,HPST,Low,DFH,PVno]",1.05871,1.05871,1.05871,1.05871,1.05871,1.05871,1.05871,1.05871,1.05871,1.05871,1.05871,1.05871,1.05871,1.05871,1.05871
"Initial Heating Solution[Mendrisio,HPST,Low,DFH,PVyes]",0,0,0,0,0,0,0,0,0,0,0,0,0,0,0
"Initial Heating Solution[Mendrisio,HPST,Low,MFH,PVno]",2.10118,2.10118,2.10118,2.10118,2.10118,2.10118,2.10118,2.10118,2.10118,2.10118,2.10118,2.10118,2.10118,2.10118,2.10118
"Initial Heating Solution[Mendrisio,HPST,Low,MFH,PVyes]",0,0,0,0,0,0,0,0,0,0,0,0,0,0,0
"Initial Heating Solution[Mendrisio,HPST,Low,SFH,PVno]",15.0758,15.0758,15.0758,15.0758,15.0758,15.0758,15.0758,15.0758,15.0758,15.0758,15.0758,15.0758,15.0758,15.0758,15.0758
"Initial Heating Solution[Mendrisio,HPST,Low,SFH,PVyes]",0,0,0,0,0,0,0,0,0,0,0,0,0,0,0
"Initial Heating Solution[Mendrisio,HPST,Moderate,DFH,PVno]",0.500113,0.500113,0.500113,0.500113,0.500113,0.500113,0.500113,0.500113,0.500113,0.500113,0.500113,0.500113,0.500113,0.500113,0.500113
"Initial Heating Solution[Mendrisio,HPST,Moderate,DFH,PVyes]",0,0,0,0,0,0,0,0,0,0,0,0,0,0,0
"Initial Heating Solution[Mendrisio,HPST,Moderate,MFH,PVno]",1.00018,1.00018,1.00018,1.00018,1.00018,1.00018,1.00018,1.00018,1.00018,1.00018,1.00018,1.00018,1.00018,1.00018,1.00018
"Initial Heating Solution[Mendrisio,HPST,Moderate,MFH,PVyes]",0,0,0,0,0,0,0,0,0,0,0,0,0,0,0
"Initial Heating Solution[Mendrisio,HPST,Moderate,SFH,PVno]",8.40228,8.40228,8.40228,8.40228,8.40228,8.40228,8.40228,8.40228,8.40228,8.40228,8.40228,8.40228,8.40228,8.40228,8.40228
"Initial Heating Solution[Mendrisio,HPST,Moderate,SFH,PVyes]",0,0,0,0,0,0,0,0,0,0,0,0,0,0,0
"Initial Heating Solution[Mendrisio,HPST,High,DFH,PVno]",0.285946,0.285946,0.285946,0.285946,0.285946,0.285946,0.285946,0.285946,0.285946,0.285946,0.285946,0.285946,0.285946,0.285946,0.285946
"Initial Heating Solution[Mendrisio,HPST,High,DFH,PVyes]",0,0,0,0,0,0,0,0,0,0,0,0,0,0,0
"Initial Heating Solution[Mendrisio,HPST,High,MFH,PVno]",0.571892,0.571892,0.571892,0.571892,0.571892,0.571892,0.571892,0.571892,0.571892,0.571892,0.571892,0.571892,0.571892,0.571892,0.571892
"Initial Heating Solution[Mendrisio,HPST,High,MFH,PVyes]",0,0,0,0,0,0,0,0,0,0,0,0,0,0,0
"Initial Heating Solution[Mendrisio,HPST,High,SFH,PVno]",8.10678,8.10678,8.10678,8.10678,8.10678,8.10678,8.10678,8.10678,8.10678,8.10678,8.10678,8.10678,8.10678,8.10678,8.10678
"Initial Heating Solution[Mendrisio,HPST,High,SFH,PVyes]",0,0,0,0,0,0,0,0,0,0,0,0,0,0,0
"Initial Heating Solution[Mendrisio,HPST,VeryHigh,DFH,PVno]",0.0398647,0.0398647,0.0398647,0.0398647,0.0398647,0.0398647,0.0398647,0.0398647,0.0398647,0.0398647,0.0398647,0.0398647,0.0398647,0.0398647,0.0398647
"Initial Heating Solution[Mendrisio,HPST,VeryHigh,DFH,PVyes]",0,0,0,0,0,0,0,0,0,0,0,0,0,0,0
"Initial Heating Solution[Mendrisio,HPST,VeryHigh,MFH,PVno]",0.0797293,0.0797293,0.0797293,0.0797293,0.0797293,0.0797293,0.0797293,0.0797293,0.0797293,0.0797293,0.0797293,0.0797293,0.0797293,0.0797293,0.0797293
"Initial Heating Solution[Mendrisio,HPST,VeryHigh,MFH,PVyes]",0,0,0,0,0,0,0,0,0,0,0,0,0,0,0
"Initial Heating Solution[Mendrisio,HPST,VeryHigh,SFH,PVno]",2.42303,2.42303,2.42303,2.42303,2.42303,2.42303,2.42303,2.42303,2.42303,2.42303,2.42303,2.42303,2.42303,2.42303,2.42303
"Initial Heating Solution[Mendrisio,HPST,VeryHigh,SFH,PVyes]",0,0,0,0,0,0,0,0,0,0,0,0,0,0,0
"Initial Heating Solution[Mendrisio,HeatPump,VeryLow,DFH,PVno]",39.3165,39.3165,39.3165,39.3165,39.3165,39.3165,39.3165,39.3165,39.3165,39.3165,39.3165,39.3165,39.3165,39.3165,39.3165
"Initial Heating Solution[Mendrisio,HeatPump,VeryLow,DFH,PVyes]",0,0,0,0,0,0,0,0,0,0,0,0,0,0,0
"Initial Heating Solution[Mendrisio,HeatPump,VeryLow,MFH,PVno]",27.69,27.69,27.69,27.69,27.69,27.69,27.69,27.69,27.69,27.69,27.69,27.69,27.69,27.69,27.69
"Initial Heating Solution[Mendrisio,HeatPump,VeryLow,MFH,PVyes]",0,0,0,0,0,0,0,0,0,0,0,0,0,0,0
"Initial Heating Solution[Mendrisio,HeatPump,VeryLow,SFH,PVno]",44.6754,44.6754,44.6754,44.6754,44.6754,44.6754,44.6754,44.6754,44.6754,44.6754,44.6754,44.6754,44.6754,44.6754,44.6754
"Initial Heating Solution[Mendrisio,HeatPump,VeryLow,SFH,PVyes]",0,0,0,0,0,0,0,0,0,0,0,0,0,0,0
"Initial Heating Solution[Mendrisio,HeatPump,Low,DFH,PVno]",22.7096,22.7096,22.7096,22.7096,22.7096,22.7096,22.7096,22.7096,22.7096,22.7096,22.7096,22.7096,22.7096,22.7096,22.7096
"Initial Heating Solution[Mendrisio,HeatPump,Low,DFH,PVyes]",0,0,0,0,0,0,0,0,0,0,0,0,0,0,0
"Initial Heating Solution[Mendrisio,HeatPump,Low,MFH,PVno]",9.34187,9.34187,9.34187,9.34187,9.34187,9.34187,9.34187,9.34187,9.34187,9.34187,9.34187,9.34187,9.34187,9.34187,9.34187
"Initial Heating Solution[Mendrisio,HeatPump,Low,MFH,PVyes]",0,0,0,0,0,0,0,0,0,0,0,0,0,0,0
"Initial Heating Solution[Mendrisio,HeatPump,Low,SFH,PVno]",118.036,118.036,118.036,118.036,118.036,118.036,118.036,118.036,118.036,118.036,118.036,118.036,118.036,118.036,118.036
"Initial Heating Solution[Mendrisio,HeatPump,Low,SFH,PVyes]",0,0,0,0,0,0,0,0,0,0,0,0,0,0,0
"Initial Heating Solution[Mendrisio,HeatPump,Moderate,DFH,PVno]",8.00424,8.00424,8.00424,8.00424,8.00424,8.00424,8.00424,8.00424,8.00424,8.00424,8.00424,8.00424,8.00424,8.00424,8.00424
"Initial Heating Solution[Mendrisio,HeatPump,Moderate,DFH,PVyes]",0,0,0,0,0,0,0,0,0,0,0,0,0,0,0
"Initial Heating Solution[Mendrisio,HeatPump,Moderate,MFH,PVno]",3.69105,3.69105,3.69105,3.69105,3.69105,3.69105,3.69105,3.69105,3.69105,3.69105,3.69105,3.69105,3.69105,3.69105,3.69105
"Initial Heating Solution[Mendrisio,HeatPump,Moderate,MFH,PVyes]",0,0,0,0,0,0,0,0,0,0,0,0,0,0,0
"Initial Heating Solution[Mendrisio,HeatPump,Moderate,SFH,PVno]",93.5758,93.5758,93.5758,93.5758,93.5758,93.5758,93.5758,93.5758,93.5758,93.5758,93.5758,93.5758,93.5758,93.5758,93.5758
"Initial Heating Solution[Mendrisio,HeatPump,Moderate,SFH,PVyes]",0,0,0,0,0,0,0,0,0,0,0,0,0,0,0
"Initial Heating Solution[Mendrisio,HeatPump,High,DFH,PVno]",4.26283,4.26283,4.26283,4.26283,4.26283,4.26283,4.26283,4.26283,4.26283,4.26283,4.26283,4.26283,4.26283,4.26283,4.26283
"Initial Heating Solution[Mendrisio,HeatPump,High,DFH,PVyes]",0,0,0,0,0,0,0,0,0,0,0,0,0,0,0
"Initial Heating Solution[Mendrisio,HeatPump,High,MFH,PVno]",2.03751,2.03751,2.03751,2.03751,2.03751,2.03751,2.03751,2.03751,2.03751,2.03751,2.03751,2.03751,2.03751,2.03751,2.03751
"Initial Heating Solution[Mendrisio,HeatPump,High,MFH,PVyes]",0,0,0,0,0,0,0,0,0,0,0,0,0,0,0
"Initial Heating Solution[Mendrisio,HeatPump,High,SFH,PVno]",97.6427,97.6427,97.6427,97.6427,97.6427,97.6427,97.6427,97.6427,97.6427,97.6427,97.6427,97.6427,97.6427,97.6427,97.6427
"Initial Heating Solution[Mendrisio,HeatPump,High,SFH,PVyes]",0,0,0,0,0,0,0,0,0,0,0,0,0,0,0
"Initial Heating Solution[Mendrisio,HeatPump,VeryHigh,DFH,PVno]",0.558105,0.558105,0.558105,0.558105,0.558105,0.558105,0.558105,0.558105,0.558105,0.558105,0.558105,0.558105,0.558105,0.558105,0.558105
"Initial Heating Solution[Mendrisio,HeatPump,VeryHigh,DFH,PVyes]",0,0,0,0,0,0,0,0,0,0,0,0,0,0,0
"Initial Heating Solution[Mendrisio,HeatPump,VeryHigh,MFH,PVno]",0.279053,0.279053,0.279053,0.279053,0.279053,0.279053,0.279053,0.279053,0.279053,0.279053,0.279053,0.279053,0.279053,0.279053,0.279053
"Initial Heating Solution[Mendrisio,HeatPump,VeryHigh,MFH,PVyes]",0,0,0,0,0,0,0,0,0,0,0,0,0,0,0
"Initial Heating Solution[Mendrisio,HeatPump,VeryHigh,SFH,PVno]",29.6822,29.6822,29.6822,29.6822,29.6822,29.6822,29.6822,29.6822,29.6822,29.6822,29.6822,29.6822,29.6822,29.6822,29.6822
"Initial Heating Solution[Mendrisio,HeatPump,VeryHigh,SFH,PVyes]",0,0,0,0,0,0,0,0,0,0,0,0,0,0,0
"Initial Heating Solution[Mendrisio,Oil,VeryLow,DFH,PVno]",1266.2,1266.2,1266.2,1266.2,1266.2,1266.2,1266.2,1266.2,1266.2,1266.2,1266.2,1266.2,1266.2,1266.2,1266.2
"Initial Heating Solution[Mendrisio,Oil,VeryLow,DFH,PVyes]",0,0,0,0,0,0,0,0,0,0,0,0,0,0,0
"Initial Heating Solution[Mendrisio,Oil,VeryLow,MFH,PVno]",1240.46,1240.46,1240.46,1240.46,1240.46,1240.46,1240.46,1240.46,1240.46,1240.46,1240.46,1240.46,1240.46,1240.46,1240.46
"Initial Heating Solution[Mendrisio,Oil,VeryLow,MFH,PVyes]",0.478439,0.478439,0.478439,0.478439,0.478439,0.478439,0.478439,0.478439,0.478439,0.478439,0.478439,0.478439,0.478439,0.478439,0.478439
"Initial Heating Solution[Mendrisio,Oil,VeryLow,SFH,PVno]",1540.94,1540.94,1540.94,1540.94,1540.94,1540.94,1540.94,1540.94,1540.94,1540.94,1540.94,1540.94,1540.94,1540.94,1540.94
"Initial Heating Solution[Mendrisio,Oil,VeryLow,SFH,PVyes]",0.669355,0.669355,0.669355,0.669355,0.669355,0.669355,0.669355,0.669355,0.669355,0.669355,0.669355,0.669355,0.669355,0.669355,0.669355
"Initial Heating Solution[Mendrisio,Oil,Low,DFH,PVno]",143.751,143.751,143.751,143.751,143.751,143.751,143.751,143.751,143.751,143.751,143.751,143.751,143.751,143.751,143.751
"Initial Heating Solution[Mendrisio,Oil,Low,DFH,PVyes]",0,0,0,0,0,0,0,0,0,0,0,0,0,0,0
"Initial Heating Solution[Mendrisio,Oil,Low,MFH,PVno]",119.015,119.015,119.015,119.015,119.015,119.015,119.015,119.015,119.015,119.015,119.015,119.015,119.015,119.015,119.015
"Initial Heating Solution[Mendrisio,Oil,Low,MFH,PVyes]",0.00267517,0.00267517,0.00267517,0.00267517,0.00267517,0.00267517,0.00267517,0.00267517,0.00267517,0.00267517,0.00267517,0.00267517,0.00267517,0.00267517,0.00267517
"Initial Heating Solution[Mendrisio,Oil,Low,SFH,PVno]",1765.77,1765.77,1765.77,1765.77,1765.77,1765.77,1765.77,1765.77,1765.77,1765.77,1765.77,1765.77,1765.77,1765.77,1765.77
"Initial Heating Solution[Mendrisio,Oil,Low,SFH,PVyes]",0.539049,0.539049,0.539049,0.539049,0.539049,0.539049,0.539049,0.539049,0.539049,0.539049,0.539049,0.539049,0.539049,0.539049,0.539049
"Initial Heating Solution[Mendrisio,Oil,Moderate,DFH,PVno]",27.4512,27.4512,27.4512,27.4512,27.4512,27.4512,27.4512,27.4512,27.4512,27.4512,27.4512,27.4512,27.4512,27.4512,27.4512
"Initial Heating Solution[Mendrisio,Oil,Moderate,DFH,PVyes]",0,0,0,0,0,0,0,0,0,0,0,0,0,0,0
"Initial Heating Solution[Mendrisio,Oil,Moderate,MFH,PVno]",23.968,23.968,23.968,23.968,23.968,23.968,23.968,23.968,23.968,23.968,23.968,23.968,23.968,23.968,23.968
"Initial Heating Solution[Mendrisio,Oil,Moderate,MFH,PVyes]",5.54298E-06,5.54298E-06,5.54298E-06,5.54298E-06,5.54298E-06,5.54298E-06,5.54298E-06,5.54298E-06,5.54298E-06,5.54298E-06,5.54298E-06,5.54298E-06,5.54298E-06,5.54298E-06,5.54298E-06
"Initial Heating Solution[Mendrisio,Oil,Moderate,SFH,PVno]",516.766,516.766,516.766,516.766,516.766,516.766,516.766,516.766,516.766,516.766,516.766,516.766,516.766,516.766,516.766
"Initial Heating Solution[Mendrisio,Oil,Moderate,SFH,PVyes]",0.311265,0.311265,0.311265,0.311265,0.311265,0.311265,0.311265,0.311265,0.311265,0.311265,0.311265,0.311265,0.311265,0.311265,0.311265
"Initial Heating Solution[Mendrisio,Oil,High,DFH,PVno]",11.0051,11.0051,11.0051,11.0051,11.0051,11.0051,11.0051,11.0051,11.0051,11.0051,11.0051,11.0051,11.0051,11.0051,11.0051
"Initial Heating Solution[Mendrisio,Oil,High,DFH,PVyes]",0,0,0,0,0,0,0,0,0,0,0,0,0,0,0
"Initial Heating Solution[Mendrisio,Oil,High,MFH,PVno]",10.0449,10.0449,10.0449,10.0449,10.0449,10.0449,10.0449,10.0449,10.0449,10.0449,10.0449,10.0449,10.0449,10.0449,10.0449
"Initial Heating Solution[Mendrisio,Oil,High,MFH,PVyes]",1.25091E-07,1.25091E-07,1.25091E-07,1.25091E-07,1.25091E-07,1.25091E-07,1.25091E-07,1.25091E-07,1.25091E-07,1.25091E-07,1.25091E-07,1.25091E-07,1.25091E-07,1.25091E-07,1.25091E-07
"Initial Heating Solution[Mendrisio,Oil,High,SFH,PVno]",339.292,339.292,339.292,339.292,339.292,339.292,339.292,339.292,339.292,339.292,339.292,339.292,339.292,339.292,339.292
"Initial Heating Solution[Mendrisio,Oil,High,SFH,PVyes]",0.334666,0.334666,0.334666,0.334666,0.334666,0.334666,0.334666,0.334666,0.334666,0.334666,0.334666,0.334666,0.334666,0.334666,0.334666
"Initial Heating Solution[Mendrisio,Oil,VeryHigh,DFH,PVno]",0.664899,0.664899,0.664899,0.664899,0.664899,0.664899,0.664899,0.664899,0.664899,0.664899,0.664899,0.664899,0.664899,0.664899,0.664899
"Initial Heating Solution[Mendrisio,Oil,VeryHigh,DFH,PVyes]",0,0,0,0,0,0,0,0,0,0,0,0,0,0,0
"Initial Heating Solution[Mendrisio,Oil,VeryHigh,MFH,PVno]",0.639572,0.639572,0.639572,0.639572,0.639572,0.639572,0.639572,0.639572,0.639572,0.639572,0.639572,0.639572,0.639572,0.639572,0.639572
"Initial Heating Solution[Mendrisio,Oil,VeryHigh,MFH,PVyes]",0,0,0,0,0,0,0,0,0,0,0,0,0,0,0
"Initial Heating Solution[Mendrisio,Oil,VeryHigh,SFH,PVno]",43.03,43.03,43.03,43.03,43.03,43.03,43.03,43.03,43.03,43.03,43.03,43.03,43.03,43.03,43.03
"Initial Heating Solution[Mendrisio,Oil,VeryHigh,SFH,PVyes]",0.107904,0.107904,0.107904,0.107904,0.107904,0.107904,0.107904,0.107904,0.107904,0.107904,0.107904,0.107904,0.107904,0.107904,0.107904
"Initial Heating Solution[Mendrisio,OilST,VeryLow,DFH,PVno]",0.796706,0.796706,0.796706,0.796706,0.796706,0.796706,0.796706,0.796706,0.796706,0.796706,0.796706,0.796706,0.796706,0.796706,0.796706
"Initial Heating Solution[Mendrisio,OilST,VeryLow,DFH,PVyes]",0,0,0,0,0,0,0,0,0,0,0,0,0,0,0
"Initial Heating Solution[Mendrisio,OilST,VeryLow,MFH,PVno]",0,0,0,0,0,0,0,0,0,0,0,0,0,0,0
"Initial Heating Solution[Mendrisio,OilST,VeryLow,MFH,PVyes]",0,0,0,0,0,0,0,0,0,0,0,0,0,0,0
"Initial Heating Solution[Mendrisio,OilST,VeryLow,SFH,PVno]",5.91817,5.91817,5.91817,5.91817,5.91817,5.91817,5.91817,5.91817,5.91817,5.91817,5.91817,5.91817,5.91817,5.91817,5.91817
"Initial Heating Solution[Mendrisio,OilST,VeryLow,SFH,PVyes]",0,0,0,0,0,0,0,0,0,0,0,0,0,0,0
"Initial Heating Solution[Mendrisio,OilST,Low,DFH,PVno]",3.06182,3.06182,3.06182,3.06182,3.06182,3.06182,3.06182,3.06182,3.06182,3.06182,3.06182,3.06182,3.06182,3.06182,3.06182
"Initial Heating Solution[Mendrisio,OilST,Low,DFH,PVyes]",0,0,0,0,0,0,0,0,0,0,0,0,0,0,0
"Initial Heating Solution[Mendrisio,OilST,Low,MFH,PVno]",0,0,0,0,0,0,0,0,0,0,0,0,0,0,0
"Initial Heating Solution[Mendrisio,OilST,Low,MFH,PVyes]",0,0,0,0,0,0,0,0,0,0,0,0,0,0,0
"Initial Heating Solution[Mendrisio,OilST,Low,SFH,PVno]",3.92878,3.92878,3.92878,3.92878,3.92878,3.92878,3.92878,3.92878,3.92878,3.92878,3.92878,3.92878,3.92878,3.92878,3.92878
"Initial Heating Solution[Mendrisio,OilST,Low,SFH,PVyes]",0,0,0,0,0,0,0,0,0,0,0,0,0,0,0
"Initial Heating Solution[Mendrisio,OilST,Moderate,DFH,PVno]",0.919076,0.919076,0.919076,0.919076,0.919076,0.919076,0.919076,0.919076,0.919076,0.919076,0.919076,0.919076,0.919076,0.919076,0.919076
"Initial Heating Solution[Mendrisio,OilST,Moderate,DFH,PVyes]",0,0,0,0,0,0,0,0,0,0,0,0,0,0,0
"Initial Heating Solution[Mendrisio,OilST,Moderate,MFH,PVno]",0,0,0,0,0,0,0,0,0,0,0,0,0,0,0
"Initial Heating Solution[Mendrisio,OilST,Moderate,MFH,PVyes]",0,0,0,0,0,0,0,0,0,0,0,0,0,0,0
"Initial Heating Solution[Mendrisio,OilST,Moderate,SFH,PVno]",0.370769,0.370769,0.370769,0.370769,0.370769,0.370769,0.370769,0.370769,0.370769,0.370769,0.370769,0.370769,0.370769,0.370769,0.370769
"Initial Heating Solution[Mendrisio,OilST,Moderate,SFH,PVyes]",0,0,0,0,0,0,0,0,0,0,0,0,0,0,0
"Initial Heating Solution[Mendrisio,OilST,High,DFH,PVno]",0.368007,0.368007,0.368007,0.368007,0.368007,0.368007,0.368007,0.368007,0.368007,0.368007,0.368007,0.368007,0.368007,0.368007,0.368007
"Initial Heating Solution[Mendrisio,OilST,High,DFH,PVyes]",0,0,0,0,0,0,0,0,0,0,0,0,0,0,0
"Initial Heating Solution[Mendrisio,OilST,High,MFH,PVno]",0,0,0,0,0,0,0,0,0,0,0,0,0,0,0
"Initial Heating Solution[Mendrisio,OilST,High,MFH,PVyes]",0,0,0,0,0,0,0,0,0,0,0,0,0,0,0
"Initial Heating Solution[Mendrisio,OilST,High,SFH,PVno]",0.0734934,0.0734934,0.0734934,0.0734934,0.0734934,0.0734934,0.0734934,0.0734934,0.0734934,0.0734934,0.0734934,0.0734934,0.0734934,0.0734934,0.0734934
"Initial Heating Solution[Mendrisio,OilST,High,SFH,PVyes]",0,0,0,0,0,0,0,0,0,0,0,0,0,0,0
"Initial Heating Solution[Mendrisio,OilST,VeryHigh,DFH,PVno]",0,0,0,0,0,0,0,0,0,0,0,0,0,0,0
"Initial Heating Solution[Mendrisio,OilST,VeryHigh,DFH,PVyes]",0,0,0,0,0,0,0,0,0,0,0,0,0,0,0
"Initial Heating Solution[Mendrisio,OilST,VeryHigh,MFH,PVno]",0,0,0,0,0,0,0,0,0,0,0,0,0,0,0
"Initial Heating Solution[Mendrisio,OilST,VeryHigh,MFH,PVyes]",0,0,0,0,0,0,0,0,0,0,0,0,0,0,0
"Initial Heating Solution[Mendrisio,OilST,VeryHigh,SFH,PVno]",0,0,0,0,0,0,0,0,0,0,0,0,0,0,0
"Initial Heating Solution[Mendrisio,OilST,VeryHigh,SFH,PVyes]",0,0,0,0,0,0,0,0,0,0,0,0,0,0,0
"Initial Heating Solution[Mendrisio,Wood,VeryLow,DFH,PVno]",57.5506,57.5506,57.5506,57.5506,57.5506,57.5506,57.5506,57.5506,57.5506,57.5506,57.5506,57.5506,57.5506,57.5506,57.5506
"Initial Heating Solution[Mendrisio,Wood,VeryLow,DFH,PVyes]",0,0,0,0,0,0,0,0,0,0,0,0,0,0,0
"Initial Heating Solution[Mendrisio,Wood,VeryLow,MFH,PVno]",30.2661,30.2661,30.2661,30.2661,30.2661,30.2661,30.2661,30.2661,30.2661,30.2661,30.2661,30.2661,30.2661,30.2661,30.2661
"Initial Heating Solution[Mendrisio,Wood,VeryLow,MFH,PVyes]",0,0,0,0,0,0,0,0,0,0,0,0,0,0,0
"Initial Heating Solution[Mendrisio,Wood,VeryLow,SFH,PVno]",154.041,154.041,154.041,154.041,154.041,154.041,154.041,154.041,154.041,154.041,154.041,154.041,154.041,154.041,154.041
"Initial Heating Solution[Mendrisio,Wood,VeryLow,SFH,PVyes]",0,0,0,0,0,0,0,0,0,0,0,0,0,0,0
"Initial Heating Solution[Mendrisio,Wood,Low,DFH,PVno]",5.24558,5.24558,5.24558,5.24558,5.24558,5.24558,5.24558,5.24558,5.24558,5.24558,5.24558,5.24558,5.24558,5.24558,5.24558
"Initial Heating Solution[Mendrisio,Wood,Low,DFH,PVyes]",0,0,0,0,0,0,0,0,0,0,0,0,0,0,0
"Initial Heating Solution[Mendrisio,Wood,Low,MFH,PVno]",2.68287,2.68287,2.68287,2.68287,2.68287,2.68287,2.68287,2.68287,2.68287,2.68287,2.68287,2.68287,2.68287,2.68287,2.68287
"Initial Heating Solution[Mendrisio,Wood,Low,MFH,PVyes]",0,0,0,0,0,0,0,0,0,0,0,0,0,0,0
"Initial Heating Solution[Mendrisio,Wood,Low,SFH,PVno]",84.7947,84.7947,84.7947,84.7947,84.7947,84.7947,84.7947,84.7947,84.7947,84.7947,84.7947,84.7947,84.7947,84.7947,84.7947
"Initial Heating Solution[Mendrisio,Wood,Low,SFH,PVyes]",0,0,0,0,0,0,0,0,0,0,0,0,0,0,0
"Initial Heating Solution[Mendrisio,Wood,Moderate,DFH,PVno]",1.16502,1.16502,1.16502,1.16502,1.16502,1.16502,1.16502,1.16502,1.16502,1.16502,1.16502,1.16502,1.16502,1.16502,1.16502
"Initial Heating Solution[Mendrisio,Wood,Moderate,DFH,PVyes]",0,0,0,0,0,0,0,0,0,0,0,0,0,0,0
"Initial Heating Solution[Mendrisio,Wood,Moderate,MFH,PVno]",0.451868,0.451868,0.451868,0.451868,0.451868,0.451868,0.451868,0.451868,0.451868,0.451868,0.451868,0.451868,0.451868,0.451868,0.451868
"Initial Heating Solution[Mendrisio,Wood,Moderate,MFH,PVyes]",0,0,0,0,0,0,0,0,0,0,0,0,0,0,0
"Initial Heating Solution[Mendrisio,Wood,Moderate,SFH,PVno]",11.7074,11.7074,11.7074,11.7074,11.7074,11.7074,11.7074,11.7074,11.7074,11.7074,11.7074,11.7074,11.7074,11.7074,11.7074
"Initial Heating Solution[Mendrisio,Wood,Moderate,SFH,PVyes]",0,0,0,0,0,0,0,0,0,0,0,0,0,0,0
"Initial Heating Solution[Mendrisio,Wood,High,DFH,PVno]",0.476354,0.476354,0.476354,0.476354,0.476354,0.476354,0.476354,0.476354,0.476354,0.476354,0.476354,0.476354,0.476354,0.476354,0.476354
"Initial Heating Solution[Mendrisio,Wood,High,DFH,PVyes]",0,0,0,0,0,0,0,0,0,0,0,0,0,0,0
"Initial Heating Solution[Mendrisio,Wood,High,MFH,PVno]",0.151781,0.151781,0.151781,0.151781,0.151781,0.151781,0.151781,0.151781,0.151781,0.151781,0.151781,0.151781,0.151781,0.151781,0.151781
"Initial Heating Solution[Mendrisio,Wood,High,MFH,PVyes]",0,0,0,0,0,0,0,0,0,0,0,0,0,0,0
"Initial Heating Solution[Mendrisio,Wood,High,SFH,PVno]",6.33001,6.33001,6.33001,6.33001,6.33001,6.33001,6.33001,6.33001,6.33001,6.33001,6.33001,6.33001,6.33001,6.33001,6.33001
"Initial Heating Solution[Mendrisio,Wood,High,SFH,PVyes]",0,0,0,0,0,0,0,0,0,0,0,0,0,0,0
"Initial Heating Solution[Mendrisio,Wood,VeryHigh,DFH,PVno]",0.0188101,0.0188101,0.0188101,0.0188101,0.0188101,0.0188101,0.0188101,0.0188101,0.0188101,0.0188101,0.0188101,0.0188101,0.0188101,0.0188101,0.0188101
"Initial Heating Solution[Mendrisio,Wood,VeryHigh,DFH,PVyes]",0,0,0,0,0,0,0,0,0,0,0,0,0,0,0
"Initial Heating Solution[Mendrisio,Wood,VeryHigh,MFH,PVno]",0,0,0,0,0,0,0,0,0,0,0,0,0,0,0
"Initial Heating Solution[Mendrisio,Wood,VeryHigh,MFH,PVyes]",0,0,0,0,0,0,0,0,0,0,0,0,0,0,0
"Initial Heating Solution[Mendrisio,Wood,VeryHigh,SFH,PVno]",0.952757,0.952757,0.952757,0.952757,0.952757,0.952757,0.952757,0.952757,0.952757,0.952757,0.952757,0.952757,0.952757,0.952757,0.952757
"Initial Heating Solution[Mendrisio,Wood,VeryHigh,SFH,PVyes]",0,0,0,0,0,0,0,0,0,0,0,0,0,0,0
"Initial Heating Solution[Mendrisio,WoodST,VeryLow,DFH,PVno]",0,0,0,0,0,0,0,0,0,0,0,0,0,0,0
"Initial Heating Solution[Mendrisio,WoodST,VeryLow,DFH,PVyes]",0,0,0,0,0,0,0,0,0,0,0,0,0,0,0
"Initial Heating Solution[Mendrisio,WoodST,VeryLow,MFH,PVno]",0,0,0,0,0,0,0,0,0,0,0,0,0,0,0
"Initial Heating Solution[Mendrisio,WoodST,VeryLow,MFH,PVyes]",0,0,0,0,0,0,0,0,0,0,0,0,0,0,0
"Initial Heating Solution[Mendrisio,WoodST,VeryLow,SFH,PVno]",11.0518,11.0518,11.0518,11.0518,11.0518,11.0518,11.0518,11.0518,11.0518,11.0518,11.0518,11.0518,11.0518,11.0518,11.0518
"Initial Heating Solution[Mendrisio,WoodST,VeryLow,SFH,PVyes]",0,0,0,0,0,0,0,0,0,0,0,0,0,0,0
"Initial Heating Solution[Mendrisio,WoodST,Low,DFH,PVno]",0,0,0,0,0,0,0,0,0,0,0,0,0,0,0
"Initial Heating Solution[Mendrisio,WoodST,Low,DFH,PVyes]",0,0,0,0,0,0,0,0,0,0,0,0,0,0,0
"Initial Heating Solution[Mendrisio,WoodST,Low,MFH,PVno]",0,0,0,0,0,0,0,0,0,0,0,0,0,0,0
"Initial Heating Solution[Mendrisio,WoodST,Low,MFH,PVyes]",0,0,0,0,0,0,0,0,0,0,0,0,0,0,0
"Initial Heating Solution[Mendrisio,WoodST,Low,SFH,PVno]",5.52906,5.52906,5.52906,5.52906,5.52906,5.52906,5.52906,5.52906,5.52906,5.52906,5.52906,5.52906,5.52906,5.52906,5.52906
"Initial Heating Solution[Mendrisio,WoodST,Low,SFH,PVyes]",0,0,0,0,0,0,0,0,0,0,0,0,0,0,0
"Initial Heating Solution[Mendrisio,WoodST,Moderate,DFH,PVno]",0,0,0,0,0,0,0,0,0,0,0,0,0,0,0
"Initial Heating Solution[Mendrisio,WoodST,Moderate,DFH,PVyes]",0,0,0,0,0,0,0,0,0,0,0,0,0,0,0
"Initial Heating Solution[Mendrisio,WoodST,Moderate,MFH,PVno]",0,0,0,0,0,0,0,0,0,0,0,0,0,0,0
"Initial Heating Solution[Mendrisio,WoodST,Moderate,MFH,PVyes]",0,0,0,0,0,0,0,0,0,0,0,0,0,0,0
"Initial Heating Solution[Mendrisio,WoodST,Moderate,SFH,PVno]",1.71215,1.71215,1.71215,1.71215,1.71215,1.71215,1.71215,1.71215,1.71215,1.71215,1.71215,1.71215,1.71215,1.71215,1.71215
"Initial Heating Solution[Mendrisio,WoodST,Moderate,SFH,PVyes]",0,0,0,0,0,0,0,0,0,0,0,0,0,0,0
"Initial Heating Solution[Mendrisio,WoodST,High,DFH,PVno]",0,0,0,0,0,0,0,0,0,0,0,0,0,0,0
"Initial Heating Solution[Mendrisio,WoodST,High,DFH,PVyes]",0,0,0,0,0,0,0,0,0,0,0,0,0,0,0
"Initial Heating Solution[Mendrisio,WoodST,High,MFH,PVno]",0,0,0,0,0,0,0,0,0,0,0,0,0,0,0
"Initial Heating Solution[Mendrisio,WoodST,High,MFH,PVyes]",0,0,0,0,0,0,0,0,0,0,0,0,0,0,0
"Initial Heating Solution[Mendrisio,WoodST,High,SFH,PVno]",1.73422,1.73422,1.73422,1.73422,1.73422,1.73422,1.73422,1.73422,1.73422,1.73422,1.73422,1.73422,1.73422,1.73422,1.73422
"Initial Heating Solution[Mendrisio,WoodST,High,SFH,PVyes]",0,0,0,0,0,0,0,0,0,0,0,0,0,0,0
"Initial Heating Solution[Mendrisio,WoodST,VeryHigh,DFH,PVno]",0,0,0,0,0,0,0,0,0,0,0,0,0,0,0
"Initial Heating Solution[Mendrisio,WoodST,VeryHigh,DFH,PVyes]",0,0,0,0,0,0,0,0,0,0,0,0,0,0,0
"Initial Heating Solution[Mendrisio,WoodST,VeryHigh,MFH,PVno]",0,0,0,0,0,0,0,0,0,0,0,0,0,0,0
"Initial Heating Solution[Mendrisio,WoodST,VeryHigh,MFH,PVyes]",0,0,0,0,0,0,0,0,0,0,0,0,0,0,0
"Initial Heating Solution[Mendrisio,WoodST,VeryHigh,SFH,PVno]",0.555234,0.555234,0.555234,0.555234,0.555234,0.555234,0.555234,0.555234,0.555234,0.555234,0.555234,0.555234,0.555234,0.555234,0.555234
"Initial Heating Solution[Mendrisio,WoodST,VeryHigh,SFH,PVyes]",0,0,0,0,0,0,0,0,0,0,0,0,0,0,0
"Initial Heating Solution[Mendrisio,GasST,VeryLow,DFH,PVno]",0,0,0,0,0,0,0,0,0,0,0,0,0,0,0
"Initial Heating Solution[Mendrisio,GasST,VeryLow,DFH,PVyes]",0,0,0,0,0,0,0,0,0,0,0,0,0,0,0
"Initial Heating Solution[Mendrisio,GasST,VeryLow,MFH,PVno]",15.3381,15.3381,15.3381,15.3381,15.3381,15.3381,15.3381,15.3381,15.3381,15.3381,15.3381,15.3381,15.3381,15.3381,15.3381
"Initial Heating Solution[Mendrisio,GasST,VeryLow,MFH,PVyes]",0,0,0,0,0,0,0,0,0,0,0,0,0,0,0
"Initial Heating Solution[Mendrisio,GasST,VeryLow,SFH,PVno]",0,0,0,0,0,0,0,0,0,0,0,0,0,0,0
"Initial Heating Solution[Mendrisio,GasST,VeryLow,SFH,PVyes]",0,0,0,0,0,0,0,0,0,0,0,0,0,0,0
"Initial Heating Solution[Mendrisio,GasST,Low,DFH,PVno]",2.87459,2.87459,2.87459,2.87459,2.87459,2.87459,2.87459,2.87459,2.87459,2.87459,2.87459,2.87459,2.87459,2.87459,2.87459
"Initial Heating Solution[Mendrisio,GasST,Low,DFH,PVyes]",0,0,0,0,0,0,0,0,0,0,0,0,0,0,0
"Initial Heating Solution[Mendrisio,GasST,Low,MFH,PVno]",2.97314,2.97314,2.97314,2.97314,2.97314,2.97314,2.97314,2.97314,2.97314,2.97314,2.97314,2.97314,2.97314,2.97314,2.97314
"Initial Heating Solution[Mendrisio,GasST,Low,MFH,PVyes]",0,0,0,0,0,0,0,0,0,0,0,0,0,0,0
"Initial Heating Solution[Mendrisio,GasST,Low,SFH,PVno]",4.01906,4.01906,4.01906,4.01906,4.01906,4.01906,4.01906,4.01906,4.01906,4.01906,4.01906,4.01906,4.01906,4.01906,4.01906
"Initial Heating Solution[Mendrisio,GasST,Low,SFH,PVyes]",0,0,0,0,0,0,0,0,0,0,0,0,0,0,0
"Initial Heating Solution[Mendrisio,GasST,Moderate,DFH,PVno]",1.37512,1.37512,1.37512,1.37512,1.37512,1.37512,1.37512,1.37512,1.37512,1.37512,1.37512,1.37512,1.37512,1.37512,1.37512
"Initial Heating Solution[Mendrisio,GasST,Moderate,DFH,PVyes]",0,0,0,0,0,0,0,0,0,0,0,0,0,0,0
"Initial Heating Solution[Mendrisio,GasST,Moderate,MFH,PVno]",1.37534,1.37534,1.37534,1.37534,1.37534,1.37534,1.37534,1.37534,1.37534,1.37534,1.37534,1.37534,1.37534,1.37534,1.37534
"Initial Heating Solution[Mendrisio,GasST,Moderate,MFH,PVyes]",0,0,0,0,0,0,0,0,0,0,0,0,0,0,0
"Initial Heating Solution[Mendrisio,GasST,Moderate,SFH,PVno]",4.609,4.609,4.609,4.609,4.609,4.609,4.609,4.609,4.609,4.609,4.609,4.609,4.609,4.609,4.609
"Initial Heating Solution[Mendrisio,GasST,Moderate,SFH,PVyes]",0,0,0,0,0,0,0,0,0,0,0,0,0,0,0
"Initial Heating Solution[Mendrisio,GasST,High,DFH,PVno]",0.786288,0.786288,0.786288,0.786288,0.786288,0.786288,0.786288,0.786288,0.786288,0.786288,0.786288,0.786288,0.786288,0.786288,0.786288
"Initial Heating Solution[Mendrisio,GasST,High,DFH,PVyes]",0,0,0,0,0,0,0,0,0,0,0,0,0,0,0
"Initial Heating Solution[Mendrisio,GasST,High,MFH,PVno]",0.786293,0.786293,0.786293,0.786293,0.786293,0.786293,0.786293,0.786293,0.786293,0.786293,0.786293,0.786293,0.786293,0.786293,0.786293
"Initial Heating Solution[Mendrisio,GasST,High,MFH,PVyes]",0,0,0,0,0,0,0,0,0,0,0,0,0,0,0
"Initial Heating Solution[Mendrisio,GasST,High,SFH,PVno]",5.14306,5.14306,5.14306,5.14306,5.14306,5.14306,5.14306,5.14306,5.14306,5.14306,5.14306,5.14306,5.14306,5.14306,5.14306
"Initial Heating Solution[Mendrisio,GasST,High,SFH,PVyes]",0,0,0,0,0,0,0,0,0,0,0,0,0,0,0
"Initial Heating Solution[Mendrisio,GasST,VeryHigh,DFH,PVno]",0.109619,0.109619,0.109619,0.109619,0.109619,0.109619,0.109619,0.109619,0.109619,0.109619,0.109619,0.109619,0.109619,0.109619,0.109619
"Initial Heating Solution[Mendrisio,GasST,VeryHigh,DFH,PVyes]",0,0,0,0,0,0,0,0,0,0,0,0,0,0,0
"Initial Heating Solution[Mendrisio,GasST,VeryHigh,MFH,PVno]",0.109619,0.109619,0.109619,0.109619,0.109619,0.109619,0.109619,0.109619,0.109619,0.109619,0.109619,0.109619,0.109619,0.109619,0.109619
"Initial Heating Solution[Mendrisio,GasST,VeryHigh,MFH,PVyes]",0,0,0,0,0,0,0,0,0,0,0,0,0,0,0
"Initial Heating Solution[Mendrisio,GasST,VeryHigh,SFH,PVno]",1.6657,1.6657,1.6657,1.6657,1.6657,1.6657,1.6657,1.6657,1.6657,1.6657,1.6657,1.6657,1.6657,1.6657,1.6657
"Initial Heating Solution[Mendrisio,GasST,VeryHigh,SFH,PVyes]",0,0,0,0,0,0,0,0,0,0,0,0,0,0,0
"Initial Heating Solution[Mendrisio,Pellet,VeryLow,DFH,PVno]",16.1661,16.1661,16.1661,16.1661,16.1661,16.1661,16.1661,16.1661,16.1661,16.1661,16.1661,16.1661,16.1661,16.1661,16.1661
"Initial Heating Solution[Mendrisio,Pellet,VeryLow,DFH,PVyes]",0,0,0,0,0,0,0,0,0,0,0,0,0,0,0
"Initial Heating Solution[Mendrisio,Pellet,VeryLow,MFH,PVno]",8.5018,8.5018,8.5018,8.5018,8.5018,8.5018,8.5018,8.5018,8.5018,8.5018,8.5018,8.5018,8.5018,8.5018,8.5018
"Initial Heating Solution[Mendrisio,Pellet,VeryLow,MFH,PVyes]",0,0,0,0,0,0,0,0,0,0,0,0,0,0,0
"Initial Heating Solution[Mendrisio,Pellet,VeryLow,SFH,PVno]",43.2703,43.2703,43.2703,43.2703,43.2703,43.2703,43.2703,43.2703,43.2703,43.2703,43.2703,43.2703,43.2703,43.2703,43.2703
"Initial Heating Solution[Mendrisio,Pellet,VeryLow,SFH,PVyes]",0,0,0,0,0,0,0,0,0,0,0,0,0,0,0
"Initial Heating Solution[Mendrisio,Pellet,Low,DFH,PVno]",1.47349,1.47349,1.47349,1.47349,1.47349,1.47349,1.47349,1.47349,1.47349,1.47349,1.47349,1.47349,1.47349,1.47349,1.47349
"Initial Heating Solution[Mendrisio,Pellet,Low,DFH,PVyes]",0,0,0,0,0,0,0,0,0,0,0,0,0,0,0
"Initial Heating Solution[Mendrisio,Pellet,Low,MFH,PVno]",0.753624,0.753624,0.753624,0.753624,0.753624,0.753624,0.753624,0.753624,0.753624,0.753624,0.753624,0.753624,0.753624,0.753624,0.753624
"Initial Heating Solution[Mendrisio,Pellet,Low,MFH,PVyes]",0,0,0,0,0,0,0,0,0,0,0,0,0,0,0
"Initial Heating Solution[Mendrisio,Pellet,Low,SFH,PVno]",23.819,23.819,23.819,23.819,23.819,23.819,23.819,23.819,23.819,23.819,23.819,23.819,23.819,23.819,23.819
"Initial Heating Solution[Mendrisio,Pellet,Low,SFH,PVyes]",0,0,0,0,0,0,0,0,0,0,0,0,0,0,0
"Initial Heating Solution[Mendrisio,Pellet,Moderate,DFH,PVno]",0.327255,0.327255,0.327255,0.327255,0.327255,0.327255,0.327255,0.327255,0.327255,0.327255,0.327255,0.327255,0.327255,0.327255,0.327255
"Initial Heating Solution[Mendrisio,Pellet,Moderate,DFH,PVyes]",0,0,0,0,0,0,0,0,0,0,0,0,0,0,0
"Initial Heating Solution[Mendrisio,Pellet,Moderate,MFH,PVno]",0.12693,0.12693,0.12693,0.12693,0.12693,0.12693,0.12693,0.12693,0.12693,0.12693,0.12693,0.12693,0.12693,0.12693,0.12693
"Initial Heating Solution[Mendrisio,Pellet,Moderate,MFH,PVyes]",0,0,0,0,0,0,0,0,0,0,0,0,0,0,0
"Initial Heating Solution[Mendrisio,Pellet,Moderate,SFH,PVno]",3.28863,3.28863,3.28863,3.28863,3.28863,3.28863,3.28863,3.28863,3.28863,3.28863,3.28863,3.28863,3.28863,3.28863,3.28863
"Initial Heating Solution[Mendrisio,Pellet,Moderate,SFH,PVyes]",0,0,0,0,0,0,0,0,0,0,0,0,0,0,0
"Initial Heating Solution[Mendrisio,Pellet,High,DFH,PVno]",0.133809,0.133809,0.133809,0.133809,0.133809,0.133809,0.133809,0.133809,0.133809,0.133809,0.133809,0.133809,0.133809,0.133809,0.133809
"Initial Heating Solution[Mendrisio,Pellet,High,DFH,PVyes]",0,0,0,0,0,0,0,0,0,0,0,0,0,0,0
"Initial Heating Solution[Mendrisio,Pellet,High,MFH,PVno]",0.0426356,0.0426356,0.0426356,0.0426356,0.0426356,0.0426356,0.0426356,0.0426356,0.0426356,0.0426356,0.0426356,0.0426356,0.0426356,0.0426356,0.0426356
"Initial Heating Solution[Mendrisio,Pellet,High,MFH,PVyes]",0,0,0,0,0,0,0,0,0,0,0,0,0,0,0
"Initial Heating Solution[Mendrisio,Pellet,High,SFH,PVno]",1.77811,1.77811,1.77811,1.77811,1.77811,1.77811,1.77811,1.77811,1.77811,1.77811,1.77811,1.77811,1.77811,1.77811,1.77811
"Initial Heating Solution[Mendrisio,Pellet,High,SFH,PVyes]",0,0,0,0,0,0,0,0,0,0,0,0,0,0,0
"Initial Heating Solution[Mendrisio,Pellet,VeryHigh,DFH,PVno]",0.0052838,0.0052838,0.0052838,0.0052838,0.0052838,0.0052838,0.0052838,0.0052838,0.0052838,0.0052838,0.0052838,0.0052838,0.0052838,0.0052838,0.0052838
"Initial Heating Solution[Mendrisio,Pellet,VeryHigh,DFH,PVyes]",0,0,0,0,0,0,0,0,0,0,0,0,0,0,0
"Initial Heating Solution[Mendrisio,Pellet,VeryHigh,MFH,PVno]",0,0,0,0,0,0,0,0,0,0,0,0,0,0,0
"Initial Heating Solution[Mendrisio,Pellet,VeryHigh,MFH,PVyes]",0,0,0,0,0,0,0,0,0,0,0,0,0,0,0
"Initial Heating Solution[Mendrisio,Pellet,VeryHigh,SFH,PVno]",0.267631,0.267631,0.267631,0.267631,0.267631,0.267631,0.267631,0.267631,0.267631,0.267631,0.267631,0.267631,0.267631,0.267631,0.267631
"Initial Heating Solution[Mendrisio,Pellet,VeryHigh,SFH,PVyes]",0,0,0,0,0,0,0,0,0,0,0,0,0,0,0
"Initial Heating Solution[Riviera,DH,VeryLow,DFH,PVno]",1.44005,1.44005,1.44005,1.44005,1.44005,1.44005,1.44005,1.44005,1.44005,1.44005,1.44005,1.44005,1.44005,1.44005,1.44005
"Initial Heating Solution[Riviera,DH,VeryLow,DFH,PVyes]",0,0,0,0,0,0,0,0,0,0,0,0,0,0,0
"Initial Heating Solution[Riviera,DH,VeryLow,MFH,PVno]",18.0958,18.0958,18.0958,18.0958,18.0958,18.0958,18.0958,18.0958,18.0958,18.0958,18.0958,18.0958,18.0958,18.0958,18.0958
"Initial Heating Solution[Riviera,DH,VeryLow,MFH,PVyes]",0,0,0,0,0,0,0,0,0,0,0,0,0,0,0
"Initial Heating Solution[Riviera,DH,VeryLow,SFH,PVno]",3.37224,3.37224,3.37224,3.37224,3.37224,3.37224,3.37224,3.37224,3.37224,3.37224,3.37224,3.37224,3.37224,3.37224,3.37224
"Initial Heating Solution[Riviera,DH,VeryLow,SFH,PVyes]",0,0,0,0,0,0,0,0,0,0,0,0,0,0,0
"Initial Heating Solution[Riviera,DH,Low,DFH,PVno]",0.00709319,0.00709319,0.00709319,0.00709319,0.00709319,0.00709319,0.00709319,0.00709319,0.00709319,0.00709319,0.00709319,0.00709319,0.00709319,0.00709319,0.00709319
"Initial Heating Solution[Riviera,DH,Low,DFH,PVyes]",0,0,0,0,0,0,0,0,0,0,0,0,0,0,0
"Initial Heating Solution[Riviera,DH,Low,MFH,PVno]",3.5663,3.5663,3.5663,3.5663,3.5663,3.5663,3.5663,3.5663,3.5663,3.5663,3.5663,3.5663,3.5663,3.5663,3.5663
"Initial Heating Solution[Riviera,DH,Low,MFH,PVyes]",0,0,0,0,0,0,0,0,0,0,0,0,0,0,0
"Initial Heating Solution[Riviera,DH,Low,SFH,PVno]",3.28399,3.28399,3.28399,3.28399,3.28399,3.28399,3.28399,3.28399,3.28399,3.28399,3.28399,3.28399,3.28399,3.28399,3.28399
"Initial Heating Solution[Riviera,DH,Low,SFH,PVyes]",0,0,0,0,0,0,0,0,0,0,0,0,0,0,0
"Initial Heating Solution[Riviera,DH,Moderate,DFH,PVno]",1.37169E-05,1.37169E-05,1.37169E-05,1.37169E-05,1.37169E-05,1.37169E-05,1.37169E-05,1.37169E-05,1.37169E-05,1.37169E-05,1.37169E-05,1.37169E-05,1.37169E-05,1.37169E-05,1.37169E-05
"Initial Heating Solution[Riviera,DH,Moderate,DFH,PVyes]",0,0,0,0,0,0,0,0,0,0,0,0,0,0,0
"Initial Heating Solution[Riviera,DH,Moderate,MFH,PVno]",0.549191,0.549191,0.549191,0.549191,0.549191,0.549191,0.549191,0.549191,0.549191,0.549191,0.549191,0.549191,0.549191,0.549191,0.549191
"Initial Heating Solution[Riviera,DH,Moderate,MFH,PVyes]",0,0,0,0,0,0,0,0,0,0,0,0,0,0,0
"Initial Heating Solution[Riviera,DH,Moderate,SFH,PVno]",0.829635,0.829635,0.829635,0.829635,0.829635,0.829635,0.829635,0.829635,0.829635,0.829635,0.829635,0.829635,0.829635,0.829635,0.829635
"Initial Heating Solution[Riviera,DH,Moderate,SFH,PVyes]",0,0,0,0,0,0,0,0,0,0,0,0,0,0,0
"Initial Heating Solution[Riviera,DH,High,DFH,PVno]",2.99562E-07,2.99562E-07,2.99562E-07,2.99562E-07,2.99562E-07,2.99562E-07,2.99562E-07,2.99562E-07,2.99562E-07,2.99562E-07,2.99562E-07,2.99562E-07,2.99562E-07,2.99562E-07,2.99562E-07
"Initial Heating Solution[Riviera,DH,High,DFH,PVyes]",0,0,0,0,0,0,0,0,0,0,0,0,0,0,0
"Initial Heating Solution[Riviera,DH,High,MFH,PVno]",0.204261,0.204261,0.204261,0.204261,0.204261,0.204261,0.204261,0.204261,0.204261,0.204261,0.204261,0.204261,0.204261,0.204261,0.204261
"Initial Heating Solution[Riviera,DH,High,MFH,PVyes]",0,0,0,0,0,0,0,0,0,0,0,0,0,0,0
"Initial Heating Solution[Riviera,DH,High,SFH,PVno]",0.473513,0.473513,0.473513,0.473513,0.473513,0.473513,0.473513,0.473513,0.473513,0.473513,0.473513,0.473513,0.473513,0.473513,0.473513
"Initial Heating Solution[Riviera,DH,High,SFH,PVyes]",0,0,0,0,0,0,0,0,0,0,0,0,0,0,0
"Initial Heating Solution[Riviera,DH,VeryHigh,DFH,PVno]",0,0,0,0,0,0,0,0,0,0,0,0,0,0,0
"Initial Heating Solution[Riviera,DH,VeryHigh,DFH,PVyes]",0,0,0,0,0,0,0,0,0,0,0,0,0,0,0
"Initial Heating Solution[Riviera,DH,VeryHigh,MFH,PVno]",0.0154147,0.0154147,0.0154147,0.0154147,0.0154147,0.0154147,0.0154147,0.0154147,0.0154147,0.0154147,0.0154147,0.0154147,0.0154147,0.0154147,0.0154147
"Initial Heating Solution[Riviera,DH,VeryHigh,MFH,PVyes]",0,0,0,0,0,0,0,0,0,0,0,0,0,0,0
"Initial Heating Solution[Riviera,DH,VeryHigh,SFH,PVno]",0,0,0,0,0,0,0,0,0,0,0,0,0,0,0
"Initial Heating Solution[Riviera,DH,VeryHigh,SFH,PVyes]",0,0,0,0,0,0,0,0,0,0,0,0,0,0,0
"Initial Heating Solution[Riviera,ElectricHeater,VeryLow,DFH,PVno]",104.75,104.75,104.75,104.75,104.75,104.75,104.75,104.75,104.75,104.75,104.75,104.75,104.75,104.75,104.75
"Initial Heating Solution[Riviera,ElectricHeater,VeryLow,DFH,PVyes]",0,0,0,0,0,0,0,0,0,0,0,0,0,0,0
"Initial Heating Solution[Riviera,ElectricHeater,VeryLow,MFH,PVno]",46.5621,46.5621,46.5621,46.5621,46.5621,46.5621,46.5621,46.5621,46.5621,46.5621,46.5621,46.5621,46.5621,46.5621,46.5621
"Initial Heating Solution[Riviera,ElectricHeater,VeryLow,MFH,PVyes]",0,0,0,0,0,0,0,0,0,0,0,0,0,0,0
"Initial Heating Solution[Riviera,ElectricHeater,VeryLow,SFH,PVno]",182.104,182.104,182.104,182.104,182.104,182.104,182.104,182.104,182.104,182.104,182.104,182.104,182.104,182.104,182.104
"Initial Heating Solution[Riviera,ElectricHeater,VeryLow,SFH,PVyes]",0,0,0,0,0,0,0,0,0,0,0,0,0,0,0
"Initial Heating Solution[Riviera,ElectricHeater,Low,DFH,PVno]",15.3085,15.3085,15.3085,15.3085,15.3085,15.3085,15.3085,15.3085,15.3085,15.3085,15.3085,15.3085,15.3085,15.3085,15.3085
"Initial Heating Solution[Riviera,ElectricHeater,Low,DFH,PVyes]",0,0,0,0,0,0,0,0,0,0,0,0,0,0,0
"Initial Heating Solution[Riviera,ElectricHeater,Low,MFH,PVno]",2.18866,2.18866,2.18866,2.18866,2.18866,2.18866,2.18866,2.18866,2.18866,2.18866,2.18866,2.18866,2.18866,2.18866,2.18866
"Initial Heating Solution[Riviera,ElectricHeater,Low,MFH,PVyes]",0,0,0,0,0,0,0,0,0,0,0,0,0,0,0
"Initial Heating Solution[Riviera,ElectricHeater,Low,SFH,PVno]",200.145,200.145,200.145,200.145,200.145,200.145,200.145,200.145,200.145,200.145,200.145,200.145,200.145,200.145,200.145
"Initial Heating Solution[Riviera,ElectricHeater,Low,SFH,PVyes]",0,0,0,0,0,0,0,0,0,0,0,0,0,0,0
"Initial Heating Solution[Riviera,ElectricHeater,Moderate,DFH,PVno]",1.81256,1.81256,1.81256,1.81256,1.81256,1.81256,1.81256,1.81256,1.81256,1.81256,1.81256,1.81256,1.81256,1.81256,1.81256
"Initial Heating Solution[Riviera,ElectricHeater,Moderate,DFH,PVyes]",0,0,0,0,0,0,0,0,0,0,0,0,0,0,0
"Initial Heating Solution[Riviera,ElectricHeater,Moderate,MFH,PVno]",0.416461,0.416461,0.416461,0.416461,0.416461,0.416461,0.416461,0.416461,0.416461,0.416461,0.416461,0.416461,0.416461,0.416461,0.416461
"Initial Heating Solution[Riviera,ElectricHeater,Moderate,MFH,PVyes]",0,0,0,0,0,0,0,0,0,0,0,0,0,0,0
"Initial Heating Solution[Riviera,ElectricHeater,Moderate,SFH,PVno]",55.6973,55.6973,55.6973,55.6973,55.6973,55.6973,55.6973,55.6973,55.6973,55.6973,55.6973,55.6973,55.6973,55.6973,55.6973
"Initial Heating Solution[Riviera,ElectricHeater,Moderate,SFH,PVyes]",0,0,0,0,0,0,0,0,0,0,0,0,0,0,0
"Initial Heating Solution[Riviera,ElectricHeater,High,DFH,PVno]",0.467496,0.467496,0.467496,0.467496,0.467496,0.467496,0.467496,0.467496,0.467496,0.467496,0.467496,0.467496,0.467496,0.467496,0.467496
"Initial Heating Solution[Riviera,ElectricHeater,High,DFH,PVyes]",0,0,0,0,0,0,0,0,0,0,0,0,0,0,0
"Initial Heating Solution[Riviera,ElectricHeater,High,MFH,PVno]",0.193142,0.193142,0.193142,0.193142,0.193142,0.193142,0.193142,0.193142,0.193142,0.193142,0.193142,0.193142,0.193142,0.193142,0.193142
"Initial Heating Solution[Riviera,ElectricHeater,High,MFH,PVyes]",0,0,0,0,0,0,0,0,0,0,0,0,0,0,0
"Initial Heating Solution[Riviera,ElectricHeater,High,SFH,PVno]",31.9964,31.9964,31.9964,31.9964,31.9964,31.9964,31.9964,31.9964,31.9964,31.9964,31.9964,31.9964,31.9964,31.9964,31.9964
"Initial Heating Solution[Riviera,ElectricHeater,High,SFH,PVyes]",0,0,0,0,0,0,0,0,0,0,0,0,0,0,0
"Initial Heating Solution[Riviera,ElectricHeater,VeryHigh,DFH,PVno]",0,0,0,0,0,0,0,0,0,0,0,0,0,0,0
"Initial Heating Solution[Riviera,ElectricHeater,VeryHigh,DFH,PVyes]",0,0,0,0,0,0,0,0,0,0,0,0,0,0,0
"Initial Heating Solution[Riviera,ElectricHeater,VeryHigh,MFH,PVno]",0.0239103,0.0239103,0.0239103,0.0239103,0.0239103,0.0239103,0.0239103,0.0239103,0.0239103,0.0239103,0.0239103,0.0239103,0.0239103,0.0239103,0.0239103
"Initial Heating Solution[Riviera,ElectricHeater,VeryHigh,MFH,PVyes]",0,0,0,0,0,0,0,0,0,0,0,0,0,0,0
"Initial Heating Solution[Riviera,ElectricHeater,VeryHigh,SFH,PVno]",1.4533,1.4533,1.4533,1.4533,1.4533,1.4533,1.4533,1.4533,1.4533,1.4533,1.4533,1.4533,1.4533,1.4533,1.4533
"Initial Heating Solution[Riviera,ElectricHeater,VeryHigh,SFH,PVyes]",0,0,0,0,0,0,0,0,0,0,0,0,0,0,0
"Initial Heating Solution[Riviera,Gas,VeryLow,DFH,PVno]",0.230886,0.230886,0.230886,0.230886,0.230886,0.230886,0.230886,0.230886,0.230886,0.230886,0.230886,0.230886,0.230886,0.230886,0.230886
"Initial Heating Solution[Riviera,Gas,VeryLow,DFH,PVyes]",0,0,0,0,0,0,0,0,0,0,0,0,0,0,0
"Initial Heating Solution[Riviera,Gas,VeryLow,MFH,PVno]",1.77675,1.77675,1.77675,1.77675,1.77675,1.77675,1.77675,1.77675,1.77675,1.77675,1.77675,1.77675,1.77675,1.77675,1.77675
"Initial Heating Solution[Riviera,Gas,VeryLow,MFH,PVyes]",0,0,0,0,0,0,0,0,0,0,0,0,0,0,0
"Initial Heating Solution[Riviera,Gas,VeryLow,SFH,PVno]",2.82623,2.82623,2.82623,2.82623,2.82623,2.82623,2.82623,2.82623,2.82623,2.82623,2.82623,2.82623,2.82623,2.82623,2.82623
"Initial Heating Solution[Riviera,Gas,VeryLow,SFH,PVyes]",0,0,0,0,0,0,0,0,0,0,0,0,0,0,0
"Initial Heating Solution[Riviera,Gas,Low,DFH,PVno]",0.546537,0.546537,0.546537,0.546537,0.546537,0.546537,0.546537,0.546537,0.546537,0.546537,0.546537,0.546537,0.546537,0.546537,0.546537
"Initial Heating Solution[Riviera,Gas,Low,DFH,PVyes]",0,0,0,0,0,0,0,0,0,0,0,0,0,0,0
"Initial Heating Solution[Riviera,Gas,Low,MFH,PVno]",0.267411,0.267411,0.267411,0.267411,0.267411,0.267411,0.267411,0.267411,0.267411,0.267411,0.267411,0.267411,0.267411,0.267411,0.267411
"Initial Heating Solution[Riviera,Gas,Low,MFH,PVyes]",0,0,0,0,0,0,0,0,0,0,0,0,0,0,0
"Initial Heating Solution[Riviera,Gas,Low,SFH,PVno]",3.37336,3.37336,3.37336,3.37336,3.37336,3.37336,3.37336,3.37336,3.37336,3.37336,3.37336,3.37336,3.37336,3.37336,3.37336
"Initial Heating Solution[Riviera,Gas,Low,SFH,PVyes]",0,0,0,0,0,0,0,0,0,0,0,0,0,0,0
"Initial Heating Solution[Riviera,Gas,Moderate,DFH,PVno]",0.165019,0.165019,0.165019,0.165019,0.165019,0.165019,0.165019,0.165019,0.165019,0.165019,0.165019,0.165019,0.165019,0.165019,0.165019
"Initial Heating Solution[Riviera,Gas,Moderate,DFH,PVyes]",0,0,0,0,0,0,0,0,0,0,0,0,0,0,0
"Initial Heating Solution[Riviera,Gas,Moderate,MFH,PVno]",0.0263788,0.0263788,0.0263788,0.0263788,0.0263788,0.0263788,0.0263788,0.0263788,0.0263788,0.0263788,0.0263788,0.0263788,0.0263788,0.0263788,0.0263788
"Initial Heating Solution[Riviera,Gas,Moderate,MFH,PVyes]",0,0,0,0,0,0,0,0,0,0,0,0,0,0,0
"Initial Heating Solution[Riviera,Gas,Moderate,SFH,PVno]",2.18504,2.18504,2.18504,2.18504,2.18504,2.18504,2.18504,2.18504,2.18504,2.18504,2.18504,2.18504,2.18504,2.18504,2.18504
"Initial Heating Solution[Riviera,Gas,Moderate,SFH,PVyes]",0,0,0,0,0,0,0,0,0,0,0,0,0,0,0
"Initial Heating Solution[Riviera,Gas,High,DFH,PVno]",0.0842634,0.0842634,0.0842634,0.0842634,0.0842634,0.0842634,0.0842634,0.0842634,0.0842634,0.0842634,0.0842634,0.0842634,0.0842634,0.0842634,0.0842634
"Initial Heating Solution[Riviera,Gas,High,DFH,PVyes]",0,0,0,0,0,0,0,0,0,0,0,0,0,0,0
"Initial Heating Solution[Riviera,Gas,High,MFH,PVno]",0.00497523,0.00497523,0.00497523,0.00497523,0.00497523,0.00497523,0.00497523,0.00497523,0.00497523,0.00497523,0.00497523,0.00497523,0.00497523,0.00497523,0.00497523
"Initial Heating Solution[Riviera,Gas,High,MFH,PVyes]",0,0,0,0,0,0,0,0,0,0,0,0,0,0,0
"Initial Heating Solution[Riviera,Gas,High,SFH,PVno]",2.30287,2.30287,2.30287,2.30287,2.30287,2.30287,2.30287,2.30287,2.30287,2.30287,2.30287,2.30287,2.30287,2.30287,2.30287
"Initial Heating Solution[Riviera,Gas,High,SFH,PVyes]",0,0,0,0,0,0,0,0,0,0,0,0,0,0,0
"Initial Heating Solution[Riviera,Gas,VeryHigh,DFH,PVno]",0.0110539,0.0110539,0.0110539,0.0110539,0.0110539,0.0110539,0.0110539,0.0110539,0.0110539,0.0110539,0.0110539,0.0110539,0.0110539,0.0110539,0.0110539
"Initial Heating Solution[Riviera,Gas,VeryHigh,DFH,PVyes]",0,0,0,0,0,0,0,0,0,0,0,0,0,0,0
"Initial Heating Solution[Riviera,Gas,VeryHigh,MFH,PVno]",0,0,0,0,0,0,0,0,0,0,0,0,0,0,0
"Initial Heating Solution[Riviera,Gas,VeryHigh,MFH,PVyes]",0,0,0,0,0,0,0,0,0,0,0,0,0,0,0
"Initial Heating Solution[Riviera,Gas,VeryHigh,SFH,PVno]",0.727863,0.727863,0.727863,0.727863,0.727863,0.727863,0.727863,0.727863,0.727863,0.727863,0.727863,0.727863,0.727863,0.727863,0.727863
"Initial Heating Solution[Riviera,Gas,VeryHigh,SFH,PVyes]",0,0,0,0,0,0,0,0,0,0,0,0,0,0,0
"Initial Heating Solution[Riviera,HPST,VeryLow,DFH,PVno]",5.86889,5.86889,5.86889,5.86889,5.86889,5.86889,5.86889,5.86889,5.86889,5.86889,5.86889,5.86889,5.86889,5.86889,5.86889
"Initial Heating Solution[Riviera,HPST,VeryLow,DFH,PVyes]",0,0,0,0,0,0,0,0,0,0,0,0,0,0,0
"Initial Heating Solution[Riviera,HPST,VeryLow,MFH,PVno]",0,0,0,0,0,0,0,0,0,0,0,0,0,0,0
"Initial Heating Solution[Riviera,HPST,VeryLow,MFH,PVyes]",0,0,0,0,0,0,0,0,0,0,0,0,0,0,0
"Initial Heating Solution[Riviera,HPST,VeryLow,SFH,PVno]",3.87135,3.87135,3.87135,3.87135,3.87135,3.87135,3.87135,3.87135,3.87135,3.87135,3.87135,3.87135,3.87135,3.87135,3.87135
"Initial Heating Solution[Riviera,HPST,VeryLow,SFH,PVyes]",0,0,0,0,0,0,0,0,0,0,0,0,0,0,0
"Initial Heating Solution[Riviera,HPST,Low,DFH,PVno]",1.14808,1.14808,1.14808,1.14808,1.14808,1.14808,1.14808,1.14808,1.14808,1.14808,1.14808,1.14808,1.14808,1.14808,1.14808
"Initial Heating Solution[Riviera,HPST,Low,DFH,PVyes]",0,0,0,0,0,0,0,0,0,0,0,0,0,0,0
"Initial Heating Solution[Riviera,HPST,Low,MFH,PVno]",0,0,0,0,0,0,0,0,0,0,0,0,0,0,0
"Initial Heating Solution[Riviera,HPST,Low,MFH,PVyes]",0,0,0,0,0,0,0,0,0,0,0,0,0,0,0
"Initial Heating Solution[Riviera,HPST,Low,SFH,PVno]",5.97322,5.97322,5.97322,5.97322,5.97322,5.97322,5.97322,5.97322,5.97322,5.97322,5.97322,5.97322,5.97322,5.97322,5.97322
"Initial Heating Solution[Riviera,HPST,Low,SFH,PVyes]",0,0,0,0,0,0,0,0,0,0,0,0,0,0,0
"Initial Heating Solution[Riviera,HPST,Moderate,DFH,PVno]",0.334314,0.334314,0.334314,0.334314,0.334314,0.334314,0.334314,0.334314,0.334314,0.334314,0.334314,0.334314,0.334314,0.334314,0.334314
"Initial Heating Solution[Riviera,HPST,Moderate,DFH,PVyes]",0,0,0,0,0,0,0,0,0,0,0,0,0,0,0
"Initial Heating Solution[Riviera,HPST,Moderate,MFH,PVno]",0,0,0,0,0,0,0,0,0,0,0,0,0,0,0
"Initial Heating Solution[Riviera,HPST,Moderate,MFH,PVyes]",0,0,0,0,0,0,0,0,0,0,0,0,0,0,0
"Initial Heating Solution[Riviera,HPST,Moderate,SFH,PVno]",4.53461,4.53461,4.53461,4.53461,4.53461,4.53461,4.53461,4.53461,4.53461,4.53461,4.53461,4.53461,4.53461,4.53461,4.53461
"Initial Heating Solution[Riviera,HPST,Moderate,SFH,PVyes]",0,0,0,0,0,0,0,0,0,0,0,0,0,0,0
"Initial Heating Solution[Riviera,HPST,High,DFH,PVno]",0.133833,0.133833,0.133833,0.133833,0.133833,0.133833,0.133833,0.133833,0.133833,0.133833,0.133833,0.133833,0.133833,0.133833,0.133833
"Initial Heating Solution[Riviera,HPST,High,DFH,PVyes]",0,0,0,0,0,0,0,0,0,0,0,0,0,0,0
"Initial Heating Solution[Riviera,HPST,High,MFH,PVno]",0,0,0,0,0,0,0,0,0,0,0,0,0,0,0
"Initial Heating Solution[Riviera,HPST,High,MFH,PVyes]",0,0,0,0,0,0,0,0,0,0,0,0,0,0,0
"Initial Heating Solution[Riviera,HPST,High,SFH,PVno]",4.79146,4.79146,4.79146,4.79146,4.79146,4.79146,4.79146,4.79146,4.79146,4.79146,4.79146,4.79146,4.79146,4.79146,4.79146
"Initial Heating Solution[Riviera,HPST,High,SFH,PVyes]",0,0,0,0,0,0,0,0,0,0,0,0,0,0,0
"Initial Heating Solution[Riviera,HPST,VeryHigh,DFH,PVno]",0,0,0,0,0,0,0,0,0,0,0,0,0,0,0
"Initial Heating Solution[Riviera,HPST,VeryHigh,DFH,PVyes]",0,0,0,0,0,0,0,0,0,0,0,0,0,0,0
"Initial Heating Solution[Riviera,HPST,VeryHigh,MFH,PVno]",0,0,0,0,0,0,0,0,0,0,0,0,0,0,0
"Initial Heating Solution[Riviera,HPST,VeryHigh,MFH,PVyes]",0,0,0,0,0,0,0,0,0,0,0,0,0,0,0
"Initial Heating Solution[Riviera,HPST,VeryHigh,SFH,PVno]",1.41344,1.41344,1.41344,1.41344,1.41344,1.41344,1.41344,1.41344,1.41344,1.41344,1.41344,1.41344,1.41344,1.41344,1.41344
"Initial Heating Solution[Riviera,HPST,VeryHigh,SFH,PVyes]",0,0,0,0,0,0,0,0,0,0,0,0,0,0,0
"Initial Heating Solution[Riviera,HeatPump,VeryLow,DFH,PVno]",15.7093,15.7093,15.7093,15.7093,15.7093,15.7093,15.7093,15.7093,15.7093,15.7093,15.7093,15.7093,15.7093,15.7093,15.7093
"Initial Heating Solution[Riviera,HeatPump,VeryLow,DFH,PVyes]",0,0,0,0,0,0,0,0,0,0,0,0,0,0,0
"Initial Heating Solution[Riviera,HeatPump,VeryLow,MFH,PVno]",7.7285,7.7285,7.7285,7.7285,7.7285,7.7285,7.7285,7.7285,7.7285,7.7285,7.7285,7.7285,7.7285,7.7285,7.7285
"Initial Heating Solution[Riviera,HeatPump,VeryLow,MFH,PVyes]",0,0,0,0,0,0,0,0,0,0,0,0,0,0,0
"Initial Heating Solution[Riviera,HeatPump,VeryLow,SFH,PVno]",26.122,26.122,26.122,26.122,26.122,26.122,26.122,26.122,26.122,26.122,26.122,26.122,26.122,26.122,26.122
"Initial Heating Solution[Riviera,HeatPump,VeryLow,SFH,PVyes]",0,0,0,0,0,0,0,0,0,0,0,0,0,0,0
"Initial Heating Solution[Riviera,HeatPump,Low,DFH,PVno]",12.5183,12.5183,12.5183,12.5183,12.5183,12.5183,12.5183,12.5183,12.5183,12.5183,12.5183,12.5183,12.5183,12.5183,12.5183
"Initial Heating Solution[Riviera,HeatPump,Low,DFH,PVyes]",0,0,0,0,0,0,0,0,0,0,0,0,0,0,0
"Initial Heating Solution[Riviera,HeatPump,Low,MFH,PVno]",5.34127,5.34127,5.34127,5.34127,5.34127,5.34127,5.34127,5.34127,5.34127,5.34127,5.34127,5.34127,5.34127,5.34127,5.34127
"Initial Heating Solution[Riviera,HeatPump,Low,MFH,PVyes]",0,0,0,0,0,0,0,0,0,0,0,0,0,0,0
"Initial Heating Solution[Riviera,HeatPump,Low,SFH,PVno]",48.0765,48.0765,48.0765,48.0765,48.0765,48.0765,48.0765,48.0765,48.0765,48.0765,48.0765,48.0765,48.0765,48.0765,48.0765
"Initial Heating Solution[Riviera,HeatPump,Low,SFH,PVyes]",0,0,0,0,0,0,0,0,0,0,0,0,0,0,0
"Initial Heating Solution[Riviera,HeatPump,Moderate,DFH,PVno]",5.59615,5.59615,5.59615,5.59615,5.59615,5.59615,5.59615,5.59615,5.59615,5.59615,5.59615,5.59615,5.59615,5.59615,5.59615
"Initial Heating Solution[Riviera,HeatPump,Moderate,DFH,PVyes]",0,0,0,0,0,0,0,0,0,0,0,0,0,0,0
"Initial Heating Solution[Riviera,HeatPump,Moderate,MFH,PVno]",2.33467,2.33467,2.33467,2.33467,2.33467,2.33467,2.33467,2.33467,2.33467,2.33467,2.33467,2.33467,2.33467,2.33467,2.33467
"Initial Heating Solution[Riviera,HeatPump,Moderate,MFH,PVyes]",0,0,0,0,0,0,0,0,0,0,0,0,0,0,0
"Initial Heating Solution[Riviera,HeatPump,Moderate,SFH,PVno]",36.0212,36.0212,36.0212,36.0212,36.0212,36.0212,36.0212,36.0212,36.0212,36.0212,36.0212,36.0212,36.0212,36.0212,36.0212
"Initial Heating Solution[Riviera,HeatPump,Moderate,SFH,PVyes]",0,0,0,0,0,0,0,0,0,0,0,0,0,0,0
"Initial Heating Solution[Riviera,HeatPump,High,DFH,PVno]",3.16335,3.16335,3.16335,3.16335,3.16335,3.16335,3.16335,3.16335,3.16335,3.16335,3.16335,3.16335,3.16335,3.16335,3.16335
"Initial Heating Solution[Riviera,HeatPump,High,DFH,PVyes]",0,0,0,0,0,0,0,0,0,0,0,0,0,0,0
"Initial Heating Solution[Riviera,HeatPump,High,MFH,PVno]",1.27762,1.27762,1.27762,1.27762,1.27762,1.27762,1.27762,1.27762,1.27762,1.27762,1.27762,1.27762,1.27762,1.27762,1.27762
"Initial Heating Solution[Riviera,HeatPump,High,MFH,PVyes]",0,0,0,0,0,0,0,0,0,0,0,0,0,0,0
"Initial Heating Solution[Riviera,HeatPump,High,SFH,PVno]",37.5317,37.5317,37.5317,37.5317,37.5317,37.5317,37.5317,37.5317,37.5317,37.5317,37.5317,37.5317,37.5317,37.5317,37.5317
"Initial Heating Solution[Riviera,HeatPump,High,SFH,PVyes]",0,0,0,0,0,0,0,0,0,0,0,0,0,0,0
"Initial Heating Solution[Riviera,HeatPump,VeryHigh,DFH,PVno]",0.438511,0.438511,0.438511,0.438511,0.438511,0.438511,0.438511,0.438511,0.438511,0.438511,0.438511,0.438511,0.438511,0.438511,0.438511
"Initial Heating Solution[Riviera,HeatPump,VeryHigh,DFH,PVyes]",0,0,0,0,0,0,0,0,0,0,0,0,0,0,0
"Initial Heating Solution[Riviera,HeatPump,VeryHigh,MFH,PVno]",0.159459,0.159459,0.159459,0.159459,0.159459,0.159459,0.159459,0.159459,0.159459,0.159459,0.159459,0.159459,0.159459,0.159459,0.159459
"Initial Heating Solution[Riviera,HeatPump,VeryHigh,MFH,PVyes]",0,0,0,0,0,0,0,0,0,0,0,0,0,0,0
"Initial Heating Solution[Riviera,HeatPump,VeryHigh,SFH,PVno]",11.3075,11.3075,11.3075,11.3075,11.3075,11.3075,11.3075,11.3075,11.3075,11.3075,11.3075,11.3075,11.3075,11.3075,11.3075
"Initial Heating Solution[Riviera,HeatPump,VeryHigh,SFH,PVyes]",0,0,0,0,0,0,0,0,0,0,0,0,0,0,0
"Initial Heating Solution[Riviera,Oil,VeryLow,DFH,PVno]",229.977,229.977,229.977,229.977,229.977,229.977,229.977,229.977,229.977,229.977,229.977,229.977,229.977,229.977,229.977
"Initial Heating Solution[Riviera,Oil,VeryLow,DFH,PVyes]",0,0,0,0,0,0,0,0,0,0,0,0,0,0,0
"Initial Heating Solution[Riviera,Oil,VeryLow,MFH,PVno]",181.477,181.477,181.477,181.477,181.477,181.477,181.477,181.477,181.477,181.477,181.477,181.477,181.477,181.477,181.477
"Initial Heating Solution[Riviera,Oil,VeryLow,MFH,PVyes]",0,0,0,0,0,0,0,0,0,0,0,0,0,0,0
"Initial Heating Solution[Riviera,Oil,VeryLow,SFH,PVno]",313.304,313.304,313.304,313.304,313.304,313.304,313.304,313.304,313.304,313.304,313.304,313.304,313.304,313.304,313.304
"Initial Heating Solution[Riviera,Oil,VeryLow,SFH,PVyes]",0.125575,0.125575,0.125575,0.125575,0.125575,0.125575,0.125575,0.125575,0.125575,0.125575,0.125575,0.125575,0.125575,0.125575,0.125575
"Initial Heating Solution[Riviera,Oil,Low,DFH,PVno]",23.8417,23.8417,23.8417,23.8417,23.8417,23.8417,23.8417,23.8417,23.8417,23.8417,23.8417,23.8417,23.8417,23.8417,23.8417
"Initial Heating Solution[Riviera,Oil,Low,DFH,PVyes]",0,0,0,0,0,0,0,0,0,0,0,0,0,0,0
"Initial Heating Solution[Riviera,Oil,Low,MFH,PVno]",27.7034,27.7034,27.7034,27.7034,27.7034,27.7034,27.7034,27.7034,27.7034,27.7034,27.7034,27.7034,27.7034,27.7034,27.7034
"Initial Heating Solution[Riviera,Oil,Low,MFH,PVyes]",0,0,0,0,0,0,0,0,0,0,0,0,0,0,0
"Initial Heating Solution[Riviera,Oil,Low,SFH,PVno]",309.717,309.717,309.717,309.717,309.717,309.717,309.717,309.717,309.717,309.717,309.717,309.717,309.717,309.717,309.717
"Initial Heating Solution[Riviera,Oil,Low,SFH,PVyes]",0.580667,0.580667,0.580667,0.580667,0.580667,0.580667,0.580667,0.580667,0.580667,0.580667,0.580667,0.580667,0.580667,0.580667,0.580667
"Initial Heating Solution[Riviera,Oil,Moderate,DFH,PVno]",3.73928,3.73928,3.73928,3.73928,3.73928,3.73928,3.73928,3.73928,3.73928,3.73928,3.73928,3.73928,3.73928,3.73928,3.73928
"Initial Heating Solution[Riviera,Oil,Moderate,DFH,PVyes]",0,0,0,0,0,0,0,0,0,0,0,0,0,0,0
"Initial Heating Solution[Riviera,Oil,Moderate,MFH,PVno]",5.6188,5.6188,5.6188,5.6188,5.6188,5.6188,5.6188,5.6188,5.6188,5.6188,5.6188,5.6188,5.6188,5.6188,5.6188
"Initial Heating Solution[Riviera,Oil,Moderate,MFH,PVyes]",0,0,0,0,0,0,0,0,0,0,0,0,0,0,0
"Initial Heating Solution[Riviera,Oil,Moderate,SFH,PVno]",73.7009,73.7009,73.7009,73.7009,73.7009,73.7009,73.7009,73.7009,73.7009,73.7009,73.7009,73.7009,73.7009,73.7009,73.7009
"Initial Heating Solution[Riviera,Oil,Moderate,SFH,PVyes]",0.202482,0.202482,0.202482,0.202482,0.202482,0.202482,0.202482,0.202482,0.202482,0.202482,0.202482,0.202482,0.202482,0.202482,0.202482
"Initial Heating Solution[Riviera,Oil,High,DFH,PVno]",1.27021,1.27021,1.27021,1.27021,1.27021,1.27021,1.27021,1.27021,1.27021,1.27021,1.27021,1.27021,1.27021,1.27021,1.27021
"Initial Heating Solution[Riviera,Oil,High,DFH,PVyes]",0,0,0,0,0,0,0,0,0,0,0,0,0,0,0
"Initial Heating Solution[Riviera,Oil,High,MFH,PVno]",2.04896,2.04896,2.04896,2.04896,2.04896,2.04896,2.04896,2.04896,2.04896,2.04896,2.04896,2.04896,2.04896,2.04896,2.04896
"Initial Heating Solution[Riviera,Oil,High,MFH,PVyes]",0,0,0,0,0,0,0,0,0,0,0,0,0,0,0
"Initial Heating Solution[Riviera,Oil,High,SFH,PVno]",45.2586,45.2586,45.2586,45.2586,45.2586,45.2586,45.2586,45.2586,45.2586,45.2586,45.2586,45.2586,45.2586,45.2586,45.2586
"Initial Heating Solution[Riviera,Oil,High,SFH,PVyes]",0.0912756,0.0912756,0.0912756,0.0912756,0.0912756,0.0912756,0.0912756,0.0912756,0.0912756,0.0912756,0.0912756,0.0912756,0.0912756,0.0912756,0.0912756
"Initial Heating Solution[Riviera,Oil,VeryHigh,DFH,PVno]",0.01911,0.01911,0.01911,0.01911,0.01911,0.01911,0.01911,0.01911,0.01911,0.01911,0.01911,0.01911,0.01911,0.01911,0.01911
"Initial Heating Solution[Riviera,Oil,VeryHigh,DFH,PVyes]",0,0,0,0,0,0,0,0,0,0,0,0,0,0,0
"Initial Heating Solution[Riviera,Oil,VeryHigh,MFH,PVno]",0.0142505,0.0142505,0.0142505,0.0142505,0.0142505,0.0142505,0.0142505,0.0142505,0.0142505,0.0142505,0.0142505,0.0142505,0.0142505,0.0142505,0.0142505
"Initial Heating Solution[Riviera,Oil,VeryHigh,MFH,PVyes]",0,0,0,0,0,0,0,0,0,0,0,0,0,0,0
"Initial Heating Solution[Riviera,Oil,VeryHigh,SFH,PVno]",4.78694,4.78694,4.78694,4.78694,4.78694,4.78694,4.78694,4.78694,4.78694,4.78694,4.78694,4.78694,4.78694,4.78694,4.78694
"Initial Heating Solution[Riviera,Oil,VeryHigh,SFH,PVyes]",0,0,0,0,0,0,0,0,0,0,0,0,0,0,0
"Initial Heating Solution[Riviera,OilST,VeryLow,DFH,PVno]",0,0,0,0,0,0,0,0,0,0,0,0,0,0,0
"Initial Heating Solution[Riviera,OilST,VeryLow,DFH,PVyes]",0,0,0,0,0,0,0,0,0,0,0,0,0,0,0
"Initial Heating Solution[Riviera,OilST,VeryLow,MFH,PVno]",0,0,0,0,0,0,0,0,0,0,0,0,0,0,0
"Initial Heating Solution[Riviera,OilST,VeryLow,MFH,PVyes]",0,0,0,0,0,0,0,0,0,0,0,0,0,0,0
"Initial Heating Solution[Riviera,OilST,VeryLow,SFH,PVno]",0,0,0,0,0,0,0,0,0,0,0,0,0,0,0
"Initial Heating Solution[Riviera,OilST,VeryLow,SFH,PVyes]",0,0,0,0,0,0,0,0,0,0,0,0,0,0,0
"Initial Heating Solution[Riviera,OilST,Low,DFH,PVno]",0,0,0,0,0,0,0,0,0,0,0,0,0,0,0
"Initial Heating Solution[Riviera,OilST,Low,DFH,PVyes]",0,0,0,0,0,0,0,0,0,0,0,0,0,0,0
"Initial Heating Solution[Riviera,OilST,Low,MFH,PVno]",0,0,0,0,0,0,0,0,0,0,0,0,0,0,0
"Initial Heating Solution[Riviera,OilST,Low,MFH,PVyes]",0,0,0,0,0,0,0,0,0,0,0,0,0,0,0
"Initial Heating Solution[Riviera,OilST,Low,SFH,PVno]",1.33969,1.33969,1.33969,1.33969,1.33969,1.33969,1.33969,1.33969,1.33969,1.33969,1.33969,1.33969,1.33969,1.33969,1.33969
"Initial Heating Solution[Riviera,OilST,Low,SFH,PVyes]",0,0,0,0,0,0,0,0,0,0,0,0,0,0,0
"Initial Heating Solution[Riviera,OilST,Moderate,DFH,PVno]",0,0,0,0,0,0,0,0,0,0,0,0,0,0,0
"Initial Heating Solution[Riviera,OilST,Moderate,DFH,PVyes]",0,0,0,0,0,0,0,0,0,0,0,0,0,0,0
"Initial Heating Solution[Riviera,OilST,Moderate,MFH,PVno]",0,0,0,0,0,0,0,0,0,0,0,0,0,0,0
"Initial Heating Solution[Riviera,OilST,Moderate,MFH,PVyes]",0,0,0,0,0,0,0,0,0,0,0,0,0,0,0
"Initial Heating Solution[Riviera,OilST,Moderate,SFH,PVno]",1.53633,1.53633,1.53633,1.53633,1.53633,1.53633,1.53633,1.53633,1.53633,1.53633,1.53633,1.53633,1.53633,1.53633,1.53633
"Initial Heating Solution[Riviera,OilST,Moderate,SFH,PVyes]",0,0,0,0,0,0,0,0,0,0,0,0,0,0,0
"Initial Heating Solution[Riviera,OilST,High,DFH,PVno]",0,0,0,0,0,0,0,0,0,0,0,0,0,0,0
"Initial Heating Solution[Riviera,OilST,High,DFH,PVyes]",0,0,0,0,0,0,0,0,0,0,0,0,0,0,0
"Initial Heating Solution[Riviera,OilST,High,MFH,PVno]",0,0,0,0,0,0,0,0,0,0,0,0,0,0,0
"Initial Heating Solution[Riviera,OilST,High,MFH,PVyes]",0,0,0,0,0,0,0,0,0,0,0,0,0,0,0
"Initial Heating Solution[Riviera,OilST,High,SFH,PVno]",1.71435,1.71435,1.71435,1.71435,1.71435,1.71435,1.71435,1.71435,1.71435,1.71435,1.71435,1.71435,1.71435,1.71435,1.71435
"Initial Heating Solution[Riviera,OilST,High,SFH,PVyes]",0,0,0,0,0,0,0,0,0,0,0,0,0,0,0
"Initial Heating Solution[Riviera,OilST,VeryHigh,DFH,PVno]",0,0,0,0,0,0,0,0,0,0,0,0,0,0,0
"Initial Heating Solution[Riviera,OilST,VeryHigh,DFH,PVyes]",0,0,0,0,0,0,0,0,0,0,0,0,0,0,0
"Initial Heating Solution[Riviera,OilST,VeryHigh,MFH,PVno]",0,0,0,0,0,0,0,0,0,0,0,0,0,0,0
"Initial Heating Solution[Riviera,OilST,VeryHigh,MFH,PVyes]",0,0,0,0,0,0,0,0,0,0,0,0,0,0,0
"Initial Heating Solution[Riviera,OilST,VeryHigh,SFH,PVno]",0.555234,0.555234,0.555234,0.555234,0.555234,0.555234,0.555234,0.555234,0.555234,0.555234,0.555234,0.555234,0.555234,0.555234,0.555234
"Initial Heating Solution[Riviera,OilST,VeryHigh,SFH,PVyes]",0,0,0,0,0,0,0,0,0,0,0,0,0,0,0
"Initial Heating Solution[Riviera,Wood,VeryLow,DFH,PVno]",40.9792,40.9792,40.9792,40.9792,40.9792,40.9792,40.9792,40.9792,40.9792,40.9792,40.9792,40.9792,40.9792,40.9792,40.9792
"Initial Heating Solution[Riviera,Wood,VeryLow,DFH,PVyes]",0,0,0,0,0,0,0,0,0,0,0,0,0,0,0
"Initial Heating Solution[Riviera,Wood,VeryLow,MFH,PVno]",22.8089,22.8089,22.8089,22.8089,22.8089,22.8089,22.8089,22.8089,22.8089,22.8089,22.8089,22.8089,22.8089,22.8089,22.8089
"Initial Heating Solution[Riviera,Wood,VeryLow,MFH,PVyes]",0,0,0,0,0,0,0,0,0,0,0,0,0,0,0
"Initial Heating Solution[Riviera,Wood,VeryLow,SFH,PVno]",327.716,327.716,327.716,327.716,327.716,327.716,327.716,327.716,327.716,327.716,327.716,327.716,327.716,327.716,327.716
"Initial Heating Solution[Riviera,Wood,VeryLow,SFH,PVyes]",0,0,0,0,0,0,0,0,0,0,0,0,0,0,0
"Initial Heating Solution[Riviera,Wood,Low,DFH,PVno]",1.95419,1.95419,1.95419,1.95419,1.95419,1.95419,1.95419,1.95419,1.95419,1.95419,1.95419,1.95419,1.95419,1.95419,1.95419
"Initial Heating Solution[Riviera,Wood,Low,DFH,PVyes]",0,0,0,0,0,0,0,0,0,0,0,0,0,0,0
"Initial Heating Solution[Riviera,Wood,Low,MFH,PVno]",0.147856,0.147856,0.147856,0.147856,0.147856,0.147856,0.147856,0.147856,0.147856,0.147856,0.147856,0.147856,0.147856,0.147856,0.147856
"Initial Heating Solution[Riviera,Wood,Low,MFH,PVyes]",0,0,0,0,0,0,0,0,0,0,0,0,0,0,0
"Initial Heating Solution[Riviera,Wood,Low,SFH,PVno]",192.218,192.218,192.218,192.218,192.218,192.218,192.218,192.218,192.218,192.218,192.218,192.218,192.218,192.218,192.218
"Initial Heating Solution[Riviera,Wood,Low,SFH,PVyes]",0,0,0,0,0,0,0,0,0,0,0,0,0,0,0
"Initial Heating Solution[Riviera,Wood,Moderate,DFH,PVno]",0.251566,0.251566,0.251566,0.251566,0.251566,0.251566,0.251566,0.251566,0.251566,0.251566,0.251566,0.251566,0.251566,0.251566,0.251566
"Initial Heating Solution[Riviera,Wood,Moderate,DFH,PVyes]",0,0,0,0,0,0,0,0,0,0,0,0,0,0,0
"Initial Heating Solution[Riviera,Wood,Moderate,MFH,PVno]",0.000337169,0.000337169,0.000337169,0.000337169,0.000337169,0.000337169,0.000337169,0.000337169,0.000337169,0.000337169,0.000337169,0.000337169,0.000337169,0.000337169,0.000337169
"Initial Heating Solution[Riviera,Wood,Moderate,MFH,PVyes]",0,0,0,0,0,0,0,0,0,0,0,0,0,0,0
"Initial Heating Solution[Riviera,Wood,Moderate,SFH,PVno]",24.3991,24.3991,24.3991,24.3991,24.3991,24.3991,24.3991,24.3991,24.3991,24.3991,24.3991,24.3991,24.3991,24.3991,24.3991
"Initial Heating Solution[Riviera,Wood,Moderate,SFH,PVyes]",0,0,0,0,0,0,0,0,0,0,0,0,0,0,0
"Initial Heating Solution[Riviera,Wood,High,DFH,PVno]",0.0802851,0.0802851,0.0802851,0.0802851,0.0802851,0.0802851,0.0802851,0.0802851,0.0802851,0.0802851,0.0802851,0.0802851,0.0802851,0.0802851,0.0802851
"Initial Heating Solution[Riviera,Wood,High,DFH,PVyes]",0,0,0,0,0,0,0,0,0,0,0,0,0,0,0
"Initial Heating Solution[Riviera,Wood,High,MFH,PVno]",8.01201E-06,8.01201E-06,8.01201E-06,8.01201E-06,8.01201E-06,8.01201E-06,8.01201E-06,8.01201E-06,8.01201E-06,8.01201E-06,8.01201E-06,8.01201E-06,8.01201E-06,8.01201E-06,8.01201E-06
"Initial Heating Solution[Riviera,Wood,High,MFH,PVyes]",0,0,0,0,0,0,0,0,0,0,0,0,0,0,0
"Initial Heating Solution[Riviera,Wood,High,SFH,PVno]",11.2924,11.2924,11.2924,11.2924,11.2924,11.2924,11.2924,11.2924,11.2924,11.2924,11.2924,11.2924,11.2924,11.2924,11.2924
"Initial Heating Solution[Riviera,Wood,High,SFH,PVyes]",0,0,0,0,0,0,0,0,0,0,0,0,0,0,0
"Initial Heating Solution[Riviera,Wood,VeryHigh,DFH,PVno]",0,0,0,0,0,0,0,0,0,0,0,0,0,0,0
"Initial Heating Solution[Riviera,Wood,VeryHigh,DFH,PVyes]",0,0,0,0,0,0,0,0,0,0,0,0,0,0,0
"Initial Heating Solution[Riviera,Wood,VeryHigh,MFH,PVno]",0,0,0,0,0,0,0,0,0,0,0,0,0,0,0
"Initial Heating Solution[Riviera,Wood,VeryHigh,MFH,PVyes]",0,0,0,0,0,0,0,0,0,0,0,0,0,0,0
"Initial Heating Solution[Riviera,Wood,VeryHigh,SFH,PVno]",1.52441,1.52441,1.52441,1.52441,1.52441,1.52441,1.52441,1.52441,1.52441,1.52441,1.52441,1.52441,1.52441,1.52441,1.52441
"Initial Heating Solution[Riviera,Wood,VeryHigh,SFH,PVyes]",0,0,0,0,0,0,0,0,0,0,0,0,0,0,0
"Initial Heating Solution[Riviera,WoodST,VeryLow,DFH,PVno]",0,0,0,0,0,0,0,0,0,0,0,0,0,0,0
"Initial Heating Solution[Riviera,WoodST,VeryLow,DFH,PVyes]",0,0,0,0,0,0,0,0,0,0,0,0,0,0,0
"Initial Heating Solution[Riviera,WoodST,VeryLow,MFH,PVno]",0,0,0,0,0,0,0,0,0,0,0,0,0,0,0
"Initial Heating Solution[Riviera,WoodST,VeryLow,MFH,PVyes]",0,0,0,0,0,0,0,0,0,0,0,0,0,0,0
"Initial Heating Solution[Riviera,WoodST,VeryLow,SFH,PVno]",16.4398,16.4398,16.4398,16.4398,16.4398,16.4398,16.4398,16.4398,16.4398,16.4398,16.4398,16.4398,16.4398,16.4398,16.4398
"Initial Heating Solution[Riviera,WoodST,VeryLow,SFH,PVyes]",0,0,0,0,0,0,0,0,0,0,0,0,0,0,0
"Initial Heating Solution[Riviera,WoodST,Low,DFH,PVno]",0,0,0,0,0,0,0,0,0,0,0,0,0,0,0
"Initial Heating Solution[Riviera,WoodST,Low,DFH,PVyes]",0,0,0,0,0,0,0,0,0,0,0,0,0,0,0
"Initial Heating Solution[Riviera,WoodST,Low,MFH,PVno]",0,0,0,0,0,0,0,0,0,0,0,0,0,0,0
"Initial Heating Solution[Riviera,WoodST,Low,MFH,PVyes]",0,0,0,0,0,0,0,0,0,0,0,0,0,0,0
"Initial Heating Solution[Riviera,WoodST,Low,SFH,PVno]",11.4176,11.4176,11.4176,11.4176,11.4176,11.4176,11.4176,11.4176,11.4176,11.4176,11.4176,11.4176,11.4176,11.4176,11.4176
"Initial Heating Solution[Riviera,WoodST,Low,SFH,PVyes]",0,0,0,0,0,0,0,0,0,0,0,0,0,0,0
"Initial Heating Solution[Riviera,WoodST,Moderate,DFH,PVno]",0,0,0,0,0,0,0,0,0,0,0,0,0,0,0
"Initial Heating Solution[Riviera,WoodST,Moderate,DFH,PVyes]",0,0,0,0,0,0,0,0,0,0,0,0,0,0,0
"Initial Heating Solution[Riviera,WoodST,Moderate,MFH,PVno]",0,0,0,0,0,0,0,0,0,0,0,0,0,0,0
"Initial Heating Solution[Riviera,WoodST,Moderate,MFH,PVyes]",0,0,0,0,0,0,0,0,0,0,0,0,0,0,0
"Initial Heating Solution[Riviera,WoodST,Moderate,SFH,PVno]",3.55878,3.55878,3.55878,3.55878,3.55878,3.55878,3.55878,3.55878,3.55878,3.55878,3.55878,3.55878,3.55878,3.55878,3.55878
"Initial Heating Solution[Riviera,WoodST,Moderate,SFH,PVyes]",0,0,0,0,0,0,0,0,0,0,0,0,0,0,0
"Initial Heating Solution[Riviera,WoodST,High,DFH,PVno]",0,0,0,0,0,0,0,0,0,0,0,0,0,0,0
"Initial Heating Solution[Riviera,WoodST,High,DFH,PVyes]",0,0,0,0,0,0,0,0,0,0,0,0,0,0,0
"Initial Heating Solution[Riviera,WoodST,High,MFH,PVno]",0,0,0,0,0,0,0,0,0,0,0,0,0,0,0
"Initial Heating Solution[Riviera,WoodST,High,MFH,PVyes]",0,0,0,0,0,0,0,0,0,0,0,0,0,0,0
"Initial Heating Solution[Riviera,WoodST,High,SFH,PVno]",3.49258,3.49258,3.49258,3.49258,3.49258,3.49258,3.49258,3.49258,3.49258,3.49258,3.49258,3.49258,3.49258,3.49258,3.49258
"Initial Heating Solution[Riviera,WoodST,High,SFH,PVyes]",0,0,0,0,0,0,0,0,0,0,0,0,0,0,0
"Initial Heating Solution[Riviera,WoodST,VeryHigh,DFH,PVno]",0,0,0,0,0,0,0,0,0,0,0,0,0,0,0
"Initial Heating Solution[Riviera,WoodST,VeryHigh,DFH,PVyes]",0,0,0,0,0,0,0,0,0,0,0,0,0,0,0
"Initial Heating Solution[Riviera,WoodST,VeryHigh,MFH,PVno]",0,0,0,0,0,0,0,0,0,0,0,0,0,0,0
"Initial Heating Solution[Riviera,WoodST,VeryHigh,MFH,PVyes]",0,0,0,0,0,0,0,0,0,0,0,0,0,0,0
"Initial Heating Solution[Riviera,WoodST,VeryHigh,SFH,PVno]",1.11047,1.11047,1.11047,1.11047,1.11047,1.11047,1.11047,1.11047,1.11047,1.11047,1.11047,1.11047,1.11047,1.11047,1.11047
"Initial Heating Solution[Riviera,WoodST,VeryHigh,SFH,PVyes]",0,0,0,0,0,0,0,0,0,0,0,0,0,0,0
"Initial Heating Solution[Riviera,GasST,VeryLow,DFH,PVno]",0,0,0,0,0,0,0,0,0,0,0,0,0,0,0
"Initial Heating Solution[Riviera,GasST,VeryLow,DFH,PVyes]",0,0,0,0,0,0,0,0,0,0,0,0,0,0,0
"Initial Heating Solution[Riviera,GasST,VeryLow,MFH,PVno]",0,0,0,0,0,0,0,0,0,0,0,0,0,0,0
"Initial Heating Solution[Riviera,GasST,VeryLow,MFH,PVyes]",0,0,0,0,0,0,0,0,0,0,0,0,0,0,0
"Initial Heating Solution[Riviera,GasST,VeryLow,SFH,PVno]",0,0,0,0,0,0,0,0,0,0,0,0,0,0,0
"Initial Heating Solution[Riviera,GasST,VeryLow,SFH,PVyes]",0,0,0,0,0,0,0,0,0,0,0,0,0,0,0
"Initial Heating Solution[Riviera,GasST,Low,DFH,PVno]",0,0,0,0,0,0,0,0,0,0,0,0,0,0,0
"Initial Heating Solution[Riviera,GasST,Low,DFH,PVyes]",0,0,0,0,0,0,0,0,0,0,0,0,0,0,0
"Initial Heating Solution[Riviera,GasST,Low,MFH,PVno]",0,0,0,0,0,0,0,0,0,0,0,0,0,0,0
"Initial Heating Solution[Riviera,GasST,Low,MFH,PVyes]",0,0,0,0,0,0,0,0,0,0,0,0,0,0,0
"Initial Heating Solution[Riviera,GasST,Low,SFH,PVno]",0,0,0,0,0,0,0,0,0,0,0,0,0,0,0
"Initial Heating Solution[Riviera,GasST,Low,SFH,PVyes]",0,0,0,0,0,0,0,0,0,0,0,0,0,0,0
"Initial Heating Solution[Riviera,GasST,Moderate,DFH,PVno]",0,0,0,0,0,0,0,0,0,0,0,0,0,0,0
"Initial Heating Solution[Riviera,GasST,Moderate,DFH,PVyes]",0,0,0,0,0,0,0,0,0,0,0,0,0,0,0
"Initial Heating Solution[Riviera,GasST,Moderate,MFH,PVno]",0,0,0,0,0,0,0,0,0,0,0,0,0,0,0
"Initial Heating Solution[Riviera,GasST,Moderate,MFH,PVyes]",0,0,0,0,0,0,0,0,0,0,0,0,0,0,0
"Initial Heating Solution[Riviera,GasST,Moderate,SFH,PVno]",0,0,0,0,0,0,0,0,0,0,0,0,0,0,0
"Initial Heating Solution[Riviera,GasST,Moderate,SFH,PVyes]",0,0,0,0,0,0,0,0,0,0,0,0,0,0,0
"Initial Heating Solution[Riviera,GasST,High,DFH,PVno]",0,0,0,0,0,0,0,0,0,0,0,0,0,0,0
"Initial Heating Solution[Riviera,GasST,High,DFH,PVyes]",0,0,0,0,0,0,0,0,0,0,0,0,0,0,0
"Initial Heating Solution[Riviera,GasST,High,MFH,PVno]",0,0,0,0,0,0,0,0,0,0,0,0,0,0,0
"Initial Heating Solution[Riviera,GasST,High,MFH,PVyes]",0,0,0,0,0,0,0,0,0,0,0,0,0,0,0
"Initial Heating Solution[Riviera,GasST,High,SFH,PVno]",0,0,0,0,0,0,0,0,0,0,0,0,0,0,0
"Initial Heating Solution[Riviera,GasST,High,SFH,PVyes]",0,0,0,0,0,0,0,0,0,0,0,0,0,0,0
"Initial Heating Solution[Riviera,GasST,VeryHigh,DFH,PVno]",0,0,0,0,0,0,0,0,0,0,0,0,0,0,0
"Initial Heating Solution[Riviera,GasST,VeryHigh,DFH,PVyes]",0,0,0,0,0,0,0,0,0,0,0,0,0,0,0
"Initial Heating Solution[Riviera,GasST,VeryHigh,MFH,PVno]",0,0,0,0,0,0,0,0,0,0,0,0,0,0,0
"Initial Heating Solution[Riviera,GasST,VeryHigh,MFH,PVyes]",0,0,0,0,0,0,0,0,0,0,0,0,0,0,0
"Initial Heating Solution[Riviera,GasST,VeryHigh,SFH,PVno]",0,0,0,0,0,0,0,0,0,0,0,0,0,0,0
"Initial Heating Solution[Riviera,GasST,VeryHigh,SFH,PVyes]",0,0,0,0,0,0,0,0,0,0,0,0,0,0,0
"Initial Heating Solution[Riviera,Pellet,VeryLow,DFH,PVno]",11.5111,11.5111,11.5111,11.5111,11.5111,11.5111,11.5111,11.5111,11.5111,11.5111,11.5111,11.5111,11.5111,11.5111,11.5111
"Initial Heating Solution[Riviera,Pellet,VeryLow,DFH,PVyes]",0,0,0,0,0,0,0,0,0,0,0,0,0,0,0
"Initial Heating Solution[Riviera,Pellet,VeryLow,MFH,PVno]",6.40705,6.40705,6.40705,6.40705,6.40705,6.40705,6.40705,6.40705,6.40705,6.40705,6.40705,6.40705,6.40705,6.40705,6.40705
"Initial Heating Solution[Riviera,Pellet,VeryLow,MFH,PVyes]",0,0,0,0,0,0,0,0,0,0,0,0,0,0,0
"Initial Heating Solution[Riviera,Pellet,VeryLow,SFH,PVno]",92.0561,92.0561,92.0561,92.0561,92.0561,92.0561,92.0561,92.0561,92.0561,92.0561,92.0561,92.0561,92.0561,92.0561,92.0561
"Initial Heating Solution[Riviera,Pellet,VeryLow,SFH,PVyes]",0,0,0,0,0,0,0,0,0,0,0,0,0,0,0
"Initial Heating Solution[Riviera,Pellet,Low,DFH,PVno]",0.548935,0.548935,0.548935,0.548935,0.548935,0.548935,0.548935,0.548935,0.548935,0.548935,0.548935,0.548935,0.548935,0.548935,0.548935
"Initial Heating Solution[Riviera,Pellet,Low,DFH,PVyes]",0,0,0,0,0,0,0,0,0,0,0,0,0,0,0
"Initial Heating Solution[Riviera,Pellet,Low,MFH,PVno]",0.0415331,0.0415331,0.0415331,0.0415331,0.0415331,0.0415331,0.0415331,0.0415331,0.0415331,0.0415331,0.0415331,0.0415331,0.0415331,0.0415331,0.0415331
"Initial Heating Solution[Riviera,Pellet,Low,MFH,PVyes]",0,0,0,0,0,0,0,0,0,0,0,0,0,0,0
"Initial Heating Solution[Riviera,Pellet,Low,SFH,PVno]",53.9944,53.9944,53.9944,53.9944,53.9944,53.9944,53.9944,53.9944,53.9944,53.9944,53.9944,53.9944,53.9944,53.9944,53.9944
"Initial Heating Solution[Riviera,Pellet,Low,SFH,PVyes]",0,0,0,0,0,0,0,0,0,0,0,0,0,0,0
"Initial Heating Solution[Riviera,Pellet,Moderate,DFH,PVno]",0.0706652,0.0706652,0.0706652,0.0706652,0.0706652,0.0706652,0.0706652,0.0706652,0.0706652,0.0706652,0.0706652,0.0706652,0.0706652,0.0706652,0.0706652
"Initial Heating Solution[Riviera,Pellet,Moderate,DFH,PVyes]",0,0,0,0,0,0,0,0,0,0,0,0,0,0,0
"Initial Heating Solution[Riviera,Pellet,Moderate,MFH,PVno]",9.47114E-05,9.47114E-05,9.47114E-05,9.47114E-05,9.47114E-05,9.47114E-05,9.47114E-05,9.47114E-05,9.47114E-05,9.47114E-05,9.47114E-05,9.47114E-05,9.47114E-05,9.47114E-05,9.47114E-05
"Initial Heating Solution[Riviera,Pellet,Moderate,MFH,PVyes]",0,0,0,0,0,0,0,0,0,0,0,0,0,0,0
"Initial Heating Solution[Riviera,Pellet,Moderate,SFH,PVno]",6.85376,6.85376,6.85376,6.85376,6.85376,6.85376,6.85376,6.85376,6.85376,6.85376,6.85376,6.85376,6.85376,6.85376,6.85376
"Initial Heating Solution[Riviera,Pellet,Moderate,SFH,PVyes]",0,0,0,0,0,0,0,0,0,0,0,0,0,0,0
"Initial Heating Solution[Riviera,Pellet,High,DFH,PVno]",0.0225522,0.0225522,0.0225522,0.0225522,0.0225522,0.0225522,0.0225522,0.0225522,0.0225522,0.0225522,0.0225522,0.0225522,0.0225522,0.0225522,0.0225522
"Initial Heating Solution[Riviera,Pellet,High,DFH,PVyes]",0,0,0,0,0,0,0,0,0,0,0,0,0,0,0
"Initial Heating Solution[Riviera,Pellet,High,MFH,PVno]",2.25059E-06,2.25059E-06,2.25059E-06,2.25059E-06,2.25059E-06,2.25059E-06,2.25059E-06,2.25059E-06,2.25059E-06,2.25059E-06,2.25059E-06,2.25059E-06,2.25059E-06,2.25059E-06,2.25059E-06
"Initial Heating Solution[Riviera,Pellet,High,MFH,PVyes]",0,0,0,0,0,0,0,0,0,0,0,0,0,0,0
"Initial Heating Solution[Riviera,Pellet,High,SFH,PVno]",3.17205,3.17205,3.17205,3.17205,3.17205,3.17205,3.17205,3.17205,3.17205,3.17205,3.17205,3.17205,3.17205,3.17205,3.17205
"Initial Heating Solution[Riviera,Pellet,High,SFH,PVyes]",0,0,0,0,0,0,0,0,0,0,0,0,0,0,0
"Initial Heating Solution[Riviera,Pellet,VeryHigh,DFH,PVno]",0,0,0,0,0,0,0,0,0,0,0,0,0,0,0
"Initial Heating Solution[Riviera,Pellet,VeryHigh,DFH,PVyes]",0,0,0,0,0,0,0,0,0,0,0,0,0,0,0
"Initial Heating Solution[Riviera,Pellet,VeryHigh,MFH,PVno]",0,0,0,0,0,0,0,0,0,0,0,0,0,0,0
"Initial Heating Solution[Riviera,Pellet,VeryHigh,MFH,PVyes]",0,0,0,0,0,0,0,0,0,0,0,0,0,0,0
"Initial Heating Solution[Riviera,Pellet,VeryHigh,SFH,PVno]",0.42821,0.42821,0.42821,0.42821,0.42821,0.42821,0.42821,0.42821,0.42821,0.42821,0.42821,0.42821,0.42821,0.42821,0.42821
"Initial Heating Solution[Riviera,Pellet,VeryHigh,SFH,PVyes]",0,0,0,0,0,0,0,0,0,0,0,0,0,0,0
"Initial Heating Solution[Vallemaggia,DH,VeryLow,DFH,PVno]",0.720026,0.720026,0.720026,0.720026,0.720026,0.720026,0.720026,0.720026,0.720026,0.720026,0.720026,0.720026,0.720026,0.720026,0.720026
"Initial Heating Solution[Vallemaggia,DH,VeryLow,DFH,PVyes]",0,0,0,0,0,0,0,0,0,0,0,0,0,0,0
"Initial Heating Solution[Vallemaggia,DH,VeryLow,MFH,PVno]",0,0,0,0,0,0,0,0,0,0,0,0,0,0,0
"Initial Heating Solution[Vallemaggia,DH,VeryLow,MFH,PVyes]",0,0,0,0,0,0,0,0,0,0,0,0,0,0,0
"Initial Heating Solution[Vallemaggia,DH,VeryLow,SFH,PVno]",4.32108,4.32108,4.32108,4.32108,4.32108,4.32108,4.32108,4.32108,4.32108,4.32108,4.32108,4.32108,4.32108,4.32108,4.32108
"Initial Heating Solution[Vallemaggia,DH,VeryLow,SFH,PVyes]",0,0,0,0,0,0,0,0,0,0,0,0,0,0,0
"Initial Heating Solution[Vallemaggia,DH,Low,DFH,PVno]",0.0035466,0.0035466,0.0035466,0.0035466,0.0035466,0.0035466,0.0035466,0.0035466,0.0035466,0.0035466,0.0035466,0.0035466,0.0035466,0.0035466,0.0035466
"Initial Heating Solution[Vallemaggia,DH,Low,DFH,PVyes]",0,0,0,0,0,0,0,0,0,0,0,0,0,0,0
"Initial Heating Solution[Vallemaggia,DH,Low,MFH,PVno]",0,0,0,0,0,0,0,0,0,0,0,0,0,0,0
"Initial Heating Solution[Vallemaggia,DH,Low,MFH,PVyes]",0,0,0,0,0,0,0,0,0,0,0,0,0,0,0
"Initial Heating Solution[Vallemaggia,DH,Low,SFH,PVno]",4.26123,4.26123,4.26123,4.26123,4.26123,4.26123,4.26123,4.26123,4.26123,4.26123,4.26123,4.26123,4.26123,4.26123,4.26123
"Initial Heating Solution[Vallemaggia,DH,Low,SFH,PVyes]",0,0,0,0,0,0,0,0,0,0,0,0,0,0,0
"Initial Heating Solution[Vallemaggia,DH,Moderate,DFH,PVno]",6.85843E-06,6.85843E-06,6.85843E-06,6.85843E-06,6.85843E-06,6.85843E-06,6.85843E-06,6.85843E-06,6.85843E-06,6.85843E-06,6.85843E-06,6.85843E-06,6.85843E-06,6.85843E-06,6.85843E-06
"Initial Heating Solution[Vallemaggia,DH,Moderate,DFH,PVyes]",0,0,0,0,0,0,0,0,0,0,0,0,0,0,0
"Initial Heating Solution[Vallemaggia,DH,Moderate,MFH,PVno]",0,0,0,0,0,0,0,0,0,0,0,0,0,0,0
"Initial Heating Solution[Vallemaggia,DH,Moderate,MFH,PVyes]",0,0,0,0,0,0,0,0,0,0,0,0,0,0,0
"Initial Heating Solution[Vallemaggia,DH,Moderate,SFH,PVno]",0.624821,0.624821,0.624821,0.624821,0.624821,0.624821,0.624821,0.624821,0.624821,0.624821,0.624821,0.624821,0.624821,0.624821,0.624821
"Initial Heating Solution[Vallemaggia,DH,Moderate,SFH,PVyes]",0,0,0,0,0,0,0,0,0,0,0,0,0,0,0
"Initial Heating Solution[Vallemaggia,DH,High,DFH,PVno]",1.49781E-07,1.49781E-07,1.49781E-07,1.49781E-07,1.49781E-07,1.49781E-07,1.49781E-07,1.49781E-07,1.49781E-07,1.49781E-07,1.49781E-07,1.49781E-07,1.49781E-07,1.49781E-07,1.49781E-07
"Initial Heating Solution[Vallemaggia,DH,High,DFH,PVyes]",0,0,0,0,0,0,0,0,0,0,0,0,0,0,0
"Initial Heating Solution[Vallemaggia,DH,High,MFH,PVno]",0,0,0,0,0,0,0,0,0,0,0,0,0,0,0
"Initial Heating Solution[Vallemaggia,DH,High,MFH,PVyes]",0,0,0,0,0,0,0,0,0,0,0,0,0,0,0
"Initial Heating Solution[Vallemaggia,DH,High,SFH,PVno]",0.199411,0.199411,0.199411,0.199411,0.199411,0.199411,0.199411,0.199411,0.199411,0.199411,0.199411,0.199411,0.199411,0.199411,0.199411
"Initial Heating Solution[Vallemaggia,DH,High,SFH,PVyes]",0,0,0,0,0,0,0,0,0,0,0,0,0,0,0
"Initial Heating Solution[Vallemaggia,DH,VeryHigh,DFH,PVno]",0,0,0,0,0,0,0,0,0,0,0,0,0,0,0
"Initial Heating Solution[Vallemaggia,DH,VeryHigh,DFH,PVyes]",0,0,0,0,0,0,0,0,0,0,0,0,0,0,0
"Initial Heating Solution[Vallemaggia,DH,VeryHigh,MFH,PVno]",0,0,0,0,0,0,0,0,0,0,0,0,0,0,0
"Initial Heating Solution[Vallemaggia,DH,VeryHigh,MFH,PVyes]",0,0,0,0,0,0,0,0,0,0,0,0,0,0,0
"Initial Heating Solution[Vallemaggia,DH,VeryHigh,SFH,PVno]",0,0,0,0,0,0,0,0,0,0,0,0,0,0,0
"Initial Heating Solution[Vallemaggia,DH,VeryHigh,SFH,PVyes]",0,0,0,0,0,0,0,0,0,0,0,0,0,0,0
"Initial Heating Solution[Vallemaggia,ElectricHeater,VeryLow,DFH,PVno]",111.201,111.201,111.201,111.201,111.201,111.201,111.201,111.201,111.201,111.201,111.201,111.201,111.201,111.201,111.201
"Initial Heating Solution[Vallemaggia,ElectricHeater,VeryLow,DFH,PVyes]",0,0,0,0,0,0,0,0,0,0,0,0,0,0,0
"Initial Heating Solution[Vallemaggia,ElectricHeater,VeryLow,MFH,PVno]",33.6394,33.6394,33.6394,33.6394,33.6394,33.6394,33.6394,33.6394,33.6394,33.6394,33.6394,33.6394,33.6394,33.6394,33.6394
"Initial Heating Solution[Vallemaggia,ElectricHeater,VeryLow,MFH,PVyes]",0,0,0,0,0,0,0,0,0,0,0,0,0,0,0
"Initial Heating Solution[Vallemaggia,ElectricHeater,VeryLow,SFH,PVno]",688.311,688.311,688.311,688.311,688.311,688.311,688.311,688.311,688.311,688.311,688.311,688.311,688.311,688.311,688.311
"Initial Heating Solution[Vallemaggia,ElectricHeater,VeryLow,SFH,PVyes]",0.0429014,0.0429014,0.0429014,0.0429014,0.0429014,0.0429014,0.0429014,0.0429014,0.0429014,0.0429014,0.0429014,0.0429014,0.0429014,0.0429014,0.0429014
"Initial Heating Solution[Vallemaggia,ElectricHeater,Low,DFH,PVno]",11.9971,11.9971,11.9971,11.9971,11.9971,11.9971,11.9971,11.9971,11.9971,11.9971,11.9971,11.9971,11.9971,11.9971,11.9971
"Initial Heating Solution[Vallemaggia,ElectricHeater,Low,DFH,PVyes]",0,0,0,0,0,0,0,0,0,0,0,0,0,0,0
"Initial Heating Solution[Vallemaggia,ElectricHeater,Low,MFH,PVno]",3.05857,3.05857,3.05857,3.05857,3.05857,3.05857,3.05857,3.05857,3.05857,3.05857,3.05857,3.05857,3.05857,3.05857,3.05857
"Initial Heating Solution[Vallemaggia,ElectricHeater,Low,MFH,PVyes]",0,0,0,0,0,0,0,0,0,0,0,0,0,0,0
"Initial Heating Solution[Vallemaggia,ElectricHeater,Low,SFH,PVno]",409.96,409.96,409.96,409.96,409.96,409.96,409.96,409.96,409.96,409.96,409.96,409.96,409.96,409.96,409.96
"Initial Heating Solution[Vallemaggia,ElectricHeater,Low,SFH,PVyes]",0.445943,0.445943,0.445943,0.445943,0.445943,0.445943,0.445943,0.445943,0.445943,0.445943,0.445943,0.445943,0.445943,0.445943,0.445943
"Initial Heating Solution[Vallemaggia,ElectricHeater,Moderate,DFH,PVno]",1.89587,1.89587,1.89587,1.89587,1.89587,1.89587,1.89587,1.89587,1.89587,1.89587,1.89587,1.89587,1.89587,1.89587,1.89587
"Initial Heating Solution[Vallemaggia,ElectricHeater,Moderate,DFH,PVyes]",0,0,0,0,0,0,0,0,0,0,0,0,0,0,0
"Initial Heating Solution[Vallemaggia,ElectricHeater,Moderate,MFH,PVno]",0.28641,0.28641,0.28641,0.28641,0.28641,0.28641,0.28641,0.28641,0.28641,0.28641,0.28641,0.28641,0.28641,0.28641,0.28641
"Initial Heating Solution[Vallemaggia,ElectricHeater,Moderate,MFH,PVyes]",0,0,0,0,0,0,0,0,0,0,0,0,0,0,0
"Initial Heating Solution[Vallemaggia,ElectricHeater,Moderate,SFH,PVno]",53.65,53.65,53.65,53.65,53.65,53.65,53.65,53.65,53.65,53.65,53.65,53.65,53.65,53.65,53.65
"Initial Heating Solution[Vallemaggia,ElectricHeater,Moderate,SFH,PVyes]",0.288285,0.288285,0.288285,0.288285,0.288285,0.288285,0.288285,0.288285,0.288285,0.288285,0.288285,0.288285,0.288285,0.288285,0.288285
"Initial Heating Solution[Vallemaggia,ElectricHeater,High,DFH,PVno]",0.61118,0.61118,0.61118,0.61118,0.61118,0.61118,0.61118,0.61118,0.61118,0.61118,0.61118,0.61118,0.61118,0.61118,0.61118
"Initial Heating Solution[Vallemaggia,ElectricHeater,High,DFH,PVyes]",0,0,0,0,0,0,0,0,0,0,0,0,0,0,0
"Initial Heating Solution[Vallemaggia,ElectricHeater,High,MFH,PVno]",0.0538624,0.0538624,0.0538624,0.0538624,0.0538624,0.0538624,0.0538624,0.0538624,0.0538624,0.0538624,0.0538624,0.0538624,0.0538624,0.0538624,0.0538624
"Initial Heating Solution[Vallemaggia,ElectricHeater,High,MFH,PVyes]",0,0,0,0,0,0,0,0,0,0,0,0,0,0,0
"Initial Heating Solution[Vallemaggia,ElectricHeater,High,SFH,PVno]",23.2325,23.2325,23.2325,23.2325,23.2325,23.2325,23.2325,23.2325,23.2325,23.2325,23.2325,23.2325,23.2325,23.2325,23.2325
"Initial Heating Solution[Vallemaggia,ElectricHeater,High,SFH,PVyes]",0.222871,0.222871,0.222871,0.222871,0.222871,0.222871,0.222871,0.222871,0.222871,0.222871,0.222871,0.222871,0.222871,0.222871,0.222871
"Initial Heating Solution[Vallemaggia,ElectricHeater,VeryHigh,DFH,PVno]",0,0,0,0,0,0,0,0,0,0,0,0,0,0,0
"Initial Heating Solution[Vallemaggia,ElectricHeater,VeryHigh,DFH,PVyes]",0,0,0,0,0,0,0,0,0,0,0,0,0,0,0
"Initial Heating Solution[Vallemaggia,ElectricHeater,VeryHigh,MFH,PVno]",0,0,0,0,0,0,0,0,0,0,0,0,0,0,0
"Initial Heating Solution[Vallemaggia,ElectricHeater,VeryHigh,MFH,PVyes]",0,0,0,0,0,0,0,0,0,0,0,0,0,0,0
"Initial Heating Solution[Vallemaggia,ElectricHeater,VeryHigh,SFH,PVno]",1.08998,1.08998,1.08998,1.08998,1.08998,1.08998,1.08998,1.08998,1.08998,1.08998,1.08998,1.08998,1.08998,1.08998,1.08998
"Initial Heating Solution[Vallemaggia,ElectricHeater,VeryHigh,SFH,PVyes]",0,0,0,0,0,0,0,0,0,0,0,0,0,0,0
"Initial Heating Solution[Vallemaggia,Gas,VeryLow,DFH,PVno]",2.06186,2.06186,2.06186,2.06186,2.06186,2.06186,2.06186,2.06186,2.06186,2.06186,2.06186,2.06186,2.06186,2.06186,2.06186
"Initial Heating Solution[Vallemaggia,Gas,VeryLow,DFH,PVyes]",0,0,0,0,0,0,0,0,0,0,0,0,0,0,0
"Initial Heating Solution[Vallemaggia,Gas,VeryLow,MFH,PVno]",1.0294,1.0294,1.0294,1.0294,1.0294,1.0294,1.0294,1.0294,1.0294,1.0294,1.0294,1.0294,1.0294,1.0294,1.0294
"Initial Heating Solution[Vallemaggia,Gas,VeryLow,MFH,PVyes]",0,0,0,0,0,0,0,0,0,0,0,0,0,0,0
"Initial Heating Solution[Vallemaggia,Gas,VeryLow,SFH,PVno]",25.4252,25.4252,25.4252,25.4252,25.4252,25.4252,25.4252,25.4252,25.4252,25.4252,25.4252,25.4252,25.4252,25.4252,25.4252
"Initial Heating Solution[Vallemaggia,Gas,VeryLow,SFH,PVyes]",0,0,0,0,0,0,0,0,0,0,0,0,0,0,0
"Initial Heating Solution[Vallemaggia,Gas,Low,DFH,PVno]",0.013631,0.013631,0.013631,0.013631,0.013631,0.013631,0.013631,0.013631,0.013631,0.013631,0.013631,0.013631,0.013631,0.013631,0.013631
"Initial Heating Solution[Vallemaggia,Gas,Low,DFH,PVyes]",0,0,0,0,0,0,0,0,0,0,0,0,0,0,0
"Initial Heating Solution[Vallemaggia,Gas,Low,MFH,PVno]",0.0083351,0.0083351,0.0083351,0.0083351,0.0083351,0.0083351,0.0083351,0.0083351,0.0083351,0.0083351,0.0083351,0.0083351,0.0083351,0.0083351,0.0083351
"Initial Heating Solution[Vallemaggia,Gas,Low,MFH,PVyes]",0,0,0,0,0,0,0,0,0,0,0,0,0,0,0
"Initial Heating Solution[Vallemaggia,Gas,Low,SFH,PVno]",13.9565,13.9565,13.9565,13.9565,13.9565,13.9565,13.9565,13.9565,13.9565,13.9565,13.9565,13.9565,13.9565,13.9565,13.9565
"Initial Heating Solution[Vallemaggia,Gas,Low,SFH,PVyes]",0,0,0,0,0,0,0,0,0,0,0,0,0,0,0
"Initial Heating Solution[Vallemaggia,Gas,Moderate,DFH,PVno]",3.13546E-05,3.13546E-05,3.13546E-05,3.13546E-05,3.13546E-05,3.13546E-05,3.13546E-05,3.13546E-05,3.13546E-05,3.13546E-05,3.13546E-05,3.13546E-05,3.13546E-05,3.13546E-05,3.13546E-05
"Initial Heating Solution[Vallemaggia,Gas,Moderate,DFH,PVyes]",0,0,0,0,0,0,0,0,0,0,0,0,0,0,0
"Initial Heating Solution[Vallemaggia,Gas,Moderate,MFH,PVno]",2.12315E-05,2.12315E-05,2.12315E-05,2.12315E-05,2.12315E-05,2.12315E-05,2.12315E-05,2.12315E-05,2.12315E-05,2.12315E-05,2.12315E-05,2.12315E-05,2.12315E-05,2.12315E-05,2.12315E-05
"Initial Heating Solution[Vallemaggia,Gas,Moderate,MFH,PVyes]",0,0,0,0,0,0,0,0,0,0,0,0,0,0,0
"Initial Heating Solution[Vallemaggia,Gas,Moderate,SFH,PVno]",0.934156,0.934156,0.934156,0.934156,0.934156,0.934156,0.934156,0.934156,0.934156,0.934156,0.934156,0.934156,0.934156,0.934156,0.934156
"Initial Heating Solution[Vallemaggia,Gas,Moderate,SFH,PVyes]",0,0,0,0,0,0,0,0,0,0,0,0,0,0,0
"Initial Heating Solution[Vallemaggia,Gas,High,DFH,PVno]",7.47706E-07,7.47706E-07,7.47706E-07,7.47706E-07,7.47706E-07,7.47706E-07,7.47706E-07,7.47706E-07,7.47706E-07,7.47706E-07,7.47706E-07,7.47706E-07,7.47706E-07,7.47706E-07,7.47706E-07
"Initial Heating Solution[Vallemaggia,Gas,High,DFH,PVyes]",0,0,0,0,0,0,0,0,0,0,0,0,0,0,0
"Initial Heating Solution[Vallemaggia,Gas,High,MFH,PVno]",5.31333E-07,5.31333E-07,5.31333E-07,5.31333E-07,5.31333E-07,5.31333E-07,5.31333E-07,5.31333E-07,5.31333E-07,5.31333E-07,5.31333E-07,5.31333E-07,5.31333E-07,5.31333E-07,5.31333E-07
"Initial Heating Solution[Vallemaggia,Gas,High,MFH,PVyes]",0,0,0,0,0,0,0,0,0,0,0,0,0,0,0
"Initial Heating Solution[Vallemaggia,Gas,High,SFH,PVno]",0.156808,0.156808,0.156808,0.156808,0.156808,0.156808,0.156808,0.156808,0.156808,0.156808,0.156808,0.156808,0.156808,0.156808,0.156808
"Initial Heating Solution[Vallemaggia,Gas,High,SFH,PVyes]",0,0,0,0,0,0,0,0,0,0,0,0,0,0,0
"Initial Heating Solution[Vallemaggia,Gas,VeryHigh,DFH,PVno]",0,0,0,0,0,0,0,0,0,0,0,0,0,0,0
"Initial Heating Solution[Vallemaggia,Gas,VeryHigh,DFH,PVyes]",0,0,0,0,0,0,0,0,0,0,0,0,0,0,0
"Initial Heating Solution[Vallemaggia,Gas,VeryHigh,MFH,PVno]",0,0,0,0,0,0,0,0,0,0,0,0,0,0,0
"Initial Heating Solution[Vallemaggia,Gas,VeryHigh,MFH,PVyes]",0,0,0,0,0,0,0,0,0,0,0,0,0,0,0
"Initial Heating Solution[Vallemaggia,Gas,VeryHigh,SFH,PVno]",0,0,0,0,0,0,0,0,0,0,0,0,0,0,0
"Initial Heating Solution[Vallemaggia,Gas,VeryHigh,SFH,PVyes]",0,0,0,0,0,0,0,0,0,0,0,0,0,0,0
"Initial Heating Solution[Vallemaggia,HPST,VeryLow,DFH,PVno]",0,0,0,0,0,0,0,0,0,0,0,0,0,0,0
"Initial Heating Solution[Vallemaggia,HPST,VeryLow,DFH,PVyes]",0,0,0,0,0,0,0,0,0,0,0,0,0,0,0
"Initial Heating Solution[Vallemaggia,HPST,VeryLow,MFH,PVno]",0,0,0,0,0,0,0,0,0,0,0,0,0,0,0
"Initial Heating Solution[Vallemaggia,HPST,VeryLow,MFH,PVyes]",0,0,0,0,0,0,0,0,0,0,0,0,0,0,0
"Initial Heating Solution[Vallemaggia,HPST,VeryLow,SFH,PVno]",1.12506,1.12506,1.12506,1.12506,1.12506,1.12506,1.12506,1.12506,1.12506,1.12506,1.12506,1.12506,1.12506,1.12506,1.12506
"Initial Heating Solution[Vallemaggia,HPST,VeryLow,SFH,PVyes]",0,0,0,0,0,0,0,0,0,0,0,0,0,0,0
"Initial Heating Solution[Vallemaggia,HPST,Low,DFH,PVno]",1.04539,1.04539,1.04539,1.04539,1.04539,1.04539,1.04539,1.04539,1.04539,1.04539,1.04539,1.04539,1.04539,1.04539,1.04539
"Initial Heating Solution[Vallemaggia,HPST,Low,DFH,PVyes]",0,0,0,0,0,0,0,0,0,0,0,0,0,0,0
"Initial Heating Solution[Vallemaggia,HPST,Low,MFH,PVno]",0,0,0,0,0,0,0,0,0,0,0,0,0,0,0
"Initial Heating Solution[Vallemaggia,HPST,Low,MFH,PVyes]",0,0,0,0,0,0,0,0,0,0,0,0,0,0,0
"Initial Heating Solution[Vallemaggia,HPST,Low,SFH,PVno]",2.64674,2.64674,2.64674,2.64674,2.64674,2.64674,2.64674,2.64674,2.64674,2.64674,2.64674,2.64674,2.64674,2.64674,2.64674
"Initial Heating Solution[Vallemaggia,HPST,Low,SFH,PVyes]",0,0,0,0,0,0,0,0,0,0,0,0,0,0,0
"Initial Heating Solution[Vallemaggia,HPST,Moderate,DFH,PVno]",0.500082,0.500082,0.500082,0.500082,0.500082,0.500082,0.500082,0.500082,0.500082,0.500082,0.500082,0.500082,0.500082,0.500082,0.500082
"Initial Heating Solution[Vallemaggia,HPST,Moderate,DFH,PVyes]",0,0,0,0,0,0,0,0,0,0,0,0,0,0,0
"Initial Heating Solution[Vallemaggia,HPST,Moderate,MFH,PVno]",0,0,0,0,0,0,0,0,0,0,0,0,0,0,0
"Initial Heating Solution[Vallemaggia,HPST,Moderate,MFH,PVyes]",0,0,0,0,0,0,0,0,0,0,0,0,0,0,0
"Initial Heating Solution[Vallemaggia,HPST,Moderate,SFH,PVno]",2.27732,2.27732,2.27732,2.27732,2.27732,2.27732,2.27732,2.27732,2.27732,2.27732,2.27732,2.27732,2.27732,2.27732,2.27732
"Initial Heating Solution[Vallemaggia,HPST,Moderate,SFH,PVyes]",0,0,0,0,0,0,0,0,0,0,0,0,0,0,0
"Initial Heating Solution[Vallemaggia,HPST,High,DFH,PVno]",0.285946,0.285946,0.285946,0.285946,0.285946,0.285946,0.285946,0.285946,0.285946,0.285946,0.285946,0.285946,0.285946,0.285946,0.285946
"Initial Heating Solution[Vallemaggia,HPST,High,DFH,PVyes]",0,0,0,0,0,0,0,0,0,0,0,0,0,0,0
"Initial Heating Solution[Vallemaggia,HPST,High,MFH,PVno]",0,0,0,0,0,0,0,0,0,0,0,0,0,0,0
"Initial Heating Solution[Vallemaggia,HPST,High,MFH,PVyes]",0,0,0,0,0,0,0,0,0,0,0,0,0,0,0
"Initial Heating Solution[Vallemaggia,HPST,High,SFH,PVno]",2.49961,2.49961,2.49961,2.49961,2.49961,2.49961,2.49961,2.49961,2.49961,2.49961,2.49961,2.49961,2.49961,2.49961,2.49961
"Initial Heating Solution[Vallemaggia,HPST,High,SFH,PVyes]",0,0,0,0,0,0,0,0,0,0,0,0,0,0,0
"Initial Heating Solution[Vallemaggia,HPST,VeryHigh,DFH,PVno]",0.0398647,0.0398647,0.0398647,0.0398647,0.0398647,0.0398647,0.0398647,0.0398647,0.0398647,0.0398647,0.0398647,0.0398647,0.0398647,0.0398647,0.0398647
"Initial Heating Solution[Vallemaggia,HPST,VeryHigh,DFH,PVyes]",0,0,0,0,0,0,0,0,0,0,0,0,0,0,0
"Initial Heating Solution[Vallemaggia,HPST,VeryHigh,MFH,PVno]",0,0,0,0,0,0,0,0,0,0,0,0,0,0,0
"Initial Heating Solution[Vallemaggia,HPST,VeryHigh,MFH,PVyes]",0,0,0,0,0,0,0,0,0,0,0,0,0,0,0
"Initial Heating Solution[Vallemaggia,HPST,VeryHigh,SFH,PVno]",0.807678,0.807678,0.807678,0.807678,0.807678,0.807678,0.807678,0.807678,0.807678,0.807678,0.807678,0.807678,0.807678,0.807678,0.807678
"Initial Heating Solution[Vallemaggia,HPST,VeryHigh,SFH,PVyes]",0,0,0,0,0,0,0,0,0,0,0,0,0,0,0
"Initial Heating Solution[Vallemaggia,HeatPump,VeryLow,DFH,PVno]",9.45575,9.45575,9.45575,9.45575,9.45575,9.45575,9.45575,9.45575,9.45575,9.45575,9.45575,9.45575,9.45575,9.45575,9.45575
"Initial Heating Solution[Vallemaggia,HeatPump,VeryLow,DFH,PVyes]",0,0,0,0,0,0,0,0,0,0,0,0,0,0,0
"Initial Heating Solution[Vallemaggia,HeatPump,VeryLow,MFH,PVno]",5.44968,5.44968,5.44968,5.44968,5.44968,5.44968,5.44968,5.44968,5.44968,5.44968,5.44968,5.44968,5.44968,5.44968,5.44968
"Initial Heating Solution[Vallemaggia,HeatPump,VeryLow,MFH,PVyes]",0,0,0,0,0,0,0,0,0,0,0,0,0,0,0
"Initial Heating Solution[Vallemaggia,HeatPump,VeryLow,SFH,PVno]",24.9533,24.9533,24.9533,24.9533,24.9533,24.9533,24.9533,24.9533,24.9533,24.9533,24.9533,24.9533,24.9533,24.9533,24.9533
"Initial Heating Solution[Vallemaggia,HeatPump,VeryLow,SFH,PVyes]",0,0,0,0,0,0,0,0,0,0,0,0,0,0,0
"Initial Heating Solution[Vallemaggia,HeatPump,Low,DFH,PVno]",5.48367,5.48367,5.48367,5.48367,5.48367,5.48367,5.48367,5.48367,5.48367,5.48367,5.48367,5.48367,5.48367,5.48367,5.48367
"Initial Heating Solution[Vallemaggia,HeatPump,Low,DFH,PVyes]",0,0,0,0,0,0,0,0,0,0,0,0,0,0,0
"Initial Heating Solution[Vallemaggia,HeatPump,Low,MFH,PVno]",0.162475,0.162475,0.162475,0.162475,0.162475,0.162475,0.162475,0.162475,0.162475,0.162475,0.162475,0.162475,0.162475,0.162475,0.162475
"Initial Heating Solution[Vallemaggia,HeatPump,Low,MFH,PVyes]",0,0,0,0,0,0,0,0,0,0,0,0,0,0,0
"Initial Heating Solution[Vallemaggia,HeatPump,Low,SFH,PVno]",32.763,32.763,32.763,32.763,32.763,32.763,32.763,32.763,32.763,32.763,32.763,32.763,32.763,32.763,32.763
"Initial Heating Solution[Vallemaggia,HeatPump,Low,SFH,PVyes]",0,0,0,0,0,0,0,0,0,0,0,0,0,0,0
"Initial Heating Solution[Vallemaggia,HeatPump,Moderate,DFH,PVno]",2.33623,2.33623,2.33623,2.33623,2.33623,2.33623,2.33623,2.33623,2.33623,2.33623,2.33623,2.33623,2.33623,2.33623,2.33623
"Initial Heating Solution[Vallemaggia,HeatPump,Moderate,DFH,PVyes]",0,0,0,0,0,0,0,0,0,0,0,0,0,0,0
"Initial Heating Solution[Vallemaggia,HeatPump,Moderate,MFH,PVno]",0.00160259,0.00160259,0.00160259,0.00160259,0.00160259,0.00160259,0.00160259,0.00160259,0.00160259,0.00160259,0.00160259,0.00160259,0.00160259,0.00160259,0.00160259
"Initial Heating Solution[Vallemaggia,HeatPump,Moderate,MFH,PVyes]",0,0,0,0,0,0,0,0,0,0,0,0,0,0,0
"Initial Heating Solution[Vallemaggia,HeatPump,Moderate,SFH,PVno]",20.2366,20.2366,20.2366,20.2366,20.2366,20.2366,20.2366,20.2366,20.2366,20.2366,20.2366,20.2366,20.2366,20.2366,20.2366
"Initial Heating Solution[Vallemaggia,HeatPump,Moderate,SFH,PVyes]",0,0,0,0,0,0,0,0,0,0,0,0,0,0,0
"Initial Heating Solution[Vallemaggia,HeatPump,High,DFH,PVno]",1.2777,1.2777,1.2777,1.2777,1.2777,1.2777,1.2777,1.2777,1.2777,1.2777,1.2777,1.2777,1.2777,1.2777,1.2777
"Initial Heating Solution[Vallemaggia,HeatPump,High,DFH,PVyes]",0,0,0,0,0,0,0,0,0,0,0,0,0,0,0
"Initial Heating Solution[Vallemaggia,HeatPump,High,MFH,PVno]",8.36095E-05,8.36095E-05,8.36095E-05,8.36095E-05,8.36095E-05,8.36095E-05,8.36095E-05,8.36095E-05,8.36095E-05,8.36095E-05,8.36095E-05,8.36095E-05,8.36095E-05,8.36095E-05,8.36095E-05
"Initial Heating Solution[Vallemaggia,HeatPump,High,MFH,PVyes]",0,0,0,0,0,0,0,0,0,0,0,0,0,0,0
"Initial Heating Solution[Vallemaggia,HeatPump,High,SFH,PVno]",20.5793,20.5793,20.5793,20.5793,20.5793,20.5793,20.5793,20.5793,20.5793,20.5793,20.5793,20.5793,20.5793,20.5793,20.5793
"Initial Heating Solution[Vallemaggia,HeatPump,High,SFH,PVyes]",0,0,0,0,0,0,0,0,0,0,0,0,0,0,0
"Initial Heating Solution[Vallemaggia,HeatPump,VeryHigh,DFH,PVno]",0.159459,0.159459,0.159459,0.159459,0.159459,0.159459,0.159459,0.159459,0.159459,0.159459,0.159459,0.159459,0.159459,0.159459,0.159459
"Initial Heating Solution[Vallemaggia,HeatPump,VeryHigh,DFH,PVyes]",0,0,0,0,0,0,0,0,0,0,0,0,0,0,0
"Initial Heating Solution[Vallemaggia,HeatPump,VeryHigh,MFH,PVno]",0,0,0,0,0,0,0,0,0,0,0,0,0,0,0
"Initial Heating Solution[Vallemaggia,HeatPump,VeryHigh,MFH,PVyes]",0,0,0,0,0,0,0,0,0,0,0,0,0,0,0
"Initial Heating Solution[Vallemaggia,HeatPump,VeryHigh,SFH,PVno]",6.2595,6.2595,6.2595,6.2595,6.2595,6.2595,6.2595,6.2595,6.2595,6.2595,6.2595,6.2595,6.2595,6.2595,6.2595
"Initial Heating Solution[Vallemaggia,HeatPump,VeryHigh,SFH,PVyes]",0,0,0,0,0,0,0,0,0,0,0,0,0,0,0
"Initial Heating Solution[Vallemaggia,Oil,VeryLow,DFH,PVno]",208.065,208.065,208.065,208.065,208.065,208.065,208.065,208.065,208.065,208.065,208.065,208.065,208.065,208.065,208.065
"Initial Heating Solution[Vallemaggia,Oil,VeryLow,DFH,PVyes]",0,0,0,0,0,0,0,0,0,0,0,0,0,0,0
"Initial Heating Solution[Vallemaggia,Oil,VeryLow,MFH,PVno]",68.481,68.481,68.481,68.481,68.481,68.481,68.481,68.481,68.481,68.481,68.481,68.481,68.481,68.481,68.481
"Initial Heating Solution[Vallemaggia,Oil,VeryLow,MFH,PVyes]",0,0,0,0,0,0,0,0,0,0,0,0,0,0,0
"Initial Heating Solution[Vallemaggia,Oil,VeryLow,SFH,PVno]",762.163,762.163,762.163,762.163,762.163,762.163,762.163,762.163,762.163,762.163,762.163,762.163,762.163,762.163,762.163
"Initial Heating Solution[Vallemaggia,Oil,VeryLow,SFH,PVyes]",0,0,0,0,0,0,0,0,0,0,0,0,0,0,0
"Initial Heating Solution[Vallemaggia,Oil,Low,DFH,PVno]",33.6662,33.6662,33.6662,33.6662,33.6662,33.6662,33.6662,33.6662,33.6662,33.6662,33.6662,33.6662,33.6662,33.6662,33.6662
"Initial Heating Solution[Vallemaggia,Oil,Low,DFH,PVyes]",0,0,0,0,0,0,0,0,0,0,0,0,0,0,0
"Initial Heating Solution[Vallemaggia,Oil,Low,MFH,PVno]",16.1698,16.1698,16.1698,16.1698,16.1698,16.1698,16.1698,16.1698,16.1698,16.1698,16.1698,16.1698,16.1698,16.1698,16.1698
"Initial Heating Solution[Vallemaggia,Oil,Low,MFH,PVyes]",0,0,0,0,0,0,0,0,0,0,0,0,0,0,0
"Initial Heating Solution[Vallemaggia,Oil,Low,SFH,PVno]",510.298,510.298,510.298,510.298,510.298,510.298,510.298,510.298,510.298,510.298,510.298,510.298,510.298,510.298,510.298
"Initial Heating Solution[Vallemaggia,Oil,Low,SFH,PVyes]",0,0,0,0,0,0,0,0,0,0,0,0,0,0,0
"Initial Heating Solution[Vallemaggia,Oil,Moderate,DFH,PVno]",7.81446,7.81446,7.81446,7.81446,7.81446,7.81446,7.81446,7.81446,7.81446,7.81446,7.81446,7.81446,7.81446,7.81446,7.81446
"Initial Heating Solution[Vallemaggia,Oil,Moderate,DFH,PVyes]",0,0,0,0,0,0,0,0,0,0,0,0,0,0,0
"Initial Heating Solution[Vallemaggia,Oil,Moderate,MFH,PVno]",4.34551,4.34551,4.34551,4.34551,4.34551,4.34551,4.34551,4.34551,4.34551,4.34551,4.34551,4.34551,4.34551,4.34551,4.34551
"Initial Heating Solution[Vallemaggia,Oil,Moderate,MFH,PVyes]",0,0,0,0,0,0,0,0,0,0,0,0,0,0,0
"Initial Heating Solution[Vallemaggia,Oil,Moderate,SFH,PVno]",85.394,85.394,85.394,85.394,85.394,85.394,85.394,85.394,85.394,85.394,85.394,85.394,85.394,85.394,85.394
"Initial Heating Solution[Vallemaggia,Oil,Moderate,SFH,PVyes]",0,0,0,0,0,0,0,0,0,0,0,0,0,0,0
"Initial Heating Solution[Vallemaggia,Oil,High,DFH,PVno]",3.33626,3.33626,3.33626,3.33626,3.33626,3.33626,3.33626,3.33626,3.33626,3.33626,3.33626,3.33626,3.33626,3.33626,3.33626
"Initial Heating Solution[Vallemaggia,Oil,High,DFH,PVyes]",0,0,0,0,0,0,0,0,0,0,0,0,0,0,0
"Initial Heating Solution[Vallemaggia,Oil,High,MFH,PVno]",1.89744,1.89744,1.89744,1.89744,1.89744,1.89744,1.89744,1.89744,1.89744,1.89744,1.89744,1.89744,1.89744,1.89744,1.89744
"Initial Heating Solution[Vallemaggia,Oil,High,MFH,PVyes]",0,0,0,0,0,0,0,0,0,0,0,0,0,0,0
"Initial Heating Solution[Vallemaggia,Oil,High,SFH,PVno]",45.4789,45.4789,45.4789,45.4789,45.4789,45.4789,45.4789,45.4789,45.4789,45.4789,45.4789,45.4789,45.4789,45.4789,45.4789
"Initial Heating Solution[Vallemaggia,Oil,High,SFH,PVyes]",0,0,0,0,0,0,0,0,0,0,0,0,0,0,0
"Initial Heating Solution[Vallemaggia,Oil,VeryHigh,DFH,PVno]",0.205442,0.205442,0.205442,0.205442,0.205442,0.205442,0.205442,0.205442,0.205442,0.205442,0.205442,0.205442,0.205442,0.205442,0.205442
"Initial Heating Solution[Vallemaggia,Oil,VeryHigh,DFH,PVyes]",0,0,0,0,0,0,0,0,0,0,0,0,0,0,0
"Initial Heating Solution[Vallemaggia,Oil,VeryHigh,MFH,PVno]",0.106517,0.106517,0.106517,0.106517,0.106517,0.106517,0.106517,0.106517,0.106517,0.106517,0.106517,0.106517,0.106517,0.106517,0.106517
"Initial Heating Solution[Vallemaggia,Oil,VeryHigh,MFH,PVyes]",0,0,0,0,0,0,0,0,0,0,0,0,0,0,0
"Initial Heating Solution[Vallemaggia,Oil,VeryHigh,SFH,PVno]",4.09903,4.09903,4.09903,4.09903,4.09903,4.09903,4.09903,4.09903,4.09903,4.09903,4.09903,4.09903,4.09903,4.09903,4.09903
"Initial Heating Solution[Vallemaggia,Oil,VeryHigh,SFH,PVyes]",0,0,0,0,0,0,0,0,0,0,0,0,0,0,0
"Initial Heating Solution[Vallemaggia,OilST,VeryLow,DFH,PVno]",0,0,0,0,0,0,0,0,0,0,0,0,0,0,0
"Initial Heating Solution[Vallemaggia,OilST,VeryLow,DFH,PVyes]",0,0,0,0,0,0,0,0,0,0,0,0,0,0,0
"Initial Heating Solution[Vallemaggia,OilST,VeryLow,MFH,PVno]",0,0,0,0,0,0,0,0,0,0,0,0,0,0,0
"Initial Heating Solution[Vallemaggia,OilST,VeryLow,MFH,PVyes]",0,0,0,0,0,0,0,0,0,0,0,0,0,0,0
"Initial Heating Solution[Vallemaggia,OilST,VeryLow,SFH,PVno]",4.87269,4.87269,4.87269,4.87269,4.87269,4.87269,4.87269,4.87269,4.87269,4.87269,4.87269,4.87269,4.87269,4.87269,4.87269
"Initial Heating Solution[Vallemaggia,OilST,VeryLow,SFH,PVyes]",0,0,0,0,0,0,0,0,0,0,0,0,0,0,0
"Initial Heating Solution[Vallemaggia,OilST,Low,DFH,PVno]",0,0,0,0,0,0,0,0,0,0,0,0,0,0,0
"Initial Heating Solution[Vallemaggia,OilST,Low,DFH,PVyes]",0,0,0,0,0,0,0,0,0,0,0,0,0,0,0
"Initial Heating Solution[Vallemaggia,OilST,Low,MFH,PVno]",0,0,0,0,0,0,0,0,0,0,0,0,0,0,0
"Initial Heating Solution[Vallemaggia,OilST,Low,MFH,PVyes]",0,0,0,0,0,0,0,0,0,0,0,0,0,0,0
"Initial Heating Solution[Vallemaggia,OilST,Low,SFH,PVno]",4.71917,4.71917,4.71917,4.71917,4.71917,4.71917,4.71917,4.71917,4.71917,4.71917,4.71917,4.71917,4.71917,4.71917,4.71917
"Initial Heating Solution[Vallemaggia,OilST,Low,SFH,PVyes]",0,0,0,0,0,0,0,0,0,0,0,0,0,0,0
"Initial Heating Solution[Vallemaggia,OilST,Moderate,DFH,PVno]",0,0,0,0,0,0,0,0,0,0,0,0,0,0,0
"Initial Heating Solution[Vallemaggia,OilST,Moderate,DFH,PVyes]",0,0,0,0,0,0,0,0,0,0,0,0,0,0,0
"Initial Heating Solution[Vallemaggia,OilST,Moderate,MFH,PVno]",0,0,0,0,0,0,0,0,0,0,0,0,0,0,0
"Initial Heating Solution[Vallemaggia,OilST,Moderate,MFH,PVyes]",0,0,0,0,0,0,0,0,0,0,0,0,0,0,0
"Initial Heating Solution[Vallemaggia,OilST,Moderate,SFH,PVno]",0.567634,0.567634,0.567634,0.567634,0.567634,0.567634,0.567634,0.567634,0.567634,0.567634,0.567634,0.567634,0.567634,0.567634,0.567634
"Initial Heating Solution[Vallemaggia,OilST,Moderate,SFH,PVyes]",0,0,0,0,0,0,0,0,0,0,0,0,0,0,0
"Initial Heating Solution[Vallemaggia,OilST,High,DFH,PVno]",0,0,0,0,0,0,0,0,0,0,0,0,0,0,0
"Initial Heating Solution[Vallemaggia,OilST,High,DFH,PVyes]",0,0,0,0,0,0,0,0,0,0,0,0,0,0,0
"Initial Heating Solution[Vallemaggia,OilST,High,MFH,PVno]",0,0,0,0,0,0,0,0,0,0,0,0,0,0,0
"Initial Heating Solution[Vallemaggia,OilST,High,MFH,PVyes]",0,0,0,0,0,0,0,0,0,0,0,0,0,0,0
"Initial Heating Solution[Vallemaggia,OilST,High,SFH,PVno]",0.13173,0.13173,0.13173,0.13173,0.13173,0.13173,0.13173,0.13173,0.13173,0.13173,0.13173,0.13173,0.13173,0.13173,0.13173
"Initial Heating Solution[Vallemaggia,OilST,High,SFH,PVyes]",0,0,0,0,0,0,0,0,0,0,0,0,0,0,0
"Initial Heating Solution[Vallemaggia,OilST,VeryHigh,DFH,PVno]",0,0,0,0,0,0,0,0,0,0,0,0,0,0,0
"Initial Heating Solution[Vallemaggia,OilST,VeryHigh,DFH,PVyes]",0,0,0,0,0,0,0,0,0,0,0,0,0,0,0
"Initial Heating Solution[Vallemaggia,OilST,VeryHigh,MFH,PVno]",0,0,0,0,0,0,0,0,0,0,0,0,0,0,0
"Initial Heating Solution[Vallemaggia,OilST,VeryHigh,MFH,PVyes]",0,0,0,0,0,0,0,0,0,0,0,0,0,0,0
"Initial Heating Solution[Vallemaggia,OilST,VeryHigh,SFH,PVno]",0,0,0,0,0,0,0,0,0,0,0,0,0,0,0
"Initial Heating Solution[Vallemaggia,OilST,VeryHigh,SFH,PVyes]",0,0,0,0,0,0,0,0,0,0,0,0,0,0,0
"Initial Heating Solution[Vallemaggia,Wood,VeryLow,DFH,PVno]",64.9674,64.9674,64.9674,64.9674,64.9674,64.9674,64.9674,64.9674,64.9674,64.9674,64.9674,64.9674,64.9674,64.9674,64.9674
"Initial Heating Solution[Vallemaggia,Wood,VeryLow,DFH,PVyes]",0,0,0,0,0,0,0,0,0,0,0,0,0,0,0
"Initial Heating Solution[Vallemaggia,Wood,VeryLow,MFH,PVno]",8.28794,8.28794,8.28794,8.28794,8.28794,8.28794,8.28794,8.28794,8.28794,8.28794,8.28794,8.28794,8.28794,8.28794,8.28794
"Initial Heating Solution[Vallemaggia,Wood,VeryLow,MFH,PVyes]",0,0,0,0,0,0,0,0,0,0,0,0,0,0,0
"Initial Heating Solution[Vallemaggia,Wood,VeryLow,SFH,PVno]",1020.45,1020.45,1020.45,1020.45,1020.45,1020.45,1020.45,1020.45,1020.45,1020.45,1020.45,1020.45,1020.45,1020.45,1020.45
"Initial Heating Solution[Vallemaggia,Wood,VeryLow,SFH,PVyes]",0,0,0,0,0,0,0,0,0,0,0,0,0,0,0
"Initial Heating Solution[Vallemaggia,Wood,Low,DFH,PVno]",1.03221,1.03221,1.03221,1.03221,1.03221,1.03221,1.03221,1.03221,1.03221,1.03221,1.03221,1.03221,1.03221,1.03221,1.03221
"Initial Heating Solution[Vallemaggia,Wood,Low,DFH,PVyes]",0,0,0,0,0,0,0,0,0,0,0,0,0,0,0
"Initial Heating Solution[Vallemaggia,Wood,Low,MFH,PVno]",0.488273,0.488273,0.488273,0.488273,0.488273,0.488273,0.488273,0.488273,0.488273,0.488273,0.488273,0.488273,0.488273,0.488273,0.488273
"Initial Heating Solution[Vallemaggia,Wood,Low,MFH,PVyes]",0,0,0,0,0,0,0,0,0,0,0,0,0,0,0
"Initial Heating Solution[Vallemaggia,Wood,Low,SFH,PVno]",464.582,464.582,464.582,464.582,464.582,464.582,464.582,464.582,464.582,464.582,464.582,464.582,464.582,464.582,464.582
"Initial Heating Solution[Vallemaggia,Wood,Low,SFH,PVyes]",0,0,0,0,0,0,0,0,0,0,0,0,0,0,0
"Initial Heating Solution[Vallemaggia,Wood,Moderate,DFH,PVno]",0.159481,0.159481,0.159481,0.159481,0.159481,0.159481,0.159481,0.159481,0.159481,0.159481,0.159481,0.159481,0.159481,0.159481,0.159481
"Initial Heating Solution[Vallemaggia,Wood,Moderate,DFH,PVyes]",0,0,0,0,0,0,0,0,0,0,0,0,0,0,0
"Initial Heating Solution[Vallemaggia,Wood,Moderate,MFH,PVno]",0.044963,0.044963,0.044963,0.044963,0.044963,0.044963,0.044963,0.044963,0.044963,0.044963,0.044963,0.044963,0.044963,0.044963,0.044963
"Initial Heating Solution[Vallemaggia,Wood,Moderate,MFH,PVyes]",0,0,0,0,0,0,0,0,0,0,0,0,0,0,0
"Initial Heating Solution[Vallemaggia,Wood,Moderate,SFH,PVno]",35.3053,35.3053,35.3053,35.3053,35.3053,35.3053,35.3053,35.3053,35.3053,35.3053,35.3053,35.3053,35.3053,35.3053,35.3053
"Initial Heating Solution[Vallemaggia,Wood,Moderate,SFH,PVyes]",0,0,0,0,0,0,0,0,0,0,0,0,0,0,0
"Initial Heating Solution[Vallemaggia,Wood,High,DFH,PVno]",0.0632124,0.0632124,0.0632124,0.0632124,0.0632124,0.0632124,0.0632124,0.0632124,0.0632124,0.0632124,0.0632124,0.0632124,0.0632124,0.0632124,0.0632124
"Initial Heating Solution[Vallemaggia,Wood,High,DFH,PVyes]",0,0,0,0,0,0,0,0,0,0,0,0,0,0,0
"Initial Heating Solution[Vallemaggia,Wood,High,MFH,PVno]",0.00846798,0.00846798,0.00846798,0.00846798,0.00846798,0.00846798,0.00846798,0.00846798,0.00846798,0.00846798,0.00846798,0.00846798,0.00846798,0.00846798,0.00846798
"Initial Heating Solution[Vallemaggia,Wood,High,MFH,PVyes]",0,0,0,0,0,0,0,0,0,0,0,0,0,0,0
"Initial Heating Solution[Vallemaggia,Wood,High,SFH,PVno]",12.0334,12.0334,12.0334,12.0334,12.0334,12.0334,12.0334,12.0334,12.0334,12.0334,12.0334,12.0334,12.0334,12.0334,12.0334
"Initial Heating Solution[Vallemaggia,Wood,High,SFH,PVyes]",0,0,0,0,0,0,0,0,0,0,0,0,0,0,0
"Initial Heating Solution[Vallemaggia,Wood,VeryHigh,DFH,PVno]",0,0,0,0,0,0,0,0,0,0,0,0,0,0,0
"Initial Heating Solution[Vallemaggia,Wood,VeryHigh,DFH,PVyes]",0,0,0,0,0,0,0,0,0,0,0,0,0,0,0
"Initial Heating Solution[Vallemaggia,Wood,VeryHigh,MFH,PVno]",0,0,0,0,0,0,0,0,0,0,0,0,0,0,0
"Initial Heating Solution[Vallemaggia,Wood,VeryHigh,MFH,PVyes]",0,0,0,0,0,0,0,0,0,0,0,0,0,0,0
"Initial Heating Solution[Vallemaggia,Wood,VeryHigh,SFH,PVno]",1.33386,1.33386,1.33386,1.33386,1.33386,1.33386,1.33386,1.33386,1.33386,1.33386,1.33386,1.33386,1.33386,1.33386,1.33386
"Initial Heating Solution[Vallemaggia,Wood,VeryHigh,SFH,PVyes]",0,0,0,0,0,0,0,0,0,0,0,0,0,0,0
"Initial Heating Solution[Vallemaggia,WoodST,VeryLow,DFH,PVno]",0,0,0,0,0,0,0,0,0,0,0,0,0,0,0
"Initial Heating Solution[Vallemaggia,WoodST,VeryLow,DFH,PVyes]",0,0,0,0,0,0,0,0,0,0,0,0,0,0,0
"Initial Heating Solution[Vallemaggia,WoodST,VeryLow,MFH,PVno]",0,0,0,0,0,0,0,0,0,0,0,0,0,0,0
"Initial Heating Solution[Vallemaggia,WoodST,VeryLow,MFH,PVyes]",0,0,0,0,0,0,0,0,0,0,0,0,0,0,0
"Initial Heating Solution[Vallemaggia,WoodST,VeryLow,SFH,PVno]",43.9314,43.9314,43.9314,43.9314,43.9314,43.9314,43.9314,43.9314,43.9314,43.9314,43.9314,43.9314,43.9314,43.9314,43.9314
"Initial Heating Solution[Vallemaggia,WoodST,VeryLow,SFH,PVyes]",0,0,0,0,0,0,0,0,0,0,0,0,0,0,0
"Initial Heating Solution[Vallemaggia,WoodST,Low,DFH,PVno]",0,0,0,0,0,0,0,0,0,0,0,0,0,0,0
"Initial Heating Solution[Vallemaggia,WoodST,Low,DFH,PVyes]",0,0,0,0,0,0,0,0,0,0,0,0,0,0,0
"Initial Heating Solution[Vallemaggia,WoodST,Low,MFH,PVno]",0,0,0,0,0,0,0,0,0,0,0,0,0,0,0
"Initial Heating Solution[Vallemaggia,WoodST,Low,MFH,PVyes]",0,0,0,0,0,0,0,0,0,0,0,0,0,0,0
"Initial Heating Solution[Vallemaggia,WoodST,Low,SFH,PVno]",27.0246,27.0246,27.0246,27.0246,27.0246,27.0246,27.0246,27.0246,27.0246,27.0246,27.0246,27.0246,27.0246,27.0246,27.0246
"Initial Heating Solution[Vallemaggia,WoodST,Low,SFH,PVyes]",0,0,0,0,0,0,0,0,0,0,0,0,0,0,0
"Initial Heating Solution[Vallemaggia,WoodST,Moderate,DFH,PVno]",0,0,0,0,0,0,0,0,0,0,0,0,0,0,0
"Initial Heating Solution[Vallemaggia,WoodST,Moderate,DFH,PVyes]",0,0,0,0,0,0,0,0,0,0,0,0,0,0,0
"Initial Heating Solution[Vallemaggia,WoodST,Moderate,MFH,PVno]",0,0,0,0,0,0,0,0,0,0,0,0,0,0,0
"Initial Heating Solution[Vallemaggia,WoodST,Moderate,MFH,PVyes]",0,0,0,0,0,0,0,0,0,0,0,0,0,0,0
"Initial Heating Solution[Vallemaggia,WoodST,Moderate,SFH,PVno]",7.29337,7.29337,7.29337,7.29337,7.29337,7.29337,7.29337,7.29337,7.29337,7.29337,7.29337,7.29337,7.29337,7.29337,7.29337
"Initial Heating Solution[Vallemaggia,WoodST,Moderate,SFH,PVyes]",0,0,0,0,0,0,0,0,0,0,0,0,0,0,0
"Initial Heating Solution[Vallemaggia,WoodST,High,DFH,PVno]",0,0,0,0,0,0,0,0,0,0,0,0,0,0,0
"Initial Heating Solution[Vallemaggia,WoodST,High,DFH,PVyes]",0,0,0,0,0,0,0,0,0,0,0,0,0,0,0
"Initial Heating Solution[Vallemaggia,WoodST,High,MFH,PVno]",0,0,0,0,0,0,0,0,0,0,0,0,0,0,0
"Initial Heating Solution[Vallemaggia,WoodST,High,MFH,PVyes]",0,0,0,0,0,0,0,0,0,0,0,0,0,0,0
"Initial Heating Solution[Vallemaggia,WoodST,High,SFH,PVno]",7.00502,7.00502,7.00502,7.00502,7.00502,7.00502,7.00502,7.00502,7.00502,7.00502,7.00502,7.00502,7.00502,7.00502,7.00502
"Initial Heating Solution[Vallemaggia,WoodST,High,SFH,PVyes]",0,0,0,0,0,0,0,0,0,0,0,0,0,0,0
"Initial Heating Solution[Vallemaggia,WoodST,VeryHigh,DFH,PVno]",0,0,0,0,0,0,0,0,0,0,0,0,0,0,0
"Initial Heating Solution[Vallemaggia,WoodST,VeryHigh,DFH,PVyes]",0,0,0,0,0,0,0,0,0,0,0,0,0,0,0
"Initial Heating Solution[Vallemaggia,WoodST,VeryHigh,MFH,PVno]",0,0,0,0,0,0,0,0,0,0,0,0,0,0,0
"Initial Heating Solution[Vallemaggia,WoodST,VeryHigh,MFH,PVyes]",0,0,0,0,0,0,0,0,0,0,0,0,0,0,0
"Initial Heating Solution[Vallemaggia,WoodST,VeryHigh,SFH,PVno]",2.22094,2.22094,2.22094,2.22094,2.22094,2.22094,2.22094,2.22094,2.22094,2.22094,2.22094,2.22094,2.22094,2.22094,2.22094
"Initial Heating Solution[Vallemaggia,WoodST,VeryHigh,SFH,PVyes]",0,0,0,0,0,0,0,0,0,0,0,0,0,0,0
"Initial Heating Solution[Vallemaggia,GasST,VeryLow,DFH,PVno]",0,0,0,0,0,0,0,0,0,0,0,0,0,0,0
"Initial Heating Solution[Vallemaggia,GasST,VeryLow,DFH,PVyes]",0,0,0,0,0,0,0,0,0,0,0,0,0,0,0
"Initial Heating Solution[Vallemaggia,GasST,VeryLow,MFH,PVno]",0,0,0,0,0,0,0,0,0,0,0,0,0,0,0
"Initial Heating Solution[Vallemaggia,GasST,VeryLow,MFH,PVyes]",0,0,0,0,0,0,0,0,0,0,0,0,0,0,0
"Initial Heating Solution[Vallemaggia,GasST,VeryLow,SFH,PVno]",0,0,0,0,0,0,0,0,0,0,0,0,0,0,0
"Initial Heating Solution[Vallemaggia,GasST,VeryLow,SFH,PVyes]",0,0,0,0,0,0,0,0,0,0,0,0,0,0,0
"Initial Heating Solution[Vallemaggia,GasST,Low,DFH,PVno]",0,0,0,0,0,0,0,0,0,0,0,0,0,0,0
"Initial Heating Solution[Vallemaggia,GasST,Low,DFH,PVyes]",0,0,0,0,0,0,0,0,0,0,0,0,0,0,0
"Initial Heating Solution[Vallemaggia,GasST,Low,MFH,PVno]",0,0,0,0,0,0,0,0,0,0,0,0,0,0,0
"Initial Heating Solution[Vallemaggia,GasST,Low,MFH,PVyes]",0,0,0,0,0,0,0,0,0,0,0,0,0,0,0
"Initial Heating Solution[Vallemaggia,GasST,Low,SFH,PVno]",0,0,0,0,0,0,0,0,0,0,0,0,0,0,0
"Initial Heating Solution[Vallemaggia,GasST,Low,SFH,PVyes]",0,0,0,0,0,0,0,0,0,0,0,0,0,0,0
"Initial Heating Solution[Vallemaggia,GasST,Moderate,DFH,PVno]",0,0,0,0,0,0,0,0,0,0,0,0,0,0,0
"Initial Heating Solution[Vallemaggia,GasST,Moderate,DFH,PVyes]",0,0,0,0,0,0,0,0,0,0,0,0,0,0,0
"Initial Heating Solution[Vallemaggia,GasST,Moderate,MFH,PVno]",0,0,0,0,0,0,0,0,0,0,0,0,0,0,0
"Initial Heating Solution[Vallemaggia,GasST,Moderate,MFH,PVyes]",0,0,0,0,0,0,0,0,0,0,0,0,0,0,0
"Initial Heating Solution[Vallemaggia,GasST,Moderate,SFH,PVno]",0,0,0,0,0,0,0,0,0,0,0,0,0,0,0
"Initial Heating Solution[Vallemaggia,GasST,Moderate,SFH,PVyes]",0,0,0,0,0,0,0,0,0,0,0,0,0,0,0
"Initial Heating Solution[Vallemaggia,GasST,High,DFH,PVno]",0,0,0,0,0,0,0,0,0,0,0,0,0,0,0
"Initial Heating Solution[Vallemaggia,GasST,High,DFH,PVyes]",0,0,0,0,0,0,0,0,0,0,0,0,0,0,0
"Initial Heating Solution[Vallemaggia,GasST,High,MFH,PVno]",0,0,0,0,0,0,0,0,0,0,0,0,0,0,0
"Initial Heating Solution[Vallemaggia,GasST,High,MFH,PVyes]",0,0,0,0,0,0,0,0,0,0,0,0,0,0,0
"Initial Heating Solution[Vallemaggia,GasST,High,SFH,PVno]",0,0,0,0,0,0,0,0,0,0,0,0,0,0,0
"Initial Heating Solution[Vallemaggia,GasST,High,SFH,PVyes]",0,0,0,0,0,0,0,0,0,0,0,0,0,0,0
"Initial Heating Solution[Vallemaggia,GasST,VeryHigh,DFH,PVno]",0,0,0,0,0,0,0,0,0,0,0,0,0,0,0
"Initial Heating Solution[Vallemaggia,GasST,VeryHigh,DFH,PVyes]",0,0,0,0,0,0,0,0,0,0,0,0,0,0,0
"Initial Heating Solution[Vallemaggia,GasST,VeryHigh,MFH,PVno]",0,0,0,0,0,0,0,0,0,0,0,0,0,0,0
"Initial Heating Solution[Vallemaggia,GasST,VeryHigh,MFH,PVyes]",0,0,0,0,0,0,0,0,0,0,0,0,0,0,0
"Initial Heating Solution[Vallemaggia,GasST,VeryHigh,SFH,PVno]",0,0,0,0,0,0,0,0,0,0,0,0,0,0,0
"Initial Heating Solution[Vallemaggia,GasST,VeryHigh,SFH,PVyes]",0,0,0,0,0,0,0,0,0,0,0,0,0,0,0
"Initial Heating Solution[Vallemaggia,Pellet,VeryLow,DFH,PVno]",18.2495,18.2495,18.2495,18.2495,18.2495,18.2495,18.2495,18.2495,18.2495,18.2495,18.2495,18.2495,18.2495,18.2495,18.2495
"Initial Heating Solution[Vallemaggia,Pellet,VeryLow,DFH,PVyes]",0,0,0,0,0,0,0,0,0,0,0,0,0,0,0
"Initial Heating Solution[Vallemaggia,Pellet,VeryLow,MFH,PVno]",2.3281,2.3281,2.3281,2.3281,2.3281,2.3281,2.3281,2.3281,2.3281,2.3281,2.3281,2.3281,2.3281,2.3281,2.3281
"Initial Heating Solution[Vallemaggia,Pellet,VeryLow,MFH,PVyes]",0,0,0,0,0,0,0,0,0,0,0,0,0,0,0
"Initial Heating Solution[Vallemaggia,Pellet,VeryLow,SFH,PVno]",286.647,286.647,286.647,286.647,286.647,286.647,286.647,286.647,286.647,286.647,286.647,286.647,286.647,286.647,286.647
"Initial Heating Solution[Vallemaggia,Pellet,VeryLow,SFH,PVyes]",0,0,0,0,0,0,0,0,0,0,0,0,0,0,0
"Initial Heating Solution[Vallemaggia,Pellet,Low,DFH,PVno]",0.289949,0.289949,0.289949,0.289949,0.289949,0.289949,0.289949,0.289949,0.289949,0.289949,0.289949,0.289949,0.289949,0.289949,0.289949
"Initial Heating Solution[Vallemaggia,Pellet,Low,DFH,PVyes]",0,0,0,0,0,0,0,0,0,0,0,0,0,0,0
"Initial Heating Solution[Vallemaggia,Pellet,Low,MFH,PVno]",0.137157,0.137157,0.137157,0.137157,0.137157,0.137157,0.137157,0.137157,0.137157,0.137157,0.137157,0.137157,0.137157,0.137157,0.137157
"Initial Heating Solution[Vallemaggia,Pellet,Low,MFH,PVyes]",0,0,0,0,0,0,0,0,0,0,0,0,0,0,0
"Initial Heating Solution[Vallemaggia,Pellet,Low,SFH,PVno]",130.502,130.502,130.502,130.502,130.502,130.502,130.502,130.502,130.502,130.502,130.502,130.502,130.502,130.502,130.502
"Initial Heating Solution[Vallemaggia,Pellet,Low,SFH,PVyes]",0,0,0,0,0,0,0,0,0,0,0,0,0,0,0
"Initial Heating Solution[Vallemaggia,Pellet,Moderate,DFH,PVno]",0.0447985,0.0447985,0.0447985,0.0447985,0.0447985,0.0447985,0.0447985,0.0447985,0.0447985,0.0447985,0.0447985,0.0447985,0.0447985,0.0447985,0.0447985
"Initial Heating Solution[Vallemaggia,Pellet,Moderate,DFH,PVyes]",0,0,0,0,0,0,0,0,0,0,0,0,0,0,0
"Initial Heating Solution[Vallemaggia,Pellet,Moderate,MFH,PVno]",0.0126302,0.0126302,0.0126302,0.0126302,0.0126302,0.0126302,0.0126302,0.0126302,0.0126302,0.0126302,0.0126302,0.0126302,0.0126302,0.0126302,0.0126302
"Initial Heating Solution[Vallemaggia,Pellet,Moderate,MFH,PVyes]",0,0,0,0,0,0,0,0,0,0,0,0,0,0,0
"Initial Heating Solution[Vallemaggia,Pellet,Moderate,SFH,PVno]",9.91732,9.91732,9.91732,9.91732,9.91732,9.91732,9.91732,9.91732,9.91732,9.91732,9.91732,9.91732,9.91732,9.91732,9.91732
"Initial Heating Solution[Vallemaggia,Pellet,Moderate,SFH,PVyes]",0,0,0,0,0,0,0,0,0,0,0,0,0,0,0
"Initial Heating Solution[Vallemaggia,Pellet,High,DFH,PVno]",0.0177565,0.0177565,0.0177565,0.0177565,0.0177565,0.0177565,0.0177565,0.0177565,0.0177565,0.0177565,0.0177565,0.0177565,0.0177565,0.0177565,0.0177565
"Initial Heating Solution[Vallemaggia,Pellet,High,DFH,PVyes]",0,0,0,0,0,0,0,0,0,0,0,0,0,0,0
"Initial Heating Solution[Vallemaggia,Pellet,High,MFH,PVno]",0.00237867,0.00237867,0.00237867,0.00237867,0.00237867,0.00237867,0.00237867,0.00237867,0.00237867,0.00237867,0.00237867,0.00237867,0.00237867,0.00237867,0.00237867
"Initial Heating Solution[Vallemaggia,Pellet,High,MFH,PVyes]",0,0,0,0,0,0,0,0,0,0,0,0,0,0,0
"Initial Heating Solution[Vallemaggia,Pellet,High,SFH,PVno]",3.3802,3.3802,3.3802,3.3802,3.3802,3.3802,3.3802,3.3802,3.3802,3.3802,3.3802,3.3802,3.3802,3.3802,3.3802
"Initial Heating Solution[Vallemaggia,Pellet,High,SFH,PVyes]",0,0,0,0,0,0,0,0,0,0,0,0,0,0,0
"Initial Heating Solution[Vallemaggia,Pellet,VeryHigh,DFH,PVno]",0,0,0,0,0,0,0,0,0,0,0,0,0,0,0
"Initial Heating Solution[Vallemaggia,Pellet,VeryHigh,DFH,PVyes]",0,0,0,0,0,0,0,0,0,0,0,0,0,0,0
"Initial Heating Solution[Vallemaggia,Pellet,VeryHigh,MFH,PVno]",0,0,0,0,0,0,0,0,0,0,0,0,0,0,0
"Initial Heating Solution[Vallemaggia,Pellet,VeryHigh,MFH,PVyes]",0,0,0,0,0,0,0,0,0,0,0,0,0,0,0
"Initial Heating Solution[Vallemaggia,Pellet,VeryHigh,SFH,PVno]",0.374684,0.374684,0.374684,0.374684,0.374684,0.374684,0.374684,0.374684,0.374684,0.374684,0.374684,0.374684,0.374684,0.374684,0.374684
"Initial Heating Solution[Vallemaggia,Pellet,VeryHigh,SFH,PVyes]",0,0,0,0,0,0,0,0,0,0,0,0,0,0,0
"Res buildings i[VeryLow,Bellinzona,DFH,PVno]",1747.81,1747.81,1747.81,1747.81,1747.81,1747.81,1747.81,1747.81,1747.81,1747.81,1747.81,1747.81,1747.81,1747.81,1747.81
"Res buildings i[VeryLow,Bellinzona,DFH,PVyes]",1.59423,1.59423,1.59423,1.59423,1.59423,1.59423,1.59423,1.59423,1.59423,1.59423,1.59423,1.59423,1.59423,1.59423,1.59423
"Res buildings i[VeryLow,Bellinzona,MFH,PVno]",1377.24,1377.24,1377.24,1377.24,1377.24,1377.24,1377.24,1377.24,1377.24,1377.24,1377.24,1377.24,1377.24,1377.24,1377.24
"Res buildings i[VeryLow,Bellinzona,MFH,PVyes]",1.98704,1.98704,1.98704,1.98704,1.98704,1.98704,1.98704,1.98704,1.98704,1.98704,1.98704,1.98704,1.98704,1.98704,1.98704
"Res buildings i[VeryLow,Bellinzona,SFH,PVno]",3875,3875,3875,3875,3875,3875,3875,3875,3875,3875,3875,3875,3875,3875,3875
"Res buildings i[VeryLow,Bellinzona,SFH,PVyes]",2.0971,2.0971,2.0971,2.0971,2.0971,2.0971,2.0971,2.0971,2.0971,2.0971,2.0971,2.0971,2.0971,2.0971,2.0971
"Res buildings i[VeryLow,Blenio,DFH,PVno]",512.074,512.074,512.074,512.074,512.074,512.074,512.074,512.074,512.074,512.074,512.074,512.074,512.074,512.074,512.074
"Res buildings i[VeryLow,Blenio,DFH,PVyes]",0,0,0,0,0,0,0,0,0,0,0,0,0,0,0
"Res buildings i[VeryLow,Blenio,MFH,PVno]",197.424,197.424,197.424,197.424,197.424,197.424,197.424,197.424,197.424,197.424,197.424,197.424,197.424,197.424,197.424
"Res buildings i[VeryLow,Blenio,MFH,PVyes]",0,0,0,0,0,0,0,0,0,0,0,0,0,0,0
"Res buildings i[VeryLow,Blenio,SFH,PVno]",2811.12,2811.12,2811.12,2811.12,2811.12,2811.12,2811.12,2811.12,2811.12,2811.12,2811.12,2811.12,2811.12,2811.12,2811.12
"Res buildings i[VeryLow,Blenio,SFH,PVyes]",0.756564,0.756564,0.756564,0.756564,0.756564,0.756564,0.756564,0.756564,0.756564,0.756564,0.756564,0.756564,0.756564,0.756564,0.756564
"Res buildings i[VeryLow,Leventina,DFH,PVno]",809.426,809.426,809.426,809.426,809.426,809.426,809.426,809.426,809.426,809.426,809.426,809.426,809.426,809.426,809.426
"Res buildings i[VeryLow,Leventina,DFH,PVyes]",0,0,0,0,0,0,0,0,0,0,0,0,0,0,0
"Res buildings i[VeryLow,Leventina,MFH,PVno]",496.539,496.539,496.539,496.539,496.539,496.539,496.539,496.539,496.539,496.539,496.539,496.539,496.539,496.539,496.539
"Res buildings i[VeryLow,Leventina,MFH,PVyes]",0,0,0,0,0,0,0,0,0,0,0,0,0,0,0
"Res buildings i[VeryLow,Leventina,SFH,PVno]",2610.72,2610.72,2610.72,2610.72,2610.72,2610.72,2610.72,2610.72,2610.72,2610.72,2610.72,2610.72,2610.72,2610.72,2610.72
"Res buildings i[VeryLow,Leventina,SFH,PVyes]",1.26936,1.26936,1.26936,1.26936,1.26936,1.26936,1.26936,1.26936,1.26936,1.26936,1.26936,1.26936,1.26936,1.26936,1.26936
"Res buildings i[VeryLow,Locarno,DFH,PVno]",3065.17,3065.17,3065.17,3065.17,3065.17,3065.17,3065.17,3065.17,3065.17,3065.17,3065.17,3065.17,3065.17,3065.17,3065.17
"Res buildings i[VeryLow,Locarno,DFH,PVyes]",2.3653,2.3653,2.3653,2.3653,2.3653,2.3653,2.3653,2.3653,2.3653,2.3653,2.3653,2.3653,2.3653,2.3653,2.3653
"Res buildings i[VeryLow,Locarno,MFH,PVno]",2657.77,2657.77,2657.77,2657.77,2657.77,2657.77,2657.77,2657.77,2657.77,2657.77,2657.77,2657.77,2657.77,2657.77,2657.77
"Res buildings i[VeryLow,Locarno,MFH,PVyes]",2.9799,2.9799,2.9799,2.9799,2.9799,2.9799,2.9799,2.9799,2.9799,2.9799,2.9799,2.9799,2.9799,2.9799,2.9799
"Res buildings i[VeryLow,Locarno,SFH,PVno]",6465.6,6465.6,6465.6,6465.6,6465.6,6465.6,6465.6,6465.6,6465.6,6465.6,6465.6,6465.6,6465.6,6465.6,6465.6
"Res buildings i[VeryLow,Locarno,SFH,PVyes]",5.30964,5.30964,5.30964,5.30964,5.30964,5.30964,5.30964,5.30964,5.30964,5.30964,5.30964,5.30964,5.30964,5.30964,5.30964
"Res buildings i[VeryLow,Lugano,DFH,PVno]",4860.19,4860.19,4860.19,4860.19,4860.19,4860.19,4860.19,4860.19,4860.19,4860.19,4860.19,4860.19,4860.19,4860.19,4860.19
"Res buildings i[VeryLow,Lugano,DFH,PVyes]",0.154832,0.154832,0.154832,0.154832,0.154832,0.154832,0.154832,0.154832,0.154832,0.154832,0.154832,0.154832,0.154832,0.154832,0.154832
"Res buildings i[VeryLow,Lugano,MFH,PVno]",4799.84,4799.84,4799.84,4799.84,4799.84,4799.84,4799.84,4799.84,4799.84,4799.84,4799.84,4799.84,4799.84,4799.84,4799.84
"Res buildings i[VeryLow,Lugano,MFH,PVyes]",3.97185,3.97185,3.97185,3.97185,3.97185,3.97185,3.97185,3.97185,3.97185,3.97185,3.97185,3.97185,3.97185,3.97185,3.97185
"Res buildings i[VeryLow,Lugano,SFH,PVno]",9397.97,9397.97,9397.97,9397.97,9397.97,9397.97,9397.97,9397.97,9397.97,9397.97,9397.97,9397.97,9397.97,9397.97,9397.97
"Res buildings i[VeryLow,Lugano,SFH,PVyes]",6.56575,6.56575,6.56575,6.56575,6.56575,6.56575,6.56575,6.56575,6.56575,6.56575,6.56575,6.56575,6.56575,6.56575,6.56575
"Res buildings i[VeryLow,Mendrisio,DFH,PVno]",1838.88,1838.88,1838.88,1838.88,1838.88,1838.88,1838.88,1838.88,1838.88,1838.88,1838.88,1838.88,1838.88,1838.88,1838.88
"Res buildings i[VeryLow,Mendrisio,DFH,PVyes]",0,0,0,0,0,0,0,0,0,0,0,0,0,0,0
"Res buildings i[VeryLow,Mendrisio,MFH,PVno]",1793.71,1793.71,1793.71,1793.71,1793.71,1793.71,1793.71,1793.71,1793.71,1793.71,1793.71,1793.71,1793.71,1793.71,1793.71
"Res buildings i[VeryLow,Mendrisio,MFH,PVyes]",0.994428,0.994428,0.994428,0.994428,0.994428,0.994428,0.994428,0.994428,0.994428,0.994428,0.994428,0.994428,0.994428,0.994428,0.994428
"Res buildings i[VeryLow,Mendrisio,SFH,PVno]",2469.66,2469.66,2469.66,2469.66,2469.66,2469.66,2469.66,2469.66,2469.66,2469.66,2469.66,2469.66,2469.66,2469.66,2469.66
"Res buildings i[VeryLow,Mendrisio,SFH,PVyes]",1.39124,1.39124,1.39124,1.39124,1.39124,1.39124,1.39124,1.39124,1.39124,1.39124,1.39124,1.39124,1.39124,1.39124,1.39124
"Res buildings i[VeryLow,Riviera,DFH,PVno]",410.466,410.466,410.466,410.466,410.466,410.466,410.466,410.466,410.466,410.466,410.466,410.466,410.466,410.466,410.466
"Res buildings i[VeryLow,Riviera,DFH,PVyes]",0,0,0,0,0,0,0,0,0,0,0,0,0,0,0
"Res buildings i[VeryLow,Riviera,MFH,PVno]",284.856,284.856,284.856,284.856,284.856,284.856,284.856,284.856,284.856,284.856,284.856,284.856,284.856,284.856,284.856
"Res buildings i[VeryLow,Riviera,MFH,PVyes]",0,0,0,0,0,0,0,0,0,0,0,0,0,0,0
"Res buildings i[VeryLow,Riviera,SFH,PVno]",967.811,967.811,967.811,967.811,967.811,967.811,967.811,967.811,967.811,967.811,967.811,967.811,967.811,967.811,967.811
"Res buildings i[VeryLow,Riviera,SFH,PVyes]",0.125575,0.125575,0.125575,0.125575,0.125575,0.125575,0.125575,0.125575,0.125575,0.125575,0.125575,0.125575,0.125575,0.125575,0.125575
"Res buildings i[VeryLow,Vallemaggia,DFH,PVno]",414.721,414.721,414.721,414.721,414.721,414.721,414.721,414.721,414.721,414.721,414.721,414.721,414.721,414.721,414.721
"Res buildings i[VeryLow,Vallemaggia,DFH,PVyes]",0,0,0,0,0,0,0,0,0,0,0,0,0,0,0
"Res buildings i[VeryLow,Vallemaggia,MFH,PVno]",119.215,119.215,119.215,119.215,119.215,119.215,119.215,119.215,119.215,119.215,119.215,119.215,119.215,119.215,119.215
"Res buildings i[VeryLow,Vallemaggia,MFH,PVyes]",0,0,0,0,0,0,0,0,0,0,0,0,0,0,0
"Res buildings i[VeryLow,Vallemaggia,SFH,PVno]",2862.2,2862.2,2862.2,2862.2,2862.2,2862.2,2862.2,2862.2,2862.2,2862.2,2862.2,2862.2,2862.2,2862.2,2862.2
"Res buildings i[VeryLow,Vallemaggia,SFH,PVyes]",0.0429014,0.0429014,0.0429014,0.0429014,0.0429014,0.0429014,0.0429014,0.0429014,0.0429014,0.0429014,0.0429014,0.0429014,0.0429014,0.0429014,0.0429014
"Res buildings i[Low,Bellinzona,DFH,PVno]",315.114,315.114,315.114,315.114,315.114,315.114,315.114,315.114,315.114,315.114,315.114,315.114,315.114,315.114,315.114
"Res buildings i[Low,Bellinzona,DFH,PVyes]",2.21255,2.21255,2.21255,2.21255,2.21255,2.21255,2.21255,2.21255,2.21255,2.21255,2.21255,2.21255,2.21255,2.21255,2.21255
"Res buildings i[Low,Bellinzona,MFH,PVno]",354.796,354.796,354.796,354.796,354.796,354.796,354.796,354.796,354.796,354.796,354.796,354.796,354.796,354.796,354.796
"Res buildings i[Low,Bellinzona,MFH,PVyes]",0.0129333,0.0129333,0.0129333,0.0129333,0.0129333,0.0129333,0.0129333,0.0129333,0.0129333,0.0129333,0.0129333,0.0129333,0.0129333,0.0129333,0.0129333
"Res buildings i[Low,Bellinzona,SFH,PVno]",3469.28,3469.28,3469.28,3469.28,3469.28,3469.28,3469.28,3469.28,3469.28,3469.28,3469.28,3469.28,3469.28,3469.28,3469.28
"Res buildings i[Low,Bellinzona,SFH,PVyes]",2.20136,2.20136,2.20136,2.20136,2.20136,2.20136,2.20136,2.20136,2.20136,2.20136,2.20136,2.20136,2.20136,2.20136,2.20136
"Res buildings i[Low,Blenio,DFH,PVno]",54.666,54.666,54.666,54.666,54.666,54.666,54.666,54.666,54.666,54.666,54.666,54.666,54.666,54.666,54.666
"Res buildings i[Low,Blenio,DFH,PVyes]",0,0,0,0,0,0,0,0,0,0,0,0,0,0,0
"Res buildings i[Low,Blenio,MFH,PVno]",10.051,10.051,10.051,10.051,10.051,10.051,10.051,10.051,10.051,10.051,10.051,10.051,10.051,10.051,10.051
"Res buildings i[Low,Blenio,MFH,PVyes]",0,0,0,0,0,0,0,0,0,0,0,0,0,0,0
"Res buildings i[Low,Blenio,SFH,PVno]",1676.59,1676.59,1676.59,1676.59,1676.59,1676.59,1676.59,1676.59,1676.59,1676.59,1676.59,1676.59,1676.59,1676.59,1676.59
"Res buildings i[Low,Blenio,SFH,PVyes]",0.234903,0.234903,0.234903,0.234903,0.234903,0.234903,0.234903,0.234903,0.234903,0.234903,0.234903,0.234903,0.234903,0.234903,0.234903
"Res buildings i[Low,Leventina,DFH,PVno]",70.767,70.767,70.767,70.767,70.767,70.767,70.767,70.767,70.767,70.767,70.767,70.767,70.767,70.767,70.767
"Res buildings i[Low,Leventina,DFH,PVyes]",0,0,0,0,0,0,0,0,0,0,0,0,0,0,0
"Res buildings i[Low,Leventina,MFH,PVno]",31.587,31.587,31.587,31.587,31.587,31.587,31.587,31.587,31.587,31.587,31.587,31.587,31.587,31.587,31.587
"Res buildings i[Low,Leventina,MFH,PVyes]",0.558649,0.558649,0.558649,0.558649,0.558649,0.558649,0.558649,0.558649,0.558649,0.558649,0.558649,0.558649,0.558649,0.558649,0.558649
"Res buildings i[Low,Leventina,SFH,PVno]",1641.66,1641.66,1641.66,1641.66,1641.66,1641.66,1641.66,1641.66,1641.66,1641.66,1641.66,1641.66,1641.66,1641.66,1641.66
"Res buildings i[Low,Leventina,SFH,PVyes]",0.688716,0.688716,0.688716,0.688716,0.688716,0.688716,0.688716,0.688716,0.688716,0.688716,0.688716,0.688716,0.688716,0.688716,0.688716
"Res buildings i[Low,Locarno,DFH,PVno]",424.554,424.554,424.554,424.554,424.554,424.554,424.554,424.554,424.554,424.554,424.554,424.554,424.554,424.554,424.554
"Res buildings i[Low,Locarno,DFH,PVyes]",1.1321,1.1321,1.1321,1.1321,1.1321,1.1321,1.1321,1.1321,1.1321,1.1321,1.1321,1.1321,1.1321,1.1321,1.1321
"Res buildings i[Low,Locarno,MFH,PVno]",543.218,543.218,543.218,543.218,543.218,543.218,543.218,543.218,543.218,543.218,543.218,543.218,543.218,543.218,543.218
"Res buildings i[Low,Locarno,MFH,PVyes]",0.020051,0.020051,0.020051,0.020051,0.020051,0.020051,0.020051,0.020051,0.020051,0.020051,0.020051,0.020051,0.020051,0.020051,0.020051
"Res buildings i[Low,Locarno,SFH,PVno]",5226.36,5226.36,5226.36,5226.36,5226.36,5226.36,5226.36,5226.36,5226.36,5226.36,5226.36,5226.36,5226.36,5226.36,5226.36
"Res buildings i[Low,Locarno,SFH,PVyes]",6.86716,6.86716,6.86716,6.86716,6.86716,6.86716,6.86716,6.86716,6.86716,6.86716,6.86716,6.86716,6.86716,6.86716,6.86716
"Res buildings i[Low,Lugano,DFH,PVno]",624.378,624.378,624.378,624.378,624.378,624.378,624.378,624.378,624.378,624.378,624.378,624.378,624.378,624.378,624.378
"Res buildings i[Low,Lugano,DFH,PVyes]",1.67595,1.67595,1.67595,1.67595,1.67595,1.67595,1.67595,1.67595,1.67595,1.67595,1.67595,1.67595,1.67595,1.67595,1.67595
"Res buildings i[Low,Lugano,MFH,PVno]",882.146,882.146,882.146,882.146,882.146,882.146,882.146,882.146,882.146,882.146,882.146,882.146,882.146,882.146,882.146
"Res buildings i[Low,Lugano,MFH,PVyes]",2.82133,2.82133,2.82133,2.82133,2.82133,2.82133,2.82133,2.82133,2.82133,2.82133,2.82133,2.82133,2.82133,2.82133,2.82133
"Res buildings i[Low,Lugano,SFH,PVno]",8682.95,8682.95,8682.95,8682.95,8682.95,8682.95,8682.95,8682.95,8682.95,8682.95,8682.95,8682.95,8682.95,8682.95,8682.95
"Res buildings i[Low,Lugano,SFH,PVyes]",10.3688,10.3688,10.3688,10.3688,10.3688,10.3688,10.3688,10.3688,10.3688,10.3688,10.3688,10.3688,10.3688,10.3688,10.3688
"Res buildings i[Low,Mendrisio,DFH,PVno]",233.92,233.92,233.92,233.92,233.92,233.92,233.92,233.92,233.92,233.92,233.92,233.92,233.92,233.92,233.92
"Res buildings i[Low,Mendrisio,DFH,PVyes]",0,0,0,0,0,0,0,0,0,0,0,0,0,0,0
"Res buildings i[Low,Mendrisio,MFH,PVno]",192.457,192.457,192.457,192.457,192.457,192.457,192.457,192.457,192.457,192.457,192.457,192.457,192.457,192.457,192.457
"Res buildings i[Low,Mendrisio,MFH,PVyes]",0.00556029,0.00556029,0.00556029,0.00556029,0.00556029,0.00556029,0.00556029,0.00556029,0.00556029,0.00556029,0.00556029,0.00556029,0.00556029,0.00556029,0.00556029
"Res buildings i[Low,Mendrisio,SFH,PVno]",2669.53,2669.53,2669.53,2669.53,2669.53,2669.53,2669.53,2669.53,2669.53,2669.53,2669.53,2669.53,2669.53,2669.53,2669.53
"Res buildings i[Low,Mendrisio,SFH,PVyes]",0.839616,0.839616,0.839616,0.839616,0.839616,0.839616,0.839616,0.839616,0.839616,0.839616,0.839616,0.839616,0.839616,0.839616,0.839616
"Res buildings i[Low,Riviera,DFH,PVno]",55.8733,55.8733,55.8733,55.8733,55.8733,55.8733,55.8733,55.8733,55.8733,55.8733,55.8733,55.8733,55.8733,55.8733,55.8733
"Res buildings i[Low,Riviera,DFH,PVyes]",0,0,0,0,0,0,0,0,0,0,0,0,0,0,0
"Res buildings i[Low,Riviera,MFH,PVno]",39.2565,39.2565,39.2565,39.2565,39.2565,39.2565,39.2565,39.2565,39.2565,39.2565,39.2565,39.2565,39.2565,39.2565,39.2565
"Res buildings i[Low,Riviera,MFH,PVyes]",0,0,0,0,0,0,0,0,0,0,0,0,0,0,0
"Res buildings i[Low,Riviera,SFH,PVno]",829.539,829.539,829.539,829.539,829.539,829.539,829.539,829.539,829.539,829.539,829.539,829.539,829.539,829.539,829.539
"Res buildings i[Low,Riviera,SFH,PVyes]",0.580667,0.580667,0.580667,0.580667,0.580667,0.580667,0.580667,0.580667,0.580667,0.580667,0.580667,0.580667,0.580667,0.580667,0.580667
"Res buildings i[Low,Vallemaggia,DFH,PVno]",53.5317,53.5317,53.5317,53.5317,53.5317,53.5317,53.5317,53.5317,53.5317,53.5317,53.5317,53.5317,53.5317,53.5317,53.5317
"Res buildings i[Low,Vallemaggia,DFH,PVyes]",0,0,0,0,0,0,0,0,0,0,0,0,0,0,0
"Res buildings i[Low,Vallemaggia,MFH,PVno]",20.0246,20.0246,20.0246,20.0246,20.0246,20.0246,20.0246,20.0246,20.0246,20.0246,20.0246,20.0246,20.0246,20.0246,20.0246
"Res buildings i[Low,Vallemaggia,MFH,PVyes]",0,0,0,0,0,0,0,0,0,0,0,0,0,0,0
"Res buildings i[Low,Vallemaggia,SFH,PVno]",1600.71,1600.71,1600.71,1600.71,1600.71,1600.71,1600.71,1600.71,1600.71,1600.71,1600.71,1600.71,1600.71,1600.71,1600.71
"Res buildings i[Low,Vallemaggia,SFH,PVyes]",0.445943,0.445943,0.445943,0.445943,0.445943,0.445943,0.445943,0.445943,0.445943,0.445943,0.445943,0.445943,0.445943,0.445943,0.445943
"Res buildings i[Moderate,Bellinzona,DFH,PVno]",74.2475,74.2475,74.2475,74.2475,74.2475,74.2475,74.2475,74.2475,74.2475,74.2475,74.2475,74.2475,74.2475,74.2475,74.2475
"Res buildings i[Moderate,Bellinzona,DFH,PVyes]",0.763895,0.763895,0.763895,0.763895,0.763895,0.763895,0.763895,0.763895,0.763895,0.763895,0.763895,0.763895,0.763895,0.763895,0.763895
"Res buildings i[Moderate,Bellinzona,MFH,PVno]",97.2385,97.2385,97.2385,97.2385,97.2385,97.2385,97.2385,97.2385,97.2385,97.2385,97.2385,97.2385,97.2385,97.2385,97.2385
"Res buildings i[Moderate,Bellinzona,MFH,PVyes]",2.99375E-05,2.99375E-05,2.99375E-05,2.99375E-05,2.99375E-05,2.99375E-05,2.99375E-05,2.99375E-05,2.99375E-05,2.99375E-05,2.99375E-05,2.99375E-05,2.99375E-05,2.99375E-05,2.99375E-05
"Res buildings i[Moderate,Bellinzona,SFH,PVno]",920.509,920.509,920.509,920.509,920.509,920.509,920.509,920.509,920.509,920.509,920.509,920.509,920.509,920.509,920.509
"Res buildings i[Moderate,Bellinzona,SFH,PVyes]",1.57914,1.57914,1.57914,1.57914,1.57914,1.57914,1.57914,1.57914,1.57914,1.57914,1.57914,1.57914,1.57914,1.57914,1.57914
"Res buildings i[Moderate,Blenio,DFH,PVno]",10.0646,10.0646,10.0646,10.0646,10.0646,10.0646,10.0646,10.0646,10.0646,10.0646,10.0646,10.0646,10.0646,10.0646,10.0646
"Res buildings i[Moderate,Blenio,DFH,PVyes]",0,0,0,0,0,0,0,0,0,0,0,0,0,0,0
"Res buildings i[Moderate,Blenio,MFH,PVno]",2.32012,2.32012,2.32012,2.32012,2.32012,2.32012,2.32012,2.32012,2.32012,2.32012,2.32012,2.32012,2.32012,2.32012,2.32012
"Res buildings i[Moderate,Blenio,MFH,PVyes]",0,0,0,0,0,0,0,0,0,0,0,0,0,0,0
"Res buildings i[Moderate,Blenio,SFH,PVno]",231.948,231.948,231.948,231.948,231.948,231.948,231.948,231.948,231.948,231.948,231.948,231.948,231.948,231.948,231.948
"Res buildings i[Moderate,Blenio,SFH,PVyes]",0.00778561,0.00778561,0.00778561,0.00778561,0.00778561,0.00778561,0.00778561,0.00778561,0.00778561,0.00778561,0.00778561,0.00778561,0.00778561,0.00778561,0.00778561
"Res buildings i[Moderate,Leventina,DFH,PVno]",13.711,13.711,13.711,13.711,13.711,13.711,13.711,13.711,13.711,13.711,13.711,13.711,13.711,13.711,13.711
"Res buildings i[Moderate,Leventina,DFH,PVyes]",0,0,0,0,0,0,0,0,0,0,0,0,0,0,0
"Res buildings i[Moderate,Leventina,MFH,PVno]",5.03902,5.03902,5.03902,5.03902,5.03902,5.03902,5.03902,5.03902,5.03902,5.03902,5.03902,5.03902,5.03902,5.03902,5.03902
"Res buildings i[Moderate,Leventina,MFH,PVyes]",0.26724,0.26724,0.26724,0.26724,0.26724,0.26724,0.26724,0.26724,0.26724,0.26724,0.26724,0.26724,0.26724,0.26724,0.26724
"Res buildings i[Moderate,Leventina,SFH,PVno]",259.349,259.349,259.349,259.349,259.349,259.349,259.349,259.349,259.349,259.349,259.349,259.349,259.349,259.349,259.349
"Res buildings i[Moderate,Leventina,SFH,PVyes]",0.0371926,0.0371926,0.0371926,0.0371926,0.0371926,0.0371926,0.0371926,0.0371926,0.0371926,0.0371926,0.0371926,0.0371926,0.0371926,0.0371926,0.0371926
"Res buildings i[Moderate,Locarno,DFH,PVno]",91.1569,91.1569,91.1569,91.1569,91.1569,91.1569,91.1569,91.1569,91.1569,91.1569,91.1569,91.1569,91.1569,91.1569,91.1569
"Res buildings i[Moderate,Locarno,DFH,PVyes]",0.318866,0.318866,0.318866,0.318866,0.318866,0.318866,0.318866,0.318866,0.318866,0.318866,0.318866,0.318866,0.318866,0.318866,0.318866
"Res buildings i[Moderate,Locarno,MFH,PVno]",143.004,143.004,143.004,143.004,143.004,143.004,143.004,143.004,143.004,143.004,143.004,143.004,143.004,143.004,143.004
"Res buildings i[Moderate,Locarno,MFH,PVyes]",4.68639E-05,4.68639E-05,4.68639E-05,4.68639E-05,4.68639E-05,4.68639E-05,4.68639E-05,4.68639E-05,4.68639E-05,4.68639E-05,4.68639E-05,4.68639E-05,4.68639E-05,4.68639E-05,4.68639E-05
"Res buildings i[Moderate,Locarno,SFH,PVno]",1119.07,1119.07,1119.07,1119.07,1119.07,1119.07,1119.07,1119.07,1119.07,1119.07,1119.07,1119.07,1119.07,1119.07,1119.07
"Res buildings i[Moderate,Locarno,SFH,PVyes]",2.75725,2.75725,2.75725,2.75725,2.75725,2.75725,2.75725,2.75725,2.75725,2.75725,2.75725,2.75725,2.75725,2.75725,2.75725
"Res buildings i[Moderate,Lugano,DFH,PVno]",131.229,131.229,131.229,131.229,131.229,131.229,131.229,131.229,131.229,131.229,131.229,131.229,131.229,131.229,131.229
"Res buildings i[Moderate,Lugano,DFH,PVyes]",0.801721,0.801721,0.801721,0.801721,0.801721,0.801721,0.801721,0.801721,0.801721,0.801721,0.801721,0.801721,0.801721,0.801721,0.801721
"Res buildings i[Moderate,Lugano,MFH,PVno]",208.065,208.065,208.065,208.065,208.065,208.065,208.065,208.065,208.065,208.065,208.065,208.065,208.065,208.065,208.065
"Res buildings i[Moderate,Lugano,MFH,PVyes]",1.33627,1.33627,1.33627,1.33627,1.33627,1.33627,1.33627,1.33627,1.33627,1.33627,1.33627,1.33627,1.33627,1.33627,1.33627
"Res buildings i[Moderate,Lugano,SFH,PVno]",2264,2264,2264,2264,2264,2264,2264,2264,2264,2264,2264,2264,2264,2264,2264
"Res buildings i[Moderate,Lugano,SFH,PVyes]",5.18453,5.18453,5.18453,5.18453,5.18453,5.18453,5.18453,5.18453,5.18453,5.18453,5.18453,5.18453,5.18453,5.18453,5.18453
"Res buildings i[Moderate,Mendrisio,DFH,PVno]",51.0859,51.0859,51.0859,51.0859,51.0859,51.0859,51.0859,51.0859,51.0859,51.0859,51.0859,51.0859,51.0859,51.0859,51.0859
"Res buildings i[Moderate,Mendrisio,DFH,PVyes]",0,0,0,0,0,0,0,0,0,0,0,0,0,0,0
"Res buildings i[Moderate,Mendrisio,MFH,PVno]",44.9997,44.9997,44.9997,44.9997,44.9997,44.9997,44.9997,44.9997,44.9997,44.9997,44.9997,44.9997,44.9997,44.9997,44.9997
"Res buildings i[Moderate,Mendrisio,MFH,PVyes]",1.1521E-05,1.1521E-05,1.1521E-05,1.1521E-05,1.1521E-05,1.1521E-05,1.1521E-05,1.1521E-05,1.1521E-05,1.1521E-05,1.1521E-05,1.1521E-05,1.1521E-05,1.1521E-05,1.1521E-05
"Res buildings i[Moderate,Mendrisio,SFH,PVno]",841.647,841.647,841.647,841.647,841.647,841.647,841.647,841.647,841.647,841.647,841.647,841.647,841.647,841.647,841.647
"Res buildings i[Moderate,Mendrisio,SFH,PVyes]",0.324954,0.324954,0.324954,0.324954,0.324954,0.324954,0.324954,0.324954,0.324954,0.324954,0.324954,0.324954,0.324954,0.324954,0.324954
"Res buildings i[Moderate,Riviera,DFH,PVno]",11.9696,11.9696,11.9696,11.9696,11.9696,11.9696,11.9696,11.9696,11.9696,11.9696,11.9696,11.9696,11.9696,11.9696,11.9696
"Res buildings i[Moderate,Riviera,DFH,PVyes]",0,0,0,0,0,0,0,0,0,0,0,0,0,0,0
"Res buildings i[Moderate,Riviera,MFH,PVno]",8.94593,8.94593,8.94593,8.94593,8.94593,8.94593,8.94593,8.94593,8.94593,8.94593,8.94593,8.94593,8.94593,8.94593,8.94593
"Res buildings i[Moderate,Riviera,MFH,PVyes]",0,0,0,0,0,0,0,0,0,0,0,0,0,0,0
"Res buildings i[Moderate,Riviera,SFH,PVno]",209.317,209.317,209.317,209.317,209.317,209.317,209.317,209.317,209.317,209.317,209.317,209.317,209.317,209.317,209.317
"Res buildings i[Moderate,Riviera,SFH,PVyes]",0.202482,0.202482,0.202482,0.202482,0.202482,0.202482,0.202482,0.202482,0.202482,0.202482,0.202482,0.202482,0.202482,0.202482,0.202482
"Res buildings i[Moderate,Vallemaggia,DFH,PVno]",12.751,12.751,12.751,12.751,12.751,12.751,12.751,12.751,12.751,12.751,12.751,12.751,12.751,12.751,12.751
"Res buildings i[Moderate,Vallemaggia,DFH,PVyes]",0,0,0,0,0,0,0,0,0,0,0,0,0,0,0
"Res buildings i[Moderate,Vallemaggia,MFH,PVno]",4.69113,4.69113,4.69113,4.69113,4.69113,4.69113,4.69113,4.69113,4.69113,4.69113,4.69113,4.69113,4.69113,4.69113,4.69113
"Res buildings i[Moderate,Vallemaggia,MFH,PVyes]",0,0,0,0,0,0,0,0,0,0,0,0,0,0,0
"Res buildings i[Moderate,Vallemaggia,SFH,PVno]",216.201,216.201,216.201,216.201,216.201,216.201,216.201,216.201,216.201,216.201,216.201,216.201,216.201,216.201,216.201
"Res buildings i[Moderate,Vallemaggia,SFH,PVyes]",0.288285,0.288285,0.288285,0.288285,0.288285,0.288285,0.288285,0.288285,0.288285,0.288285,0.288285,0.288285,0.288285,0.288285,0.288285
"Res buildings i[High,Bellinzona,DFH,PVno]",32.9991,32.9991,32.9991,32.9991,32.9991,32.9991,32.9991,32.9991,32.9991,32.9991,32.9991,32.9991,32.9991,32.9991,32.9991
"Res buildings i[High,Bellinzona,DFH,PVyes]",0.386721,0.386721,0.386721,0.386721,0.386721,0.386721,0.386721,0.386721,0.386721,0.386721,0.386721,0.386721,0.386721,0.386721,0.386721
"Res buildings i[High,Bellinzona,MFH,PVno]",45.5117,45.5117,45.5117,45.5117,45.5117,45.5117,45.5117,45.5117,45.5117,45.5117,45.5117,45.5117,45.5117,45.5117,45.5117
"Res buildings i[High,Bellinzona,MFH,PVyes]",7.19E-07,7.19E-07,7.19E-07,7.19E-07,7.19E-07,7.19E-07,7.19E-07,7.19E-07,7.19E-07,7.19E-07,7.19E-07,7.19E-07,7.19E-07,7.19E-07,7.19E-07
"Res buildings i[High,Bellinzona,SFH,PVno]",625.349,625.349,625.349,625.349,625.349,625.349,625.349,625.349,625.349,625.349,625.349,625.349,625.349,625.349,625.349
"Res buildings i[High,Bellinzona,SFH,PVyes]",1.46383,1.46383,1.46383,1.46383,1.46383,1.46383,1.46383,1.46383,1.46383,1.46383,1.46383,1.46383,1.46383,1.46383,1.46383
"Res buildings i[High,Blenio,DFH,PVno]",3.9613,3.9613,3.9613,3.9613,3.9613,3.9613,3.9613,3.9613,3.9613,3.9613,3.9613,3.9613,3.9613,3.9613,3.9613
"Res buildings i[High,Blenio,DFH,PVyes]",0,0,0,0,0,0,0,0,0,0,0,0,0,0,0
"Res buildings i[High,Blenio,MFH,PVno]",1.09878,1.09878,1.09878,1.09878,1.09878,1.09878,1.09878,1.09878,1.09878,1.09878,1.09878,1.09878,1.09878,1.09878,1.09878
"Res buildings i[High,Blenio,MFH,PVyes]",0,0,0,0,0,0,0,0,0,0,0,0,0,0,0
"Res buildings i[High,Blenio,SFH,PVno]",120.912,120.912,120.912,120.912,120.912,120.912,120.912,120.912,120.912,120.912,120.912,120.912,120.912,120.912,120.912
"Res buildings i[High,Blenio,SFH,PVyes]",0.000747136,0.000747136,0.000747136,0.000747136,0.000747136,0.000747136,0.000747136,0.000747136,0.000747136,0.000747136,0.000747136,0.000747136,0.000747136,0.000747136,0.000747136
"Res buildings i[High,Leventina,DFH,PVno]",5.69107,5.69107,5.69107,5.69107,5.69107,5.69107,5.69107,5.69107,5.69107,5.69107,5.69107,5.69107,5.69107,5.69107,5.69107
"Res buildings i[High,Leventina,DFH,PVyes]",0,0,0,0,0,0,0,0,0,0,0,0,0,0,0
"Res buildings i[High,Leventina,MFH,PVno]",1.79211,1.79211,1.79211,1.79211,1.79211,1.79211,1.79211,1.79211,1.79211,1.79211,1.79211,1.79211,1.79211,1.79211,1.79211
"Res buildings i[High,Leventina,MFH,PVyes]",0.152808,0.152808,0.152808,0.152808,0.152808,0.152808,0.152808,0.152808,0.152808,0.152808,0.152808,0.152808,0.152808,0.152808,0.152808
"Res buildings i[High,Leventina,SFH,PVno]",141.436,141.436,141.436,141.436,141.436,141.436,141.436,141.436,141.436,141.436,141.436,141.436,141.436,141.436,141.436
"Res buildings i[High,Leventina,SFH,PVyes]",0.0047314,0.0047314,0.0047314,0.0047314,0.0047314,0.0047314,0.0047314,0.0047314,0.0047314,0.0047314,0.0047314,0.0047314,0.0047314,0.0047314,0.0047314
"Res buildings i[High,Locarno,DFH,PVno]",39.0137,39.0137,39.0137,39.0137,39.0137,39.0137,39.0137,39.0137,39.0137,39.0137,39.0137,39.0137,39.0137,39.0137,39.0137
"Res buildings i[High,Locarno,DFH,PVyes]",0.152851,0.152851,0.152851,0.152851,0.152851,0.152851,0.152851,0.152851,0.152851,0.152851,0.152851,0.152851,0.152851,0.152851,0.152851
"Res buildings i[High,Locarno,MFH,PVno]",67.3223,67.3223,67.3223,67.3223,67.3223,67.3223,67.3223,67.3223,67.3223,67.3223,67.3223,67.3223,67.3223,67.3223,67.3223
"Res buildings i[High,Locarno,MFH,PVyes]",1.128E-06,1.128E-06,1.128E-06,1.128E-06,1.128E-06,1.128E-06,1.128E-06,1.128E-06,1.128E-06,1.128E-06,1.128E-06,1.128E-06,1.128E-06,1.128E-06,1.128E-06
"Res buildings i[High,Locarno,SFH,PVno]",681.283,681.283,681.283,681.283,681.283,681.283,681.283,681.283,681.283,681.283,681.283,681.283,681.283,681.283,681.283
"Res buildings i[High,Locarno,SFH,PVyes]",2.41852,2.41852,2.41852,2.41852,2.41852,2.41852,2.41852,2.41852,2.41852,2.41852,2.41852,2.41852,2.41852,2.41852,2.41852
"Res buildings i[High,Lugano,DFH,PVno]",56.4727,56.4727,56.4727,56.4727,56.4727,56.4727,56.4727,56.4727,56.4727,56.4727,56.4727,56.4727,56.4727,56.4727,56.4727
"Res buildings i[High,Lugano,DFH,PVyes]",0.458423,0.458423,0.458423,0.458423,0.458423,0.458423,0.458423,0.458423,0.458423,0.458423,0.458423,0.458423,0.458423,0.458423,0.458423
"Res buildings i[High,Lugano,MFH,PVno]",93.4884,93.4884,93.4884,93.4884,93.4884,93.4884,93.4884,93.4884,93.4884,93.4884,93.4884,93.4884,93.4884,93.4884,93.4884
"Res buildings i[High,Lugano,MFH,PVyes]",0.764039,0.764039,0.764039,0.764039,0.764039,0.764039,0.764039,0.764039,0.764039,0.764039,0.764039,0.764039,0.764039,0.764039,0.764039
"Res buildings i[High,Lugano,SFH,PVno]",1519.23,1519.23,1519.23,1519.23,1519.23,1519.23,1519.23,1519.23,1519.23,1519.23,1519.23,1519.23,1519.23,1519.23,1519.23
"Res buildings i[High,Lugano,SFH,PVyes]",4.69401,4.69401,4.69401,4.69401,4.69401,4.69401,4.69401,4.69401,4.69401,4.69401,4.69401,4.69401,4.69401,4.69401,4.69401
"Res buildings i[High,Mendrisio,DFH,PVno]",22.2567,22.2567,22.2567,22.2567,22.2567,22.2567,22.2567,22.2567,22.2567,22.2567,22.2567,22.2567,22.2567,22.2567,22.2567
"Res buildings i[High,Mendrisio,DFH,PVyes]",0,0,0,0,0,0,0,0,0,0,0,0,0,0,0
"Res buildings i[High,Mendrisio,MFH,PVno]",20.1961,20.1961,20.1961,20.1961,20.1961,20.1961,20.1961,20.1961,20.1961,20.1961,20.1961,20.1961,20.1961,20.1961,20.1961
"Res buildings i[High,Mendrisio,MFH,PVyes]",2.6E-07,2.6E-07,2.6E-07,2.6E-07,2.6E-07,2.6E-07,2.6E-07,2.6E-07,2.6E-07,2.6E-07,2.6E-07,2.6E-07,2.6E-07,2.6E-07,2.6E-07
"Res buildings i[High,Mendrisio,SFH,PVno]",602.305,602.305,602.305,602.305,602.305,602.305,602.305,602.305,602.305,602.305,602.305,602.305,602.305,602.305,602.305
"Res buildings i[High,Mendrisio,SFH,PVyes]",0.336281,0.336281,0.336281,0.336281,0.336281,0.336281,0.336281,0.336281,0.336281,0.336281,0.336281,0.336281,0.336281,0.336281,0.336281
"Res buildings i[High,Riviera,DFH,PVno]",5.22198,5.22198,5.22198,5.22198,5.22198,5.22198,5.22198,5.22198,5.22198,5.22198,5.22198,5.22198,5.22198,5.22198,5.22198
"Res buildings i[High,Riviera,DFH,PVyes]",0,0,0,0,0,0,0,0,0,0,0,0,0,0,0
"Res buildings i[High,Riviera,MFH,PVno]",3.72896,3.72896,3.72896,3.72896,3.72896,3.72896,3.72896,3.72896,3.72896,3.72896,3.72896,3.72896,3.72896,3.72896,3.72896
"Res buildings i[High,Riviera,MFH,PVyes]",0,0,0,0,0,0,0,0,0,0,0,0,0,0,0
"Res buildings i[High,Riviera,SFH,PVno]",142.026,142.026,142.026,142.026,142.026,142.026,142.026,142.026,142.026,142.026,142.026,142.026,142.026,142.026,142.026
"Res buildings i[High,Riviera,SFH,PVyes]",0.0912756,0.0912756,0.0912756,0.0912756,0.0912756,0.0912756,0.0912756,0.0912756,0.0912756,0.0912756,0.0912756,0.0912756,0.0912756,0.0912756,0.0912756
"Res buildings i[High,Vallemaggia,DFH,PVno]",5.59206,5.59206,5.59206,5.59206,5.59206,5.59206,5.59206,5.59206,5.59206,5.59206,5.59206,5.59206,5.59206,5.59206,5.59206
"Res buildings i[High,Vallemaggia,DFH,PVyes]",0,0,0,0,0,0,0,0,0,0,0,0,0,0,0
"Res buildings i[High,Vallemaggia,MFH,PVno]",1.96223,1.96223,1.96223,1.96223,1.96223,1.96223,1.96223,1.96223,1.96223,1.96223,1.96223,1.96223,1.96223,1.96223,1.96223
"Res buildings i[High,Vallemaggia,MFH,PVyes]",0,0,0,0,0,0,0,0,0,0,0,0,0,0,0
"Res buildings i[High,Vallemaggia,SFH,PVno]",114.697,114.697,114.697,114.697,114.697,114.697,114.697,114.697,114.697,114.697,114.697,114.697,114.697,114.697,114.697
"Res buildings i[High,Vallemaggia,SFH,PVyes]",0.222871,0.222871,0.222871,0.222871,0.222871,0.222871,0.222871,0.222871,0.222871,0.222871,0.222871,0.222871,0.222871,0.222871,0.222871
"Res buildings i[VeryHigh,Bellinzona,DFH,PVno]",2.83335,2.83335,2.83335,2.83335,2.83335,2.83335,2.83335,2.83335,2.83335,2.83335,2.83335,2.83335,2.83335,2.83335,2.83335
"Res buildings i[VeryHigh,Bellinzona,DFH,PVyes]",0.0426068,0.0426068,0.0426068,0.0426068,0.0426068,0.0426068,0.0426068,0.0426068,0.0426068,0.0426068,0.0426068,0.0426068,0.0426068,0.0426068,0.0426068
"Res buildings i[VeryHigh,Bellinzona,MFH,PVno]",4.21808,4.21808,4.21808,4.21808,4.21808,4.21808,4.21808,4.21808,4.21808,4.21808,4.21808,4.21808,4.21808,4.21808,4.21808
"Res buildings i[VeryHigh,Bellinzona,MFH,PVyes]",0,0,0,0,0,0,0,0,0,0,0,0,0,0,0
"Res buildings i[VeryHigh,Bellinzona,SFH,PVno]",97.8693,97.8693,97.8693,97.8693,97.8693,97.8693,97.8693,97.8693,97.8693,97.8693,97.8693,97.8693,97.8693,97.8693,97.8693
"Res buildings i[VeryHigh,Bellinzona,SFH,PVyes]",0.431618,0.431618,0.431618,0.431618,0.431618,0.431618,0.431618,0.431618,0.431618,0.431618,0.431618,0.431618,0.431618,0.431618,0.431618
"Res buildings i[VeryHigh,Blenio,DFH,PVno]",0.234338,0.234338,0.234338,0.234338,0.234338,0.234338,0.234338,0.234338,0.234338,0.234338,0.234338,0.234338,0.234338,0.234338,0.234338
"Res buildings i[VeryHigh,Blenio,DFH,PVyes]",0,0,0,0,0,0,0,0,0,0,0,0,0,0,0
"Res buildings i[VeryHigh,Blenio,MFH,PVno]",0.106517,0.106517,0.106517,0.106517,0.106517,0.106517,0.106517,0.106517,0.106517,0.106517,0.106517,0.106517,0.106517,0.106517,0.106517
"Res buildings i[VeryHigh,Blenio,MFH,PVyes]",0,0,0,0,0,0,0,0,0,0,0,0,0,0,0
"Res buildings i[VeryHigh,Blenio,SFH,PVno]",15.4303,15.4303,15.4303,15.4303,15.4303,15.4303,15.4303,15.4303,15.4303,15.4303,15.4303,15.4303,15.4303,15.4303,15.4303
"Res buildings i[VeryHigh,Blenio,SFH,PVyes]",0,0,0,0,0,0,0,0,0,0,0,0,0,0,0
"Res buildings i[VeryHigh,Leventina,DFH,PVno]",0.404765,0.404765,0.404765,0.404765,0.404765,0.404765,0.404765,0.404765,0.404765,0.404765,0.404765,0.404765,0.404765,0.404765,0.404765
"Res buildings i[VeryHigh,Leventina,DFH,PVyes]",0,0,0,0,0,0,0,0,0,0,0,0,0,0,0
"Res buildings i[VeryHigh,Leventina,MFH,PVno]",0.0426068,0.0426068,0.0426068,0.0426068,0.0426068,0.0426068,0.0426068,0.0426068,0.0426068,0.0426068,0.0426068,0.0426068,0.0426068,0.0426068,0.0426068
"Res buildings i[VeryHigh,Leventina,MFH,PVyes]",0.0213034,0.0213034,0.0213034,0.0213034,0.0213034,0.0213034,0.0213034,0.0213034,0.0213034,0.0213034,0.0213034,0.0213034,0.0213034,0.0213034,0.0213034
"Res buildings i[VeryHigh,Leventina,SFH,PVno]",16.8331,16.8331,16.8331,16.8331,16.8331,16.8331,16.8331,16.8331,16.8331,16.8331,16.8331,16.8331,16.8331,16.8331,16.8331
"Res buildings i[VeryHigh,Leventina,SFH,PVyes]",0,0,0,0,0,0,0,0,0,0,0,0,0,0,0
"Res buildings i[VeryHigh,Locarno,DFH,PVno]",3.1103,3.1103,3.1103,3.1103,3.1103,3.1103,3.1103,3.1103,3.1103,3.1103,3.1103,3.1103,3.1103,3.1103,3.1103
"Res buildings i[VeryHigh,Locarno,DFH,PVyes]",0.0213034,0.0213034,0.0213034,0.0213034,0.0213034,0.0213034,0.0213034,0.0213034,0.0213034,0.0213034,0.0213034,0.0213034,0.0213034,0.0213034,0.0213034
"Res buildings i[VeryHigh,Locarno,MFH,PVno]",6.68927,6.68927,6.68927,6.68927,6.68927,6.68927,6.68927,6.68927,6.68927,6.68927,6.68927,6.68927,6.68927,6.68927,6.68927
"Res buildings i[VeryHigh,Locarno,MFH,PVyes]",0,0,0,0,0,0,0,0,0,0,0,0,0,0,0
"Res buildings i[VeryHigh,Locarno,SFH,PVno]",96.6824,96.6824,96.6824,96.6824,96.6824,96.6824,96.6824,96.6824,96.6824,96.6824,96.6824,96.6824,96.6824,96.6824,96.6824
"Res buildings i[VeryHigh,Locarno,SFH,PVyes]",0.431618,0.431618,0.431618,0.431618,0.431618,0.431618,0.431618,0.431618,0.431618,0.431618,0.431618,0.431618,0.431618,0.431618,0.431618
"Res buildings i[VeryHigh,Lugano,DFH,PVno]",4.72936,4.72936,4.72936,4.72936,4.72936,4.72936,4.72936,4.72936,4.72936,4.72936,4.72936,4.72936,4.72936,4.72936,4.72936
"Res buildings i[VeryHigh,Lugano,DFH,PVyes]",0.0639102,0.0639102,0.0639102,0.0639102,0.0639102,0.0639102,0.0639102,0.0639102,0.0639102,0.0639102,0.0639102,0.0639102,0.0639102,0.0639102,0.0639102
"Res buildings i[VeryHigh,Lugano,MFH,PVno]",8.45746,8.45746,8.45746,8.45746,8.45746,8.45746,8.45746,8.45746,8.45746,8.45746,8.45746,8.45746,8.45746,8.45746,8.45746
"Res buildings i[VeryHigh,Lugano,MFH,PVyes]",0.106517,0.106517,0.106517,0.106517,0.106517,0.106517,0.106517,0.106517,0.106517,0.106517,0.106517,0.106517,0.106517,0.106517,0.106517
"Res buildings i[VeryHigh,Lugano,SFH,PVno]",251.849,251.849,251.849,251.849,251.849,251.849,251.849,251.849,251.849,251.849,251.849,251.849,251.849,251.849,251.849
"Res buildings i[VeryHigh,Lugano,SFH,PVyes]",1.18695,1.18695,1.18695,1.18695,1.18695,1.18695,1.18695,1.18695,1.18695,1.18695,1.18695,1.18695,1.18695,1.18695,1.18695
"Res buildings i[VeryHigh,Mendrisio,DFH,PVno]",1.8534,1.8534,1.8534,1.8534,1.8534,1.8534,1.8534,1.8534,1.8534,1.8534,1.8534,1.8534,1.8534,1.8534,1.8534
"Res buildings i[VeryHigh,Mendrisio,DFH,PVyes]",0,0,0,0,0,0,0,0,0,0,0,0,0,0,0
"Res buildings i[VeryHigh,Mendrisio,MFH,PVno]",1.64036,1.64036,1.64036,1.64036,1.64036,1.64036,1.64036,1.64036,1.64036,1.64036,1.64036,1.64036,1.64036,1.64036,1.64036
"Res buildings i[VeryHigh,Mendrisio,MFH,PVyes]",0,0,0,0,0,0,0,0,0,0,0,0,0,0,0
"Res buildings i[VeryHigh,Mendrisio,SFH,PVno]",101.862,101.862,101.862,101.862,101.862,101.862,101.862,101.862,101.862,101.862,101.862,101.862,101.862,101.862,101.862
"Res buildings i[VeryHigh,Mendrisio,SFH,PVyes]",0.107904,0.107904,0.107904,0.107904,0.107904,0.107904,0.107904,0.107904,0.107904,0.107904,0.107904,0.107904,0.107904,0.107904,0.107904
"Res buildings i[VeryHigh,Riviera,DFH,PVno]",0.468675,0.468675,0.468675,0.468675,0.468675,0.468675,0.468675,0.468675,0.468675,0.468675,0.468675,0.468675,0.468675,0.468675,0.468675
"Res buildings i[VeryHigh,Riviera,DFH,PVyes]",0,0,0,0,0,0,0,0,0,0,0,0,0,0,0
"Res buildings i[VeryHigh,Riviera,MFH,PVno]",0.213034,0.213034,0.213034,0.213034,0.213034,0.213034,0.213034,0.213034,0.213034,0.213034,0.213034,0.213034,0.213034,0.213034,0.213034
"Res buildings i[VeryHigh,Riviera,MFH,PVyes]",0,0,0,0,0,0,0,0,0,0,0,0,0,0,0
"Res buildings i[VeryHigh,Riviera,SFH,PVno]",23.3074,23.3074,23.3074,23.3074,23.3074,23.3074,23.3074,23.3074,23.3074,23.3074,23.3074,23.3074,23.3074,23.3074,23.3074
"Res buildings i[VeryHigh,Riviera,SFH,PVyes]",0,0,0,0,0,0,0,0,0,0,0,0,0,0,0
"Res buildings i[VeryHigh,Vallemaggia,DFH,PVno]",0.404765,0.404765,0.404765,0.404765,0.404765,0.404765,0.404765,0.404765,0.404765,0.404765,0.404765,0.404765,0.404765,0.404765,0.404765
"Res buildings i[VeryHigh,Vallemaggia,DFH,PVyes]",0,0,0,0,0,0,0,0,0,0,0,0,0,0,0
"Res buildings i[VeryHigh,Vallemaggia,MFH,PVno]",0.106517,0.106517,0.106517,0.106517,0.106517,0.106517,0.106517,0.106517,0.106517,0.106517,0.106517,0.106517,0.106517,0.106517,0.106517
"Res buildings i[VeryHigh,Vallemaggia,MFH,PVyes]",0,0,0,0,0,0,0,0,0,0,0,0,0,0,0
"Res buildings i[VeryHigh,Vallemaggia,SFH,PVno]",16.1857,16.1857,16.1857,16.1857,16.1857,16.1857,16.1857,16.1857,16.1857,16.1857,16.1857,16.1857,16.1857,16.1857,16.1857
"Res buildings i[VeryHigh,Vallemaggia,SFH,PVyes]",0,0,0,0,0,0,0,0,0,0,0,0,0,0,0
