Time,2011,2012,2013,2014,2015,2016,2017,2018,2019,2020,2021,2022,2023,2024,2025,2026,2027,2028,2029,2030,2031,2032,2033,2034,2035,2036,2037,2038,2039,2040,2041,2042,2043,2044,2045,2046,2047,2048,2049
Annual HS inflow for Ticino,648730,751096,794898,927295,912581,680192,670039,657360,898973,824035,806715,402891,592696,1.04259E+06,770274,770274,661059,661059,661059,661059,661059,661059,661059,661059,1.39157E+06,1.39157E+06,1.39157E+06,1.39157E+06,1.39157E+06,1.39157E+06,1.39157E+06,2.09596E+06,2.09596E+06,2.09596E+06,2.09596E+06,2.09596E+06,2.09596E+06,2.3648E+06,2.3648E+06
Annual HS inflow NOT for Ticino,1.71304E+06,1.85758E+06,1.98591E+06,2.26452E+06,2.01214E+06,1.60461E+06,1.58389E+06,1.52009E+06,2.01476E+06,1.90223E+06,1.81871E+06,980878,1.36241E+06,2.3359E+06,1.75264E+06,1.75264E+06,1.75392E+06,1.75392E+06,1.75392E+06,1.75392E+06,1.75392E+06,1.75392E+06,1.75392E+06,1.75392E+06,993508,993508,993508,993508,993508,993508,993508,272530,272530,272530,272530,272530,272530,0,0
Annual PHSn inflow for Ticino,21579.6,24984.8,26441.8,30845.9,28225.8,21038.1,20724.1,20331.9,27804.9,25487.1,24951.4,12461.3,18331.9,32246.9,23824.3,23824.3,71763.4,71763.4,71763.4,71763.4,71763.4,71763.4,71763.4,71763.4,138279,138279,138279,138279,138279,138279,138279,140550,140550,140550,140550,140550,140550,173271,173271
Annual PHSn inflow NOT for Ticino,96939.8,105119,112381,128147,117642,93815.9,92604.3,88874.3,117795,111216,106333,57348.3,79655.2,136571,102470,102470,102545,102545,102545,102545,102545,102545,102545,102545,33745.5,33745.5,33745.5,33745.5,33745.5,33745.5,33745.5,33745.5,33745.5,33745.5,33745.5,33745.5,33745.5,0,0
Coal annual import,0,0,0,550,,,,,,,,,,,,,,,,,,,,,,,,,,,,,,,,,,,
Electricity consumption Industry factor,1,1,1,1,1,1,1,1,1,1,1,1,1,0.990144,0.980288,0.970432,0.960576,0.95072,0.940863,0.931007,0.925698,0.920389,0.915079,0.90977,0.90446,0.899151,0.893842,0.888532,0.883223,0.877913,0.871147,0.86438,0.857613,0.850846,0.844079,0.837313,0.830546,0.823779,0.817012
Electricity consumption Industry historical,867,874,844,688,796,880,931,919,904,844,879,854,787,788.164,,,,,,,,,,,,,,,,,,,,,,,,,
Electricity consumption Tertiary factor,1,1,1,1,1,1,1,1,1,1,1,1,1,1.00333,1.00611,1.00307,0.99912,0.998663,1.00063,0.999949,0.998307,0.996719,0.997359,0.994873,0.99482,0.991746,0.989056,0.984047,0.978823,0.978811,0.974974,0.971581,0.96764,0.960797,0.956811,0.951621,0.946341,0.943705,0.939163
Electricity consumption Tertiary historical,752,738,741,730,681,767,749,752,712,730,753,744,718,732,,,,,,,,,,,,,,,,,,,,,,,,,
Fuels consumption Industry factor,1,1,1,1,1,1,1,1,1,1,1,1,1,1.01124,1.02248,1.03371,1.04495,1.05619,1.06743,1.07866,1.08123,1.0838,1.08637,1.08894,1.09151,1.09409,1.09666,1.09923,1.1018,1.10437,1.10764,1.11091,1.11419,1.11746,1.12073,1.12401,1.12728,1.13055,1.13383
Fuels consumption Industry historical,624,585,627,625,644,642,647,608,593,588,614,598,550,567,,,,,,,,,,,,,,,,,,,,,,,,,
Fuels consumption Tertiary factor,1,1,1,1,1,1,1,1,1,1,1,1,1,1.06803,1.06731,1.03222,0.99298,0.961287,0.929108,0.899345,0.869765,0.843583,0.823302,0.803649,0.782321,0.753181,0.735896,0.722049,0.702166,0.685125,0.666096,0.648508,0.633191,0.615159,0.59912,0.581675,0.563563,0.545958,0.530756
Fuels consumption Tertiary historical,641,643,690,636,666,669,679,660,655,681,716,658,600,531,,,,,,,,,,,,,,,,,,,,,,,,,
Grid Losses,122,115,118,107,113,118,120,114,108,107,100,79,93,98,,,,,,,,,,,,,,,,,,,,,,,,,
"Hour factor appliances[M1,H1]",8.23014E-05,,,,,,,,,,,,,,,,,,,,,,,,,,,,,,,,,,,,,,
"Hour factor appliances[M1,H2]",5.83014E-05,,,,,,,,,,,,,,,,,,,,,,,,,,,,,,,,,,,,,,
"Hour factor appliances[M1,H3]",4.60274E-05,,,,,,,,,,,,,,,,,,,,,,,,,,,,,,,,,,,,,,
"Hour factor appliances[M1,H4]",4.28493E-05,,,,,,,,,,,,,,,,,,,,,,,,,,,,,,,,,,,,,,
"Hour factor appliances[M1,H5]",4.6137E-05,,,,,,,,,,,,,,,,,,,,,,,,,,,,,,,,,,,,,,
"Hour factor appliances[M1,H6]",4.74521E-05,,,,,,,,,,,,,,,,,,,,,,,,,,,,,,,,,,,,,,
"Hour factor appliances[M1,H7]",8.23014E-05,,,,,,,,,,,,,,,,,,,,,,,,,,,,,,,,,,,,,,
"Hour factor appliances[M1,H8]",9.56712E-05,,,,,,,,,,,,,,,,,,,,,,,,,,,,,,,,,,,,,,
"Hour factor appliances[M1,H9]",0.000116712,,,,,,,,,,,,,,,,,,,,,,,,,,,,,,,,,,,,,,
"Hour factor appliances[M1,H10]",0.000135781,,,,,,,,,,,,,,,,,,,,,,,,,,,,,,,,,,,,,,
"Hour factor appliances[M1,H11]",0.00014937,,,,,,,,,,,,,,,,,,,,,,,,,,,,,,,,,,,,,,
"Hour factor appliances[M1,H12]",0.000167452,,,,,,,,,,,,,,,,,,,,,,,,,,,,,,,,,,,,,,
"Hour factor appliances[M1,H13]",0.000169753,,,,,,,,,,,,,,,,,,,,,,,,,,,,,,,,,,,,,,
"Hour factor appliances[M1,H14]",0.00013863,,,,,,,,,,,,,,,,,,,,,,,,,,,,,,,,,,,,,,
"Hour factor appliances[M1,H15]",0.000117808,,,,,,,,,,,,,,,,,,,,,,,,,,,,,,,,,,,,,,
"Hour factor appliances[M1,H16]",0.000112,,,,,,,,,,,,,,,,,,,,,,,,,,,,,,,,,,,,,,
"Hour factor appliances[M1,H17]",0.000109041,,,,,,,,,,,,,,,,,,,,,,,,,,,,,,,,,,,,,,
"Hour factor appliances[M1,H18]",0.000140603,,,,,,,,,,,,,,,,,,,,,,,,,,,,,,,,,,,,,,
"Hour factor appliances[M1,H19]",0.000174466,,,,,,,,,,,,,,,,,,,,,,,,,,,,,,,,,,,,,,
"Hour factor appliances[M1,H20]",0.000180932,,,,,,,,,,,,,,,,,,,,,,,,,,,,,,,,,,,,,,
"Hour factor appliances[M1,H21]",0.000154082,,,,,,,,,,,,,,,,,,,,,,,,,,,,,,,,,,,,,,
"Hour factor appliances[M1,H22]",0.000123288,,,,,,,,,,,,,,,,,,,,,,,,,,,,,,,,,,,,,,
"Hour factor appliances[M1,H23]",0.000105534,,,,,,,,,,,,,,,,,,,,,,,,,,,,,,,,,,,,,,
"Hour factor appliances[M1,H24]",7.56164E-05,,,,,,,,,,,,,,,,,,,,,,,,,,,,,,,,,,,,,,
"Hour factor appliances[M2,H1]",8.23014E-05,,,,,,,,,,,,,,,,,,,,,,,,,,,,,,,,,,,,,,
"Hour factor appliances[M2,H2]",5.83014E-05,,,,,,,,,,,,,,,,,,,,,,,,,,,,,,,,,,,,,,
"Hour factor appliances[M2,H3]",4.60274E-05,,,,,,,,,,,,,,,,,,,,,,,,,,,,,,,,,,,,,,
"Hour factor appliances[M2,H4]",4.28493E-05,,,,,,,,,,,,,,,,,,,,,,,,,,,,,,,,,,,,,,
"Hour factor appliances[M2,H5]",4.6137E-05,,,,,,,,,,,,,,,,,,,,,,,,,,,,,,,,,,,,,,
"Hour factor appliances[M2,H6]",4.74521E-05,,,,,,,,,,,,,,,,,,,,,,,,,,,,,,,,,,,,,,
"Hour factor appliances[M2,H7]",8.23014E-05,,,,,,,,,,,,,,,,,,,,,,,,,,,,,,,,,,,,,,
"Hour factor appliances[M2,H8]",9.56712E-05,,,,,,,,,,,,,,,,,,,,,,,,,,,,,,,,,,,,,,
"Hour factor appliances[M2,H9]",0.000116712,,,,,,,,,,,,,,,,,,,,,,,,,,,,,,,,,,,,,,
"Hour factor appliances[M2,H10]",0.000135781,,,,,,,,,,,,,,,,,,,,,,,,,,,,,,,,,,,,,,
"Hour factor appliances[M2,H11]",0.00014937,,,,,,,,,,,,,,,,,,,,,,,,,,,,,,,,,,,,,,
"Hour factor appliances[M2,H12]",0.000167452,,,,,,,,,,,,,,,,,,,,,,,,,,,,,,,,,,,,,,
"Hour factor appliances[M2,H13]",0.000169753,,,,,,,,,,,,,,,,,,,,,,,,,,,,,,,,,,,,,,
"Hour factor appliances[M2,H14]",0.00013863,,,,,,,,,,,,,,,,,,,,,,,,,,,,,,,,,,,,,,
"Hour factor appliances[M2,H15]",0.000117808,,,,,,,,,,,,,,,,,,,,,,,,,,,,,,,,,,,,,,
"Hour factor appliances[M2,H16]",0.000112,,,,,,,,,,,,,,,,,,,,,,,,,,,,,,,,,,,,,,
"Hour factor appliances[M2,H17]",0.000109041,,,,,,,,,,,,,,,,,,,,,,,,,,,,,,,,,,,,,,
"Hour factor appliances[M2,H18]",0.000140603,,,,,,,,,,,,,,,,,,,,,,,,,,,,,,,,,,,,,,
"Hour factor appliances[M2,H19]",0.000174466,,,,,,,,,,,,,,,,,,,,,,,,,,,,,,,,,,,,,,
"Hour factor appliances[M2,H20]",0.000180932,,,,,,,,,,,,,,,,,,,,,,,,,,,,,,,,,,,,,,
"Hour factor appliances[M2,H21]",0.000154082,,,,,,,,,,,,,,,,,,,,,,,,,,,,,,,,,,,,,,
"Hour factor appliances[M2,H22]",0.000123288,,,,,,,,,,,,,,,,,,,,,,,,,,,,,,,,,,,,,,
"Hour factor appliances[M2,H23]",0.000105534,,,,,,,,,,,,,,,,,,,,,,,,,,,,,,,,,,,,,,
"Hour factor appliances[M2,H24]",7.56164E-05,,,,,,,,,,,,,,,,,,,,,,,,,,,,,,,,,,,,,,
"Hour factor appliances[M3,H1]",8.23014E-05,,,,,,,,,,,,,,,,,,,,,,,,,,,,,,,,,,,,,,
"Hour factor appliances[M3,H2]",5.83014E-05,,,,,,,,,,,,,,,,,,,,,,,,,,,,,,,,,,,,,,
"Hour factor appliances[M3,H3]",4.60274E-05,,,,,,,,,,,,,,,,,,,,,,,,,,,,,,,,,,,,,,
"Hour factor appliances[M3,H4]",4.28493E-05,,,,,,,,,,,,,,,,,,,,,,,,,,,,,,,,,,,,,,
"Hour factor appliances[M3,H5]",4.6137E-05,,,,,,,,,,,,,,,,,,,,,,,,,,,,,,,,,,,,,,
"Hour factor appliances[M3,H6]",4.74521E-05,,,,,,,,,,,,,,,,,,,,,,,,,,,,,,,,,,,,,,
"Hour factor appliances[M3,H7]",8.23014E-05,,,,,,,,,,,,,,,,,,,,,,,,,,,,,,,,,,,,,,
"Hour factor appliances[M3,H8]",9.56712E-05,,,,,,,,,,,,,,,,,,,,,,,,,,,,,,,,,,,,,,
"Hour factor appliances[M3,H9]",0.000116712,,,,,,,,,,,,,,,,,,,,,,,,,,,,,,,,,,,,,,
"Hour factor appliances[M3,H10]",0.000135781,,,,,,,,,,,,,,,,,,,,,,,,,,,,,,,,,,,,,,
"Hour factor appliances[M3,H11]",0.00014937,,,,,,,,,,,,,,,,,,,,,,,,,,,,,,,,,,,,,,
"Hour factor appliances[M3,H12]",0.000167452,,,,,,,,,,,,,,,,,,,,,,,,,,,,,,,,,,,,,,
"Hour factor appliances[M3,H13]",0.000169753,,,,,,,,,,,,,,,,,,,,,,,,,,,,,,,,,,,,,,
"Hour factor appliances[M3,H14]",0.00013863,,,,,,,,,,,,,,,,,,,,,,,,,,,,,,,,,,,,,,
"Hour factor appliances[M3,H15]",0.000117808,,,,,,,,,,,,,,,,,,,,,,,,,,,,,,,,,,,,,,
"Hour factor appliances[M3,H16]",0.000112,,,,,,,,,,,,,,,,,,,,,,,,,,,,,,,,,,,,,,
"Hour factor appliances[M3,H17]",0.000109041,,,,,,,,,,,,,,,,,,,,,,,,,,,,,,,,,,,,,,
"Hour factor appliances[M3,H18]",0.000140603,,,,,,,,,,,,,,,,,,,,,,,,,,,,,,,,,,,,,,
"Hour factor appliances[M3,H19]",0.000174466,,,,,,,,,,,,,,,,,,,,,,,,,,,,,,,,,,,,,,
"Hour factor appliances[M3,H20]",0.000180932,,,,,,,,,,,,,,,,,,,,,,,,,,,,,,,,,,,,,,
"Hour factor appliances[M3,H21]",0.000154082,,,,,,,,,,,,,,,,,,,,,,,,,,,,,,,,,,,,,,
"Hour factor appliances[M3,H22]",0.000123288,,,,,,,,,,,,,,,,,,,,,,,,,,,,,,,,,,,,,,
"Hour factor appliances[M3,H23]",0.000105534,,,,,,,,,,,,,,,,,,,,,,,,,,,,,,,,,,,,,,
"Hour factor appliances[M3,H24]",7.56164E-05,,,,,,,,,,,,,,,,,,,,,,,,,,,,,,,,,,,,,,
"Hour factor appliances[M4,H1]",8.8274E-05,,,,,,,,,,,,,,,,,,,,,,,,,,,,,,,,,,,,,,
"Hour factor appliances[M4,H2]",6.14795E-05,,,,,,,,,,,,,,,,,,,,,,,,,,,,,,,,,,,,,,
"Hour factor appliances[M4,H3]",4.88767E-05,,,,,,,,,,,,,,,,,,,,,,,,,,,,,,,,,,,,,,
"Hour factor appliances[M4,H4]",4.41644E-05,,,,,,,,,,,,,,,,,,,,,,,,,,,,,,,,,,,,,,
"Hour factor appliances[M4,H5]",5.04658E-05,,,,,,,,,,,,,,,,,,,,,,,,,,,,,,,,,,,,,,
"Hour factor appliances[M4,H6]",5.20548E-05,,,,,,,,,,,,,,,,,,,,,,,,,,,,,,,,,,,,,,
"Hour factor appliances[M4,H7]",7.88493E-05,,,,,,,,,,,,,,,,,,,,,,,,,,,,,,,,,,,,,,
"Hour factor appliances[M4,H8]",0.000108767,,,,,,,,,,,,,,,,,,,,,,,,,,,,,,,,,,,,,,
"Hour factor appliances[M4,H9]",0.000135562,,,,,,,,,,,,,,,,,,,,,,,,,,,,,,,,,,,,,,
"Hour factor appliances[M4,H10]",0.000149753,,,,,,,,,,,,,,,,,,,,,,,,,,,,,,,,,,,,,,
"Hour factor appliances[M4,H11]",0.000154466,,,,,,,,,,,,,,,,,,,,,,,,,,,,,,,,,,,,,,
"Hour factor appliances[M4,H12]",0.000171781,,,,,,,,,,,,,,,,,,,,,,,,,,,,,,,,,,,,,,
"Hour factor appliances[M4,H13]",0.000170247,,,,,,,,,,,,,,,,,,,,,,,,,,,,,,,,,,,,,,
"Hour factor appliances[M4,H14]",0.000138685,,,,,,,,,,,,,,,,,,,,,,,,,,,,,,,,,,,,,,
"Hour factor appliances[M4,H15]",0.00012137,,,,,,,,,,,,,,,,,,,,,,,,,,,,,,,,,,,,,,
"Hour factor appliances[M4,H16]",0.000107178,,,,,,,,,,,,,,,,,,,,,,,,,,,,,,,,,,,,,,
"Hour factor appliances[M4,H17]",0.000107178,,,,,,,,,,,,,,,,,,,,,,,,,,,,,,,,,,,,,,
"Hour factor appliances[M4,H18]",0.000122959,,,,,,,,,,,,,,,,,,,,,,,,,,,,,,,,,,,,,,
"Hour factor appliances[M4,H19]",0.000154466,,,,,,,,,,,,,,,,,,,,,,,,,,,,,,,,,,,,,,
"Hour factor appliances[M4,H20]",0.00016389,,,,,,,,,,,,,,,,,,,,,,,,,,,,,,,,,,,,,,
"Hour factor appliances[M4,H21]",0.000151288,,,,,,,,,,,,,,,,,,,,,,,,,,,,,,,,,,,,,,
"Hour factor appliances[M4,H22]",0.000146575,,,,,,,,,,,,,,,,,,,,,,,,,,,,,,,,,,,,,,
"Hour factor appliances[M4,H23]",0.000122959,,,,,,,,,,,,,,,,,,,,,,,,,,,,,,,,,,,,,,
"Hour factor appliances[M4,H24]",8.19726E-05,,,,,,,,,,,,,,,,,,,,,,,,,,,,,,,,,,,,,,
"Hour factor appliances[M5,H1]",8.8274E-05,,,,,,,,,,,,,,,,,,,,,,,,,,,,,,,,,,,,,,
"Hour factor appliances[M5,H2]",6.14795E-05,,,,,,,,,,,,,,,,,,,,,,,,,,,,,,,,,,,,,,
"Hour factor appliances[M5,H3]",4.88767E-05,,,,,,,,,,,,,,,,,,,,,,,,,,,,,,,,,,,,,,
"Hour factor appliances[M5,H4]",4.41644E-05,,,,,,,,,,,,,,,,,,,,,,,,,,,,,,,,,,,,,,
"Hour factor appliances[M5,H5]",5.04658E-05,,,,,,,,,,,,,,,,,,,,,,,,,,,,,,,,,,,,,,
"Hour factor appliances[M5,H6]",5.20548E-05,,,,,,,,,,,,,,,,,,,,,,,,,,,,,,,,,,,,,,
"Hour factor appliances[M5,H7]",7.88493E-05,,,,,,,,,,,,,,,,,,,,,,,,,,,,,,,,,,,,,,
"Hour factor appliances[M5,H8]",0.000108767,,,,,,,,,,,,,,,,,,,,,,,,,,,,,,,,,,,,,,
"Hour factor appliances[M5,H9]",0.000135562,,,,,,,,,,,,,,,,,,,,,,,,,,,,,,,,,,,,,,
"Hour factor appliances[M5,H10]",0.000149753,,,,,,,,,,,,,,,,,,,,,,,,,,,,,,,,,,,,,,
"Hour factor appliances[M5,H11]",0.000154466,,,,,,,,,,,,,,,,,,,,,,,,,,,,,,,,,,,,,,
"Hour factor appliances[M5,H12]",0.000171781,,,,,,,,,,,,,,,,,,,,,,,,,,,,,,,,,,,,,,
"Hour factor appliances[M5,H13]",0.000170247,,,,,,,,,,,,,,,,,,,,,,,,,,,,,,,,,,,,,,
"Hour factor appliances[M5,H14]",0.000138685,,,,,,,,,,,,,,,,,,,,,,,,,,,,,,,,,,,,,,
"Hour factor appliances[M5,H15]",0.00012137,,,,,,,,,,,,,,,,,,,,,,,,,,,,,,,,,,,,,,
"Hour factor appliances[M5,H16]",0.000107178,,,,,,,,,,,,,,,,,,,,,,,,,,,,,,,,,,,,,,
"Hour factor appliances[M5,H17]",0.000107178,,,,,,,,,,,,,,,,,,,,,,,,,,,,,,,,,,,,,,
"Hour factor appliances[M5,H18]",0.000122959,,,,,,,,,,,,,,,,,,,,,,,,,,,,,,,,,,,,,,
"Hour factor appliances[M5,H19]",0.000154466,,,,,,,,,,,,,,,,,,,,,,,,,,,,,,,,,,,,,,
"Hour factor appliances[M5,H20]",0.00016389,,,,,,,,,,,,,,,,,,,,,,,,,,,,,,,,,,,,,,
"Hour factor appliances[M5,H21]",0.000151288,,,,,,,,,,,,,,,,,,,,,,,,,,,,,,,,,,,,,,
"Hour factor appliances[M5,H22]",0.000146575,,,,,,,,,,,,,,,,,,,,,,,,,,,,,,,,,,,,,,
"Hour factor appliances[M5,H23]",0.000122959,,,,,,,,,,,,,,,,,,,,,,,,,,,,,,,,,,,,,,
"Hour factor appliances[M5,H24]",8.19726E-05,,,,,,,,,,,,,,,,,,,,,,,,,,,,,,,,,,,,,,
"Hour factor appliances[M6,H1]",8.8274E-05,,,,,,,,,,,,,,,,,,,,,,,,,,,,,,,,,,,,,,
"Hour factor appliances[M6,H2]",6.14795E-05,,,,,,,,,,,,,,,,,,,,,,,,,,,,,,,,,,,,,,
"Hour factor appliances[M6,H3]",4.88767E-05,,,,,,,,,,,,,,,,,,,,,,,,,,,,,,,,,,,,,,
"Hour factor appliances[M6,H4]",4.41644E-05,,,,,,,,,,,,,,,,,,,,,,,,,,,,,,,,,,,,,,
"Hour factor appliances[M6,H5]",5.04658E-05,,,,,,,,,,,,,,,,,,,,,,,,,,,,,,,,,,,,,,
"Hour factor appliances[M6,H6]",5.20548E-05,,,,,,,,,,,,,,,,,,,,,,,,,,,,,,,,,,,,,,
"Hour factor appliances[M6,H7]",7.88493E-05,,,,,,,,,,,,,,,,,,,,,,,,,,,,,,,,,,,,,,
"Hour factor appliances[M6,H8]",0.000108767,,,,,,,,,,,,,,,,,,,,,,,,,,,,,,,,,,,,,,
"Hour factor appliances[M6,H9]",0.000135562,,,,,,,,,,,,,,,,,,,,,,,,,,,,,,,,,,,,,,
"Hour factor appliances[M6,H10]",0.000149753,,,,,,,,,,,,,,,,,,,,,,,,,,,,,,,,,,,,,,
"Hour factor appliances[M6,H11]",0.000154466,,,,,,,,,,,,,,,,,,,,,,,,,,,,,,,,,,,,,,
"Hour factor appliances[M6,H12]",0.000171781,,,,,,,,,,,,,,,,,,,,,,,,,,,,,,,,,,,,,,
"Hour factor appliances[M6,H13]",0.000170247,,,,,,,,,,,,,,,,,,,,,,,,,,,,,,,,,,,,,,
"Hour factor appliances[M6,H14]",0.000138685,,,,,,,,,,,,,,,,,,,,,,,,,,,,,,,,,,,,,,
"Hour factor appliances[M6,H15]",0.00012137,,,,,,,,,,,,,,,,,,,,,,,,,,,,,,,,,,,,,,
"Hour factor appliances[M6,H16]",0.000107178,,,,,,,,,,,,,,,,,,,,,,,,,,,,,,,,,,,,,,
"Hour factor appliances[M6,H17]",0.000107178,,,,,,,,,,,,,,,,,,,,,,,,,,,,,,,,,,,,,,
"Hour factor appliances[M6,H18]",0.000122959,,,,,,,,,,,,,,,,,,,,,,,,,,,,,,,,,,,,,,
"Hour factor appliances[M6,H19]",0.000154466,,,,,,,,,,,,,,,,,,,,,,,,,,,,,,,,,,,,,,
"Hour factor appliances[M6,H20]",0.00016389,,,,,,,,,,,,,,,,,,,,,,,,,,,,,,,,,,,,,,
"Hour factor appliances[M6,H21]",0.000151288,,,,,,,,,,,,,,,,,,,,,,,,,,,,,,,,,,,,,,
"Hour factor appliances[M6,H22]",0.000146575,,,,,,,,,,,,,,,,,,,,,,,,,,,,,,,,,,,,,,
"Hour factor appliances[M6,H23]",0.000122959,,,,,,,,,,,,,,,,,,,,,,,,,,,,,,,,,,,,,,
"Hour factor appliances[M6,H24]",8.19726E-05,,,,,,,,,,,,,,,,,,,,,,,,,,,,,,,,,,,,,,
"Hour factor appliances[M7,H1]",9.13973E-05,,,,,,,,,,,,,,,,,,,,,,,,,,,,,,,,,,,,,,
"Hour factor appliances[M7,H2]",6.46575E-05,,,,,,,,,,,,,,,,,,,,,,,,,,,,,,,,,,,,,,
"Hour factor appliances[M7,H3]",5.3589E-05,,,,,,,,,,,,,,,,,,,,,,,,,,,,,,,,,,,,,,
"Hour factor appliances[M7,H4]",4.88767E-05,,,,,,,,,,,,,,,,,,,,,,,,,,,,,,,,,,,,,,
"Hour factor appliances[M7,H5]",5.0411E-05,,,,,,,,,,,,,,,,,,,,,,,,,,,,,,,,,,,,,,
"Hour factor appliances[M7,H6]",5.83014E-05,,,,,,,,,,,,,,,,,,,,,,,,,,,,,,,,,,,,,,
"Hour factor appliances[M7,H7]",8.03288E-05,,,,,,,,,,,,,,,,,,,,,,,,,,,,,,,,,,,,,,
"Hour factor appliances[M7,H8]",0.000108712,,,,,,,,,,,,,,,,,,,,,,,,,,,,,,,,,,,,,,
"Hour factor appliances[M7,H9]",0.000133918,,,,,,,,,,,,,,,,,,,,,,,,,,,,,,,,,,,,,,
"Hour factor appliances[M7,H10]",0.000154411,,,,,,,,,,,,,,,,,,,,,,,,,,,,,,,,,,,,,,
"Hour factor appliances[M7,H11]",0.000162301,,,,,,,,,,,,,,,,,,,,,,,,,,,,,,,,,,,,,,
"Hour factor appliances[M7,H12]",0.000176548,,,,,,,,,,,,,,,,,,,,,,,,,,,,,,,,,,,,,,
"Hour factor appliances[M7,H13]",0.000178082,,,,,,,,,,,,,,,,,,,,,,,,,,,,,,,,,,,,,,
"Hour factor appliances[M7,H14]",0.000143342,,,,,,,,,,,,,,,,,,,,,,,,,,,,,,,,,,,,,,
"Hour factor appliances[M7,H15]",0.000127671,,,,,,,,,,,,,,,,,,,,,,,,,,,,,,,,,,,,,,
"Hour factor appliances[M7,H16]",0.000113534,,,,,,,,,,,,,,,,,,,,,,,,,,,,,,,,,,,,,,
"Hour factor appliances[M7,H17]",0.000110356,,,,,,,,,,,,,,,,,,,,,,,,,,,,,,,,,,,,,,
"Hour factor appliances[M7,H18]",0.000122959,,,,,,,,,,,,,,,,,,,,,,,,,,,,,,,,,,,,,,
"Hour factor appliances[M7,H19]",0.000143342,,,,,,,,,,,,,,,,,,,,,,,,,,,,,,,,,,,,,,
"Hour factor appliances[M7,H20]",0.000163836,,,,,,,,,,,,,,,,,,,,,,,,,,,,,,,,,,,,,,
"Hour factor appliances[M7,H21]",0.000154411,,,,,,,,,,,,,,,,,,,,,,,,,,,,,,,,,,,,,,
"Hour factor appliances[M7,H22]",0.000146521,,,,,,,,,,,,,,,,,,,,,,,,,,,,,,,,,,,,,,
"Hour factor appliances[M7,H23]",0.00013874,,,,,,,,,,,,,,,,,,,,,,,,,,,,,,,,,,,,,,
"Hour factor appliances[M7,H24]",9.44658E-05,,,,,,,,,,,,,,,,,,,,,,,,,,,,,,,,,,,,,,
"Hour factor appliances[M8,H1]",9.13973E-05,,,,,,,,,,,,,,,,,,,,,,,,,,,,,,,,,,,,,,
"Hour factor appliances[M8,H2]",6.46575E-05,,,,,,,,,,,,,,,,,,,,,,,,,,,,,,,,,,,,,,
"Hour factor appliances[M8,H3]",5.3589E-05,,,,,,,,,,,,,,,,,,,,,,,,,,,,,,,,,,,,,,
"Hour factor appliances[M8,H4]",4.88767E-05,,,,,,,,,,,,,,,,,,,,,,,,,,,,,,,,,,,,,,
"Hour factor appliances[M8,H5]",5.0411E-05,,,,,,,,,,,,,,,,,,,,,,,,,,,,,,,,,,,,,,
"Hour factor appliances[M8,H6]",5.83014E-05,,,,,,,,,,,,,,,,,,,,,,,,,,,,,,,,,,,,,,
"Hour factor appliances[M8,H7]",8.03288E-05,,,,,,,,,,,,,,,,,,,,,,,,,,,,,,,,,,,,,,
"Hour factor appliances[M8,H8]",0.000108712,,,,,,,,,,,,,,,,,,,,,,,,,,,,,,,,,,,,,,
"Hour factor appliances[M8,H9]",0.000133918,,,,,,,,,,,,,,,,,,,,,,,,,,,,,,,,,,,,,,
"Hour factor appliances[M8,H10]",0.000154411,,,,,,,,,,,,,,,,,,,,,,,,,,,,,,,,,,,,,,
"Hour factor appliances[M8,H11]",0.000162301,,,,,,,,,,,,,,,,,,,,,,,,,,,,,,,,,,,,,,
"Hour factor appliances[M8,H12]",0.000176548,,,,,,,,,,,,,,,,,,,,,,,,,,,,,,,,,,,,,,
"Hour factor appliances[M8,H13]",0.000178082,,,,,,,,,,,,,,,,,,,,,,,,,,,,,,,,,,,,,,
"Hour factor appliances[M8,H14]",0.000143342,,,,,,,,,,,,,,,,,,,,,,,,,,,,,,,,,,,,,,
"Hour factor appliances[M8,H15]",0.000127671,,,,,,,,,,,,,,,,,,,,,,,,,,,,,,,,,,,,,,
"Hour factor appliances[M8,H16]",0.000113534,,,,,,,,,,,,,,,,,,,,,,,,,,,,,,,,,,,,,,
"Hour factor appliances[M8,H17]",0.000110356,,,,,,,,,,,,,,,,,,,,,,,,,,,,,,,,,,,,,,
"Hour factor appliances[M8,H18]",0.000122959,,,,,,,,,,,,,,,,,,,,,,,,,,,,,,,,,,,,,,
"Hour factor appliances[M8,H19]",0.000143342,,,,,,,,,,,,,,,,,,,,,,,,,,,,,,,,,,,,,,
"Hour factor appliances[M8,H20]",0.000163836,,,,,,,,,,,,,,,,,,,,,,,,,,,,,,,,,,,,,,
"Hour factor appliances[M8,H21]",0.000154411,,,,,,,,,,,,,,,,,,,,,,,,,,,,,,,,,,,,,,
"Hour factor appliances[M8,H22]",0.000146521,,,,,,,,,,,,,,,,,,,,,,,,,,,,,,,,,,,,,,
"Hour factor appliances[M8,H23]",0.00013874,,,,,,,,,,,,,,,,,,,,,,,,,,,,,,,,,,,,,,
"Hour factor appliances[M8,H24]",9.44658E-05,,,,,,,,,,,,,,,,,,,,,,,,,,,,,,,,,,,,,,
"Hour factor appliances[M9,H1]",9.13973E-05,,,,,,,,,,,,,,,,,,,,,,,,,,,,,,,,,,,,,,
"Hour factor appliances[M9,H2]",6.46575E-05,,,,,,,,,,,,,,,,,,,,,,,,,,,,,,,,,,,,,,
"Hour factor appliances[M9,H3]",5.3589E-05,,,,,,,,,,,,,,,,,,,,,,,,,,,,,,,,,,,,,,
"Hour factor appliances[M9,H4]",4.88767E-05,,,,,,,,,,,,,,,,,,,,,,,,,,,,,,,,,,,,,,
"Hour factor appliances[M9,H5]",5.0411E-05,,,,,,,,,,,,,,,,,,,,,,,,,,,,,,,,,,,,,,
"Hour factor appliances[M9,H6]",5.83014E-05,,,,,,,,,,,,,,,,,,,,,,,,,,,,,,,,,,,,,,
"Hour factor appliances[M9,H7]",8.03288E-05,,,,,,,,,,,,,,,,,,,,,,,,,,,,,,,,,,,,,,
"Hour factor appliances[M9,H8]",0.000108712,,,,,,,,,,,,,,,,,,,,,,,,,,,,,,,,,,,,,,
"Hour factor appliances[M9,H9]",0.000133918,,,,,,,,,,,,,,,,,,,,,,,,,,,,,,,,,,,,,,
"Hour factor appliances[M9,H10]",0.000154411,,,,,,,,,,,,,,,,,,,,,,,,,,,,,,,,,,,,,,
"Hour factor appliances[M9,H11]",0.000162301,,,,,,,,,,,,,,,,,,,,,,,,,,,,,,,,,,,,,,
"Hour factor appliances[M9,H12]",0.000176548,,,,,,,,,,,,,,,,,,,,,,,,,,,,,,,,,,,,,,
"Hour factor appliances[M9,H13]",0.000178082,,,,,,,,,,,,,,,,,,,,,,,,,,,,,,,,,,,,,,
"Hour factor appliances[M9,H14]",0.000143342,,,,,,,,,,,,,,,,,,,,,,,,,,,,,,,,,,,,,,
"Hour factor appliances[M9,H15]",0.000127671,,,,,,,,,,,,,,,,,,,,,,,,,,,,,,,,,,,,,,
"Hour factor appliances[M9,H16]",0.000113534,,,,,,,,,,,,,,,,,,,,,,,,,,,,,,,,,,,,,,
"Hour factor appliances[M9,H17]",0.000110356,,,,,,,,,,,,,,,,,,,,,,,,,,,,,,,,,,,,,,
"Hour factor appliances[M9,H18]",0.000122959,,,,,,,,,,,,,,,,,,,,,,,,,,,,,,,,,,,,,,
"Hour factor appliances[M9,H19]",0.000143342,,,,,,,,,,,,,,,,,,,,,,,,,,,,,,,,,,,,,,
"Hour factor appliances[M9,H20]",0.000163836,,,,,,,,,,,,,,,,,,,,,,,,,,,,,,,,,,,,,,
"Hour factor appliances[M9,H21]",0.000154411,,,,,,,,,,,,,,,,,,,,,,,,,,,,,,,,,,,,,,
"Hour factor appliances[M9,H22]",0.000146521,,,,,,,,,,,,,,,,,,,,,,,,,,,,,,,,,,,,,,
"Hour factor appliances[M9,H23]",0.00013874,,,,,,,,,,,,,,,,,,,,,,,,,,,,,,,,,,,,,,
"Hour factor appliances[M9,H24]",9.44658E-05,,,,,,,,,,,,,,,,,,,,,,,,,,,,,,,,,,,,,,
"Hour factor appliances[M10,H1]",8.8274E-05,,,,,,,,,,,,,,,,,,,,,,,,,,,,,,,,,,,,,,
"Hour factor appliances[M10,H2]",6.14795E-05,,,,,,,,,,,,,,,,,,,,,,,,,,,,,,,,,,,,,,
"Hour factor appliances[M10,H3]",4.88767E-05,,,,,,,,,,,,,,,,,,,,,,,,,,,,,,,,,,,,,,
"Hour factor appliances[M10,H4]",4.41644E-05,,,,,,,,,,,,,,,,,,,,,,,,,,,,,,,,,,,,,,
"Hour factor appliances[M10,H5]",5.04658E-05,,,,,,,,,,,,,,,,,,,,,,,,,,,,,,,,,,,,,,
"Hour factor appliances[M10,H6]",5.20548E-05,,,,,,,,,,,,,,,,,,,,,,,,,,,,,,,,,,,,,,
"Hour factor appliances[M10,H7]",7.88493E-05,,,,,,,,,,,,,,,,,,,,,,,,,,,,,,,,,,,,,,
"Hour factor appliances[M10,H8]",0.000108767,,,,,,,,,,,,,,,,,,,,,,,,,,,,,,,,,,,,,,
"Hour factor appliances[M10,H9]",0.000135562,,,,,,,,,,,,,,,,,,,,,,,,,,,,,,,,,,,,,,
"Hour factor appliances[M10,H10]",0.000149753,,,,,,,,,,,,,,,,,,,,,,,,,,,,,,,,,,,,,,
"Hour factor appliances[M10,H11]",0.000154466,,,,,,,,,,,,,,,,,,,,,,,,,,,,,,,,,,,,,,
"Hour factor appliances[M10,H12]",0.000171781,,,,,,,,,,,,,,,,,,,,,,,,,,,,,,,,,,,,,,
"Hour factor appliances[M10,H13]",0.000170247,,,,,,,,,,,,,,,,,,,,,,,,,,,,,,,,,,,,,,
"Hour factor appliances[M10,H14]",0.000138685,,,,,,,,,,,,,,,,,,,,,,,,,,,,,,,,,,,,,,
"Hour factor appliances[M10,H15]",0.00012137,,,,,,,,,,,,,,,,,,,,,,,,,,,,,,,,,,,,,,
"Hour factor appliances[M10,H16]",0.000107178,,,,,,,,,,,,,,,,,,,,,,,,,,,,,,,,,,,,,,
"Hour factor appliances[M10,H17]",0.000107178,,,,,,,,,,,,,,,,,,,,,,,,,,,,,,,,,,,,,,
"Hour factor appliances[M10,H18]",0.000122959,,,,,,,,,,,,,,,,,,,,,,,,,,,,,,,,,,,,,,
"Hour factor appliances[M10,H19]",0.000154466,,,,,,,,,,,,,,,,,,,,,,,,,,,,,,,,,,,,,,
"Hour factor appliances[M10,H20]",0.00016389,,,,,,,,,,,,,,,,,,,,,,,,,,,,,,,,,,,,,,
"Hour factor appliances[M10,H21]",0.000151288,,,,,,,,,,,,,,,,,,,,,,,,,,,,,,,,,,,,,,
"Hour factor appliances[M10,H22]",0.000146575,,,,,,,,,,,,,,,,,,,,,,,,,,,,,,,,,,,,,,
"Hour factor appliances[M10,H23]",0.000122959,,,,,,,,,,,,,,,,,,,,,,,,,,,,,,,,,,,,,,
"Hour factor appliances[M10,H24]",8.19726E-05,,,,,,,,,,,,,,,,,,,,,,,,,,,,,,,,,,,,,,
"Hour factor appliances[M11,H1]",8.8274E-05,,,,,,,,,,,,,,,,,,,,,,,,,,,,,,,,,,,,,,
"Hour factor appliances[M11,H2]",6.14795E-05,,,,,,,,,,,,,,,,,,,,,,,,,,,,,,,,,,,,,,
"Hour factor appliances[M11,H3]",4.88767E-05,,,,,,,,,,,,,,,,,,,,,,,,,,,,,,,,,,,,,,
"Hour factor appliances[M11,H4]",4.41644E-05,,,,,,,,,,,,,,,,,,,,,,,,,,,,,,,,,,,,,,
"Hour factor appliances[M11,H5]",5.04658E-05,,,,,,,,,,,,,,,,,,,,,,,,,,,,,,,,,,,,,,
"Hour factor appliances[M11,H6]",5.20548E-05,,,,,,,,,,,,,,,,,,,,,,,,,,,,,,,,,,,,,,
"Hour factor appliances[M11,H7]",7.88493E-05,,,,,,,,,,,,,,,,,,,,,,,,,,,,,,,,,,,,,,
"Hour factor appliances[M11,H8]",0.000108767,,,,,,,,,,,,,,,,,,,,,,,,,,,,,,,,,,,,,,
"Hour factor appliances[M11,H9]",0.000135562,,,,,,,,,,,,,,,,,,,,,,,,,,,,,,,,,,,,,,
"Hour factor appliances[M11,H10]",0.000149753,,,,,,,,,,,,,,,,,,,,,,,,,,,,,,,,,,,,,,
"Hour factor appliances[M11,H11]",0.000154466,,,,,,,,,,,,,,,,,,,,,,,,,,,,,,,,,,,,,,
"Hour factor appliances[M11,H12]",0.000171781,,,,,,,,,,,,,,,,,,,,,,,,,,,,,,,,,,,,,,
"Hour factor appliances[M11,H13]",0.000170247,,,,,,,,,,,,,,,,,,,,,,,,,,,,,,,,,,,,,,
"Hour factor appliances[M11,H14]",0.000138685,,,,,,,,,,,,,,,,,,,,,,,,,,,,,,,,,,,,,,
"Hour factor appliances[M11,H15]",0.00012137,,,,,,,,,,,,,,,,,,,,,,,,,,,,,,,,,,,,,,
"Hour factor appliances[M11,H16]",0.000107178,,,,,,,,,,,,,,,,,,,,,,,,,,,,,,,,,,,,,,
"Hour factor appliances[M11,H17]",0.000107178,,,,,,,,,,,,,,,,,,,,,,,,,,,,,,,,,,,,,,
"Hour factor appliances[M11,H18]",0.000122959,,,,,,,,,,,,,,,,,,,,,,,,,,,,,,,,,,,,,,
"Hour factor appliances[M11,H19]",0.000154466,,,,,,,,,,,,,,,,,,,,,,,,,,,,,,,,,,,,,,
"Hour factor appliances[M11,H20]",0.00016389,,,,,,,,,,,,,,,,,,,,,,,,,,,,,,,,,,,,,,
"Hour factor appliances[M11,H21]",0.000151288,,,,,,,,,,,,,,,,,,,,,,,,,,,,,,,,,,,,,,
"Hour factor appliances[M11,H22]",0.000146575,,,,,,,,,,,,,,,,,,,,,,,,,,,,,,,,,,,,,,
"Hour factor appliances[M11,H23]",0.000122959,,,,,,,,,,,,,,,,,,,,,,,,,,,,,,,,,,,,,,
"Hour factor appliances[M11,H24]",8.19726E-05,,,,,,,,,,,,,,,,,,,,,,,,,,,,,,,,,,,,,,
"Hour factor appliances[M12,H1]",8.8274E-05,,,,,,,,,,,,,,,,,,,,,,,,,,,,,,,,,,,,,,
"Hour factor appliances[M12,H2]",6.14795E-05,,,,,,,,,,,,,,,,,,,,,,,,,,,,,,,,,,,,,,
"Hour factor appliances[M12,H3]",4.88767E-05,,,,,,,,,,,,,,,,,,,,,,,,,,,,,,,,,,,,,,
"Hour factor appliances[M12,H4]",4.41644E-05,,,,,,,,,,,,,,,,,,,,,,,,,,,,,,,,,,,,,,
"Hour factor appliances[M12,H5]",5.04658E-05,,,,,,,,,,,,,,,,,,,,,,,,,,,,,,,,,,,,,,
"Hour factor appliances[M12,H6]",5.20548E-05,,,,,,,,,,,,,,,,,,,,,,,,,,,,,,,,,,,,,,
"Hour factor appliances[M12,H7]",7.88493E-05,,,,,,,,,,,,,,,,,,,,,,,,,,,,,,,,,,,,,,
"Hour factor appliances[M12,H8]",0.000108767,,,,,,,,,,,,,,,,,,,,,,,,,,,,,,,,,,,,,,
"Hour factor appliances[M12,H9]",0.000135562,,,,,,,,,,,,,,,,,,,,,,,,,,,,,,,,,,,,,,
"Hour factor appliances[M12,H10]",0.000149753,,,,,,,,,,,,,,,,,,,,,,,,,,,,,,,,,,,,,,
"Hour factor appliances[M12,H11]",0.000154466,,,,,,,,,,,,,,,,,,,,,,,,,,,,,,,,,,,,,,
"Hour factor appliances[M12,H12]",0.000171781,,,,,,,,,,,,,,,,,,,,,,,,,,,,,,,,,,,,,,
"Hour factor appliances[M12,H13]",0.000170247,,,,,,,,,,,,,,,,,,,,,,,,,,,,,,,,,,,,,,
"Hour factor appliances[M12,H14]",0.000138685,,,,,,,,,,,,,,,,,,,,,,,,,,,,,,,,,,,,,,
"Hour factor appliances[M12,H15]",0.00012137,,,,,,,,,,,,,,,,,,,,,,,,,,,,,,,,,,,,,,
"Hour factor appliances[M12,H16]",0.000107178,,,,,,,,,,,,,,,,,,,,,,,,,,,,,,,,,,,,,,
"Hour factor appliances[M12,H17]",0.000107178,,,,,,,,,,,,,,,,,,,,,,,,,,,,,,,,,,,,,,
"Hour factor appliances[M12,H18]",0.000122959,,,,,,,,,,,,,,,,,,,,,,,,,,,,,,,,,,,,,,
"Hour factor appliances[M12,H19]",0.000154466,,,,,,,,,,,,,,,,,,,,,,,,,,,,,,,,,,,,,,
"Hour factor appliances[M12,H20]",0.00016389,,,,,,,,,,,,,,,,,,,,,,,,,,,,,,,,,,,,,,
"Hour factor appliances[M12,H21]",0.000151288,,,,,,,,,,,,,,,,,,,,,,,,,,,,,,,,,,,,,,
"Hour factor appliances[M12,H22]",0.000146575,,,,,,,,,,,,,,,,,,,,,,,,,,,,,,,,,,,,,,
"Hour factor appliances[M12,H23]",0.000122959,,,,,,,,,,,,,,,,,,,,,,,,,,,,,,,,,,,,,,
"Hour factor appliances[M12,H24]",8.19726E-05,,,,,,,,,,,,,,,,,,,,,,,,,,,,,,,,,,,,,,
"Hour factor conditioning[M1,H1]",0,,,,,,,,,,,,,,,,,,,,,,,,,,,,,,,,,,,,,,
"Hour factor conditioning[M1,H2]",0,,,,,,,,,,,,,,,,,,,,,,,,,,,,,,,,,,,,,,
"Hour factor conditioning[M1,H3]",0,,,,,,,,,,,,,,,,,,,,,,,,,,,,,,,,,,,,,,
"Hour factor conditioning[M1,H4]",0,,,,,,,,,,,,,,,,,,,,,,,,,,,,,,,,,,,,,,
"Hour factor conditioning[M1,H5]",0,,,,,,,,,,,,,,,,,,,,,,,,,,,,,,,,,,,,,,
"Hour factor conditioning[M1,H6]",0,,,,,,,,,,,,,,,,,,,,,,,,,,,,,,,,,,,,,,
"Hour factor conditioning[M1,H7]",0,,,,,,,,,,,,,,,,,,,,,,,,,,,,,,,,,,,,,,
"Hour factor conditioning[M1,H8]",0,,,,,,,,,,,,,,,,,,,,,,,,,,,,,,,,,,,,,,
"Hour factor conditioning[M1,H9]",0,,,,,,,,,,,,,,,,,,,,,,,,,,,,,,,,,,,,,,
"Hour factor conditioning[M1,H10]",0,,,,,,,,,,,,,,,,,,,,,,,,,,,,,,,,,,,,,,
"Hour factor conditioning[M1,H11]",0,,,,,,,,,,,,,,,,,,,,,,,,,,,,,,,,,,,,,,
"Hour factor conditioning[M1,H12]",0,,,,,,,,,,,,,,,,,,,,,,,,,,,,,,,,,,,,,,
"Hour factor conditioning[M1,H13]",0,,,,,,,,,,,,,,,,,,,,,,,,,,,,,,,,,,,,,,
"Hour factor conditioning[M1,H14]",0,,,,,,,,,,,,,,,,,,,,,,,,,,,,,,,,,,,,,,
"Hour factor conditioning[M1,H15]",0,,,,,,,,,,,,,,,,,,,,,,,,,,,,,,,,,,,,,,
"Hour factor conditioning[M1,H16]",0,,,,,,,,,,,,,,,,,,,,,,,,,,,,,,,,,,,,,,
"Hour factor conditioning[M1,H17]",0,,,,,,,,,,,,,,,,,,,,,,,,,,,,,,,,,,,,,,
"Hour factor conditioning[M1,H18]",0,,,,,,,,,,,,,,,,,,,,,,,,,,,,,,,,,,,,,,
"Hour factor conditioning[M1,H19]",0,,,,,,,,,,,,,,,,,,,,,,,,,,,,,,,,,,,,,,
"Hour factor conditioning[M1,H20]",0,,,,,,,,,,,,,,,,,,,,,,,,,,,,,,,,,,,,,,
"Hour factor conditioning[M1,H21]",0,,,,,,,,,,,,,,,,,,,,,,,,,,,,,,,,,,,,,,
"Hour factor conditioning[M1,H22]",0,,,,,,,,,,,,,,,,,,,,,,,,,,,,,,,,,,,,,,
"Hour factor conditioning[M1,H23]",0,,,,,,,,,,,,,,,,,,,,,,,,,,,,,,,,,,,,,,
"Hour factor conditioning[M1,H24]",0,,,,,,,,,,,,,,,,,,,,,,,,,,,,,,,,,,,,,,
"Hour factor conditioning[M2,H1]",0,,,,,,,,,,,,,,,,,,,,,,,,,,,,,,,,,,,,,,
"Hour factor conditioning[M2,H2]",0,,,,,,,,,,,,,,,,,,,,,,,,,,,,,,,,,,,,,,
"Hour factor conditioning[M2,H3]",0,,,,,,,,,,,,,,,,,,,,,,,,,,,,,,,,,,,,,,
"Hour factor conditioning[M2,H4]",0,,,,,,,,,,,,,,,,,,,,,,,,,,,,,,,,,,,,,,
"Hour factor conditioning[M2,H5]",0,,,,,,,,,,,,,,,,,,,,,,,,,,,,,,,,,,,,,,
"Hour factor conditioning[M2,H6]",0,,,,,,,,,,,,,,,,,,,,,,,,,,,,,,,,,,,,,,
"Hour factor conditioning[M2,H7]",0,,,,,,,,,,,,,,,,,,,,,,,,,,,,,,,,,,,,,,
"Hour factor conditioning[M2,H8]",0,,,,,,,,,,,,,,,,,,,,,,,,,,,,,,,,,,,,,,
"Hour factor conditioning[M2,H9]",0,,,,,,,,,,,,,,,,,,,,,,,,,,,,,,,,,,,,,,
"Hour factor conditioning[M2,H10]",0,,,,,,,,,,,,,,,,,,,,,,,,,,,,,,,,,,,,,,
"Hour factor conditioning[M2,H11]",0,,,,,,,,,,,,,,,,,,,,,,,,,,,,,,,,,,,,,,
"Hour factor conditioning[M2,H12]",0,,,,,,,,,,,,,,,,,,,,,,,,,,,,,,,,,,,,,,
"Hour factor conditioning[M2,H13]",0,,,,,,,,,,,,,,,,,,,,,,,,,,,,,,,,,,,,,,
"Hour factor conditioning[M2,H14]",0,,,,,,,,,,,,,,,,,,,,,,,,,,,,,,,,,,,,,,
"Hour factor conditioning[M2,H15]",0,,,,,,,,,,,,,,,,,,,,,,,,,,,,,,,,,,,,,,
"Hour factor conditioning[M2,H16]",0,,,,,,,,,,,,,,,,,,,,,,,,,,,,,,,,,,,,,,
"Hour factor conditioning[M2,H17]",0,,,,,,,,,,,,,,,,,,,,,,,,,,,,,,,,,,,,,,
"Hour factor conditioning[M2,H18]",0,,,,,,,,,,,,,,,,,,,,,,,,,,,,,,,,,,,,,,
"Hour factor conditioning[M2,H19]",0,,,,,,,,,,,,,,,,,,,,,,,,,,,,,,,,,,,,,,
"Hour factor conditioning[M2,H20]",0,,,,,,,,,,,,,,,,,,,,,,,,,,,,,,,,,,,,,,
"Hour factor conditioning[M2,H21]",0,,,,,,,,,,,,,,,,,,,,,,,,,,,,,,,,,,,,,,
"Hour factor conditioning[M2,H22]",0,,,,,,,,,,,,,,,,,,,,,,,,,,,,,,,,,,,,,,
"Hour factor conditioning[M2,H23]",0,,,,,,,,,,,,,,,,,,,,,,,,,,,,,,,,,,,,,,
"Hour factor conditioning[M2,H24]",0,,,,,,,,,,,,,,,,,,,,,,,,,,,,,,,,,,,,,,
"Hour factor conditioning[M3,H1]",0,,,,,,,,,,,,,,,,,,,,,,,,,,,,,,,,,,,,,,
"Hour factor conditioning[M3,H2]",0,,,,,,,,,,,,,,,,,,,,,,,,,,,,,,,,,,,,,,
"Hour factor conditioning[M3,H3]",0,,,,,,,,,,,,,,,,,,,,,,,,,,,,,,,,,,,,,,
"Hour factor conditioning[M3,H4]",0,,,,,,,,,,,,,,,,,,,,,,,,,,,,,,,,,,,,,,
"Hour factor conditioning[M3,H5]",0,,,,,,,,,,,,,,,,,,,,,,,,,,,,,,,,,,,,,,
"Hour factor conditioning[M3,H6]",0,,,,,,,,,,,,,,,,,,,,,,,,,,,,,,,,,,,,,,
"Hour factor conditioning[M3,H7]",0,,,,,,,,,,,,,,,,,,,,,,,,,,,,,,,,,,,,,,
"Hour factor conditioning[M3,H8]",0,,,,,,,,,,,,,,,,,,,,,,,,,,,,,,,,,,,,,,
"Hour factor conditioning[M3,H9]",0,,,,,,,,,,,,,,,,,,,,,,,,,,,,,,,,,,,,,,
"Hour factor conditioning[M3,H10]",0,,,,,,,,,,,,,,,,,,,,,,,,,,,,,,,,,,,,,,
"Hour factor conditioning[M3,H11]",0,,,,,,,,,,,,,,,,,,,,,,,,,,,,,,,,,,,,,,
"Hour factor conditioning[M3,H12]",0,,,,,,,,,,,,,,,,,,,,,,,,,,,,,,,,,,,,,,
"Hour factor conditioning[M3,H13]",0,,,,,,,,,,,,,,,,,,,,,,,,,,,,,,,,,,,,,,
"Hour factor conditioning[M3,H14]",0,,,,,,,,,,,,,,,,,,,,,,,,,,,,,,,,,,,,,,
"Hour factor conditioning[M3,H15]",0,,,,,,,,,,,,,,,,,,,,,,,,,,,,,,,,,,,,,,
"Hour factor conditioning[M3,H16]",0,,,,,,,,,,,,,,,,,,,,,,,,,,,,,,,,,,,,,,
"Hour factor conditioning[M3,H17]",0,,,,,,,,,,,,,,,,,,,,,,,,,,,,,,,,,,,,,,
"Hour factor conditioning[M3,H18]",0,,,,,,,,,,,,,,,,,,,,,,,,,,,,,,,,,,,,,,
"Hour factor conditioning[M3,H19]",0,,,,,,,,,,,,,,,,,,,,,,,,,,,,,,,,,,,,,,
"Hour factor conditioning[M3,H20]",0,,,,,,,,,,,,,,,,,,,,,,,,,,,,,,,,,,,,,,
"Hour factor conditioning[M3,H21]",0,,,,,,,,,,,,,,,,,,,,,,,,,,,,,,,,,,,,,,
"Hour factor conditioning[M3,H22]",0,,,,,,,,,,,,,,,,,,,,,,,,,,,,,,,,,,,,,,
"Hour factor conditioning[M3,H23]",0,,,,,,,,,,,,,,,,,,,,,,,,,,,,,,,,,,,,,,
"Hour factor conditioning[M3,H24]",0,,,,,,,,,,,,,,,,,,,,,,,,,,,,,,,,,,,,,,
"Hour factor conditioning[M4,H1]",3.29863E-05,,,,,,,,,,,,,,,,,,,,,,,,,,,,,,,,,,,,,,
"Hour factor conditioning[M4,H2]",3.60548E-05,,,,,,,,,,,,,,,,,,,,,,,,,,,,,,,,,,,,,,
"Hour factor conditioning[M4,H3]",4.69589E-05,,,,,,,,,,,,,,,,,,,,,,,,,,,,,,,,,,,,,,
"Hour factor conditioning[M4,H4]",8.33973E-05,,,,,,,,,,,,,,,,,,,,,,,,,,,,,,,,,,,,,,
"Hour factor conditioning[M4,H5]",0.000152219,,,,,,,,,,,,,,,,,,,,,,,,,,,,,,,,,,,,,,
"Hour factor conditioning[M4,H6]",0.00019863,,,,,,,,,,,,,,,,,,,,,,,,,,,,,,,,,,,,,,
"Hour factor conditioning[M4,H7]",0.000179671,,,,,,,,,,,,,,,,,,,,,,,,,,,,,,,,,,,,,,
"Hour factor conditioning[M4,H8]",0.000157699,,,,,,,,,,,,,,,,,,,,,,,,,,,,,,,,,,,,,,
"Hour factor conditioning[M4,H9]",0.000142082,,,,,,,,,,,,,,,,,,,,,,,,,,,,,,,,,,,,,,
"Hour factor conditioning[M4,H10]",0.000126192,,,,,,,,,,,,,,,,,,,,,,,,,,,,,,,,,,,,,,
"Hour factor conditioning[M4,H11]",0.000118685,,,,,,,,,,,,,,,,,,,,,,,,,,,,,,,,,,,,,,
"Hour factor conditioning[M4,H12]",0.000115507,,,,,,,,,,,,,,,,,,,,,,,,,,,,,,,,,,,,,,
"Hour factor conditioning[M4,H13]",0.000112384,,,,,,,,,,,,,,,,,,,,,,,,,,,,,,,,,,,,,,
"Hour factor conditioning[M4,H14]",0.000115014,,,,,,,,,,,,,,,,,,,,,,,,,,,,,,,,,,,,,,
"Hour factor conditioning[M4,H15]",0.00012274,,,,,,,,,,,,,,,,,,,,,,,,,,,,,,,,,,,,,,
"Hour factor conditioning[M4,H16]",0.000130575,,,,,,,,,,,,,,,,,,,,,,,,,,,,,,,,,,,,,,
"Hour factor conditioning[M4,H17]",0.000142521,,,,,,,,,,,,,,,,,,,,,,,,,,,,,,,,,,,,,,
"Hour factor conditioning[M4,H18]",0.000152274,,,,,,,,,,,,,,,,,,,,,,,,,,,,,,,,,,,,,,
"Hour factor conditioning[M4,H19]",0.000156658,,,,,,,,,,,,,,,,,,,,,,,,,,,,,,,,,,,,,,
"Hour factor conditioning[M4,H20]",0.000148712,,,,,,,,,,,,,,,,,,,,,,,,,,,,,,,,,,,,,,
"Hour factor conditioning[M4,H21]",0.000122575,,,,,,,,,,,,,,,,,,,,,,,,,,,,,,,,,,,,,,
"Hour factor conditioning[M4,H22]",6.78904E-05,,,,,,,,,,,,,,,,,,,,,,,,,,,,,,,,,,,,,,
"Hour factor conditioning[M4,H23]",4.0274E-05,,,,,,,,,,,,,,,,,,,,,,,,,,,,,,,,,,,,,,
"Hour factor conditioning[M4,H24]",3.11781E-05,,,,,,,,,,,,,,,,,,,,,,,,,,,,,,,,,,,,,,
"Hour factor conditioning[M5,H1]",3.29863E-05,,,,,,,,,,,,,,,,,,,,,,,,,,,,,,,,,,,,,,
"Hour factor conditioning[M5,H2]",3.60548E-05,,,,,,,,,,,,,,,,,,,,,,,,,,,,,,,,,,,,,,
"Hour factor conditioning[M5,H3]",4.69589E-05,,,,,,,,,,,,,,,,,,,,,,,,,,,,,,,,,,,,,,
"Hour factor conditioning[M5,H4]",8.33973E-05,,,,,,,,,,,,,,,,,,,,,,,,,,,,,,,,,,,,,,
"Hour factor conditioning[M5,H5]",0.000152219,,,,,,,,,,,,,,,,,,,,,,,,,,,,,,,,,,,,,,
"Hour factor conditioning[M5,H6]",0.00019863,,,,,,,,,,,,,,,,,,,,,,,,,,,,,,,,,,,,,,
"Hour factor conditioning[M5,H7]",0.000179671,,,,,,,,,,,,,,,,,,,,,,,,,,,,,,,,,,,,,,
"Hour factor conditioning[M5,H8]",0.000157699,,,,,,,,,,,,,,,,,,,,,,,,,,,,,,,,,,,,,,
"Hour factor conditioning[M5,H9]",0.000142082,,,,,,,,,,,,,,,,,,,,,,,,,,,,,,,,,,,,,,
"Hour factor conditioning[M5,H10]",0.000126192,,,,,,,,,,,,,,,,,,,,,,,,,,,,,,,,,,,,,,
"Hour factor conditioning[M5,H11]",0.000118685,,,,,,,,,,,,,,,,,,,,,,,,,,,,,,,,,,,,,,
"Hour factor conditioning[M5,H12]",0.000115507,,,,,,,,,,,,,,,,,,,,,,,,,,,,,,,,,,,,,,
"Hour factor conditioning[M5,H13]",0.000112384,,,,,,,,,,,,,,,,,,,,,,,,,,,,,,,,,,,,,,
"Hour factor conditioning[M5,H14]",0.000115014,,,,,,,,,,,,,,,,,,,,,,,,,,,,,,,,,,,,,,
"Hour factor conditioning[M5,H15]",0.00012274,,,,,,,,,,,,,,,,,,,,,,,,,,,,,,,,,,,,,,
"Hour factor conditioning[M5,H16]",0.000130575,,,,,,,,,,,,,,,,,,,,,,,,,,,,,,,,,,,,,,
"Hour factor conditioning[M5,H17]",0.000142521,,,,,,,,,,,,,,,,,,,,,,,,,,,,,,,,,,,,,,
"Hour factor conditioning[M5,H18]",0.000152274,,,,,,,,,,,,,,,,,,,,,,,,,,,,,,,,,,,,,,
"Hour factor conditioning[M5,H19]",0.000156658,,,,,,,,,,,,,,,,,,,,,,,,,,,,,,,,,,,,,,
"Hour factor conditioning[M5,H20]",0.000148712,,,,,,,,,,,,,,,,,,,,,,,,,,,,,,,,,,,,,,
"Hour factor conditioning[M5,H21]",0.000122575,,,,,,,,,,,,,,,,,,,,,,,,,,,,,,,,,,,,,,
"Hour factor conditioning[M5,H22]",6.78904E-05,,,,,,,,,,,,,,,,,,,,,,,,,,,,,,,,,,,,,,
"Hour factor conditioning[M5,H23]",4.0274E-05,,,,,,,,,,,,,,,,,,,,,,,,,,,,,,,,,,,,,,
"Hour factor conditioning[M5,H24]",3.11781E-05,,,,,,,,,,,,,,,,,,,,,,,,,,,,,,,,,,,,,,
"Hour factor conditioning[M6,H1]",3.29863E-05,,,,,,,,,,,,,,,,,,,,,,,,,,,,,,,,,,,,,,
"Hour factor conditioning[M6,H2]",3.60548E-05,,,,,,,,,,,,,,,,,,,,,,,,,,,,,,,,,,,,,,
"Hour factor conditioning[M6,H3]",4.69589E-05,,,,,,,,,,,,,,,,,,,,,,,,,,,,,,,,,,,,,,
"Hour factor conditioning[M6,H4]",8.33973E-05,,,,,,,,,,,,,,,,,,,,,,,,,,,,,,,,,,,,,,
"Hour factor conditioning[M6,H5]",0.000152219,,,,,,,,,,,,,,,,,,,,,,,,,,,,,,,,,,,,,,
"Hour factor conditioning[M6,H6]",0.00019863,,,,,,,,,,,,,,,,,,,,,,,,,,,,,,,,,,,,,,
"Hour factor conditioning[M6,H7]",0.000179671,,,,,,,,,,,,,,,,,,,,,,,,,,,,,,,,,,,,,,
"Hour factor conditioning[M6,H8]",0.000157699,,,,,,,,,,,,,,,,,,,,,,,,,,,,,,,,,,,,,,
"Hour factor conditioning[M6,H9]",0.000142082,,,,,,,,,,,,,,,,,,,,,,,,,,,,,,,,,,,,,,
"Hour factor conditioning[M6,H10]",0.000126192,,,,,,,,,,,,,,,,,,,,,,,,,,,,,,,,,,,,,,
"Hour factor conditioning[M6,H11]",0.000118685,,,,,,,,,,,,,,,,,,,,,,,,,,,,,,,,,,,,,,
"Hour factor conditioning[M6,H12]",0.000115507,,,,,,,,,,,,,,,,,,,,,,,,,,,,,,,,,,,,,,
"Hour factor conditioning[M6,H13]",0.000112384,,,,,,,,,,,,,,,,,,,,,,,,,,,,,,,,,,,,,,
"Hour factor conditioning[M6,H14]",0.000115014,,,,,,,,,,,,,,,,,,,,,,,,,,,,,,,,,,,,,,
"Hour factor conditioning[M6,H15]",0.00012274,,,,,,,,,,,,,,,,,,,,,,,,,,,,,,,,,,,,,,
"Hour factor conditioning[M6,H16]",0.000130575,,,,,,,,,,,,,,,,,,,,,,,,,,,,,,,,,,,,,,
"Hour factor conditioning[M6,H17]",0.000142521,,,,,,,,,,,,,,,,,,,,,,,,,,,,,,,,,,,,,,
"Hour factor conditioning[M6,H18]",0.000152274,,,,,,,,,,,,,,,,,,,,,,,,,,,,,,,,,,,,,,
"Hour factor conditioning[M6,H19]",0.000156658,,,,,,,,,,,,,,,,,,,,,,,,,,,,,,,,,,,,,,
"Hour factor conditioning[M6,H20]",0.000148712,,,,,,,,,,,,,,,,,,,,,,,,,,,,,,,,,,,,,,
"Hour factor conditioning[M6,H21]",0.000122575,,,,,,,,,,,,,,,,,,,,,,,,,,,,,,,,,,,,,,
"Hour factor conditioning[M6,H22]",6.78904E-05,,,,,,,,,,,,,,,,,,,,,,,,,,,,,,,,,,,,,,
"Hour factor conditioning[M6,H23]",4.0274E-05,,,,,,,,,,,,,,,,,,,,,,,,,,,,,,,,,,,,,,
"Hour factor conditioning[M6,H24]",3.11781E-05,,,,,,,,,,,,,,,,,,,,,,,,,,,,,,,,,,,,,,
"Hour factor conditioning[M7,H1]",0.000101918,,,,,,,,,,,,,,,,,,,,,,,,,,,,,,,,,,,,,,
"Hour factor conditioning[M7,H2]",0.000107288,,,,,,,,,,,,,,,,,,,,,,,,,,,,,,,,,,,,,,
"Hour factor conditioning[M7,H3]",0.000116712,,,,,,,,,,,,,,,,,,,,,,,,,,,,,,,,,,,,,,
"Hour factor conditioning[M7,H4]",0.000163726,,,,,,,,,,,,,,,,,,,,,,,,,,,,,,,,,,,,,,
"Hour factor conditioning[M7,H5]",0.000286466,,,,,,,,,,,,,,,,,,,,,,,,,,,,,,,,,,,,,,
"Hour factor conditioning[M7,H6]",0.000368548,,,,,,,,,,,,,,,,,,,,,,,,,,,,,,,,,,,,,,
"Hour factor conditioning[M7,H7]",0.000331288,,,,,,,,,,,,,,,,,,,,,,,,,,,,,,,,,,,,,,
"Hour factor conditioning[M7,H8]",0.000303562,,,,,,,,,,,,,,,,,,,,,,,,,,,,,,,,,,,,,,
"Hour factor conditioning[M7,H9]",0.000287671,,,,,,,,,,,,,,,,,,,,,,,,,,,,,,,,,,,,,,
"Hour factor conditioning[M7,H10]",0.000258411,,,,,,,,,,,,,,,,,,,,,,,,,,,,,,,,,,,,,,
"Hour factor conditioning[M7,H11]",0.000250521,,,,,,,,,,,,,,,,,,,,,,,,,,,,,,,,,,,,,,
"Hour factor conditioning[M7,H12]",0.000241315,,,,,,,,,,,,,,,,,,,,,,,,,,,,,,,,,,,,,,
"Hour factor conditioning[M7,H13]",0.000236712,,,,,,,,,,,,,,,,,,,,,,,,,,,,,,,,,,,,,,
"Hour factor conditioning[M7,H14]",0.000239233,,,,,,,,,,,,,,,,,,,,,,,,,,,,,,,,,,,,,,
"Hour factor conditioning[M7,H15]",0.000246247,,,,,,,,,,,,,,,,,,,,,,,,,,,,,,,,,,,,,,
"Hour factor conditioning[M7,H16]",0.000258192,,,,,,,,,,,,,,,,,,,,,,,,,,,,,,,,,,,,,,
"Hour factor conditioning[M7,H17]",0.000271342,,,,,,,,,,,,,,,,,,,,,,,,,,,,,,,,,,,,,,
"Hour factor conditioning[M7,H18]",0.000281425,,,,,,,,,,,,,,,,,,,,,,,,,,,,,,,,,,,,,,
"Hour factor conditioning[M7,H19]",0.000286466,,,,,,,,,,,,,,,,,,,,,,,,,,,,,,,,,,,,,,
"Hour factor conditioning[M7,H20]",0.000273315,,,,,,,,,,,,,,,,,,,,,,,,,,,,,,,,,,,,,,
"Hour factor conditioning[M7,H21]",0.000231671,,,,,,,,,,,,,,,,,,,,,,,,,,,,,,,,,,,,,,
"Hour factor conditioning[M7,H22]",0.000145753,,,,,,,,,,,,,,,,,,,,,,,,,,,,,,,,,,,,,,
"Hour factor conditioning[M7,H23]",0.000105753,,,,,,,,,,,,,,,,,,,,,,,,,,,,,,,,,,,,,,
"Hour factor conditioning[M7,H24]",9.96164E-05,,,,,,,,,,,,,,,,,,,,,,,,,,,,,,,,,,,,,,
"Hour factor conditioning[M8,H1]",0.000101918,,,,,,,,,,,,,,,,,,,,,,,,,,,,,,,,,,,,,,
"Hour factor conditioning[M8,H2]",0.000107288,,,,,,,,,,,,,,,,,,,,,,,,,,,,,,,,,,,,,,
"Hour factor conditioning[M8,H3]",0.000116712,,,,,,,,,,,,,,,,,,,,,,,,,,,,,,,,,,,,,,
"Hour factor conditioning[M8,H4]",0.000163726,,,,,,,,,,,,,,,,,,,,,,,,,,,,,,,,,,,,,,
"Hour factor conditioning[M8,H5]",0.000286466,,,,,,,,,,,,,,,,,,,,,,,,,,,,,,,,,,,,,,
"Hour factor conditioning[M8,H6]",0.000368548,,,,,,,,,,,,,,,,,,,,,,,,,,,,,,,,,,,,,,
"Hour factor conditioning[M8,H7]",0.000331288,,,,,,,,,,,,,,,,,,,,,,,,,,,,,,,,,,,,,,
"Hour factor conditioning[M8,H8]",0.000303562,,,,,,,,,,,,,,,,,,,,,,,,,,,,,,,,,,,,,,
"Hour factor conditioning[M8,H9]",0.000287671,,,,,,,,,,,,,,,,,,,,,,,,,,,,,,,,,,,,,,
"Hour factor conditioning[M8,H10]",0.000258411,,,,,,,,,,,,,,,,,,,,,,,,,,,,,,,,,,,,,,
"Hour factor conditioning[M8,H11]",0.000250521,,,,,,,,,,,,,,,,,,,,,,,,,,,,,,,,,,,,,,
"Hour factor conditioning[M8,H12]",0.000241315,,,,,,,,,,,,,,,,,,,,,,,,,,,,,,,,,,,,,,
"Hour factor conditioning[M8,H13]",0.000236712,,,,,,,,,,,,,,,,,,,,,,,,,,,,,,,,,,,,,,
"Hour factor conditioning[M8,H14]",0.000239233,,,,,,,,,,,,,,,,,,,,,,,,,,,,,,,,,,,,,,
"Hour factor conditioning[M8,H15]",0.000246247,,,,,,,,,,,,,,,,,,,,,,,,,,,,,,,,,,,,,,
"Hour factor conditioning[M8,H16]",0.000258192,,,,,,,,,,,,,,,,,,,,,,,,,,,,,,,,,,,,,,
"Hour factor conditioning[M8,H17]",0.000271342,,,,,,,,,,,,,,,,,,,,,,,,,,,,,,,,,,,,,,
"Hour factor conditioning[M8,H18]",0.000281425,,,,,,,,,,,,,,,,,,,,,,,,,,,,,,,,,,,,,,
"Hour factor conditioning[M8,H19]",0.000286466,,,,,,,,,,,,,,,,,,,,,,,,,,,,,,,,,,,,,,
"Hour factor conditioning[M8,H20]",0.000273315,,,,,,,,,,,,,,,,,,,,,,,,,,,,,,,,,,,,,,
"Hour factor conditioning[M8,H21]",0.000231671,,,,,,,,,,,,,,,,,,,,,,,,,,,,,,,,,,,,,,
"Hour factor conditioning[M8,H22]",0.000145753,,,,,,,,,,,,,,,,,,,,,,,,,,,,,,,,,,,,,,
"Hour factor conditioning[M8,H23]",0.000105753,,,,,,,,,,,,,,,,,,,,,,,,,,,,,,,,,,,,,,
"Hour factor conditioning[M8,H24]",9.96164E-05,,,,,,,,,,,,,,,,,,,,,,,,,,,,,,,,,,,,,,
"Hour factor conditioning[M9,H1]",0.000101918,,,,,,,,,,,,,,,,,,,,,,,,,,,,,,,,,,,,,,
"Hour factor conditioning[M9,H2]",0.000107288,,,,,,,,,,,,,,,,,,,,,,,,,,,,,,,,,,,,,,
"Hour factor conditioning[M9,H3]",0.000116712,,,,,,,,,,,,,,,,,,,,,,,,,,,,,,,,,,,,,,
"Hour factor conditioning[M9,H4]",0.000163726,,,,,,,,,,,,,,,,,,,,,,,,,,,,,,,,,,,,,,
"Hour factor conditioning[M9,H5]",0.000286466,,,,,,,,,,,,,,,,,,,,,,,,,,,,,,,,,,,,,,
"Hour factor conditioning[M9,H6]",0.000368548,,,,,,,,,,,,,,,,,,,,,,,,,,,,,,,,,,,,,,
"Hour factor conditioning[M9,H7]",0.000331288,,,,,,,,,,,,,,,,,,,,,,,,,,,,,,,,,,,,,,
"Hour factor conditioning[M9,H8]",0.000303562,,,,,,,,,,,,,,,,,,,,,,,,,,,,,,,,,,,,,,
"Hour factor conditioning[M9,H9]",0.000287671,,,,,,,,,,,,,,,,,,,,,,,,,,,,,,,,,,,,,,
"Hour factor conditioning[M9,H10]",0.000258411,,,,,,,,,,,,,,,,,,,,,,,,,,,,,,,,,,,,,,
"Hour factor conditioning[M9,H11]",0.000250521,,,,,,,,,,,,,,,,,,,,,,,,,,,,,,,,,,,,,,
"Hour factor conditioning[M9,H12]",0.000241315,,,,,,,,,,,,,,,,,,,,,,,,,,,,,,,,,,,,,,
"Hour factor conditioning[M9,H13]",0.000236712,,,,,,,,,,,,,,,,,,,,,,,,,,,,,,,,,,,,,,
"Hour factor conditioning[M9,H14]",0.000239233,,,,,,,,,,,,,,,,,,,,,,,,,,,,,,,,,,,,,,
"Hour factor conditioning[M9,H15]",0.000246247,,,,,,,,,,,,,,,,,,,,,,,,,,,,,,,,,,,,,,
"Hour factor conditioning[M9,H16]",0.000258192,,,,,,,,,,,,,,,,,,,,,,,,,,,,,,,,,,,,,,
"Hour factor conditioning[M9,H17]",0.000271342,,,,,,,,,,,,,,,,,,,,,,,,,,,,,,,,,,,,,,
"Hour factor conditioning[M9,H18]",0.000281425,,,,,,,,,,,,,,,,,,,,,,,,,,,,,,,,,,,,,,
"Hour factor conditioning[M9,H19]",0.000286466,,,,,,,,,,,,,,,,,,,,,,,,,,,,,,,,,,,,,,
"Hour factor conditioning[M9,H20]",0.000273315,,,,,,,,,,,,,,,,,,,,,,,,,,,,,,,,,,,,,,
"Hour factor conditioning[M9,H21]",0.000231671,,,,,,,,,,,,,,,,,,,,,,,,,,,,,,,,,,,,,,
"Hour factor conditioning[M9,H22]",0.000145753,,,,,,,,,,,,,,,,,,,,,,,,,,,,,,,,,,,,,,
"Hour factor conditioning[M9,H23]",0.000105753,,,,,,,,,,,,,,,,,,,,,,,,,,,,,,,,,,,,,,
"Hour factor conditioning[M9,H24]",9.96164E-05,,,,,,,,,,,,,,,,,,,,,,,,,,,,,,,,,,,,,,
"Hour factor conditioning[M10,H1]",3.29863E-05,,,,,,,,,,,,,,,,,,,,,,,,,,,,,,,,,,,,,,
"Hour factor conditioning[M10,H2]",3.60548E-05,,,,,,,,,,,,,,,,,,,,,,,,,,,,,,,,,,,,,,
"Hour factor conditioning[M10,H3]",4.69589E-05,,,,,,,,,,,,,,,,,,,,,,,,,,,,,,,,,,,,,,
"Hour factor conditioning[M10,H4]",8.33973E-05,,,,,,,,,,,,,,,,,,,,,,,,,,,,,,,,,,,,,,
"Hour factor conditioning[M10,H5]",0.000152219,,,,,,,,,,,,,,,,,,,,,,,,,,,,,,,,,,,,,,
"Hour factor conditioning[M10,H6]",0.00019863,,,,,,,,,,,,,,,,,,,,,,,,,,,,,,,,,,,,,,
"Hour factor conditioning[M10,H7]",0.000179671,,,,,,,,,,,,,,,,,,,,,,,,,,,,,,,,,,,,,,
"Hour factor conditioning[M10,H8]",0.000157699,,,,,,,,,,,,,,,,,,,,,,,,,,,,,,,,,,,,,,
"Hour factor conditioning[M10,H9]",0.000142082,,,,,,,,,,,,,,,,,,,,,,,,,,,,,,,,,,,,,,
"Hour factor conditioning[M10,H10]",0.000126192,,,,,,,,,,,,,,,,,,,,,,,,,,,,,,,,,,,,,,
"Hour factor conditioning[M10,H11]",0.000118685,,,,,,,,,,,,,,,,,,,,,,,,,,,,,,,,,,,,,,
"Hour factor conditioning[M10,H12]",0.000115507,,,,,,,,,,,,,,,,,,,,,,,,,,,,,,,,,,,,,,
"Hour factor conditioning[M10,H13]",0.000112384,,,,,,,,,,,,,,,,,,,,,,,,,,,,,,,,,,,,,,
"Hour factor conditioning[M10,H14]",0.000115014,,,,,,,,,,,,,,,,,,,,,,,,,,,,,,,,,,,,,,
"Hour factor conditioning[M10,H15]",0.00012274,,,,,,,,,,,,,,,,,,,,,,,,,,,,,,,,,,,,,,
"Hour factor conditioning[M10,H16]",0.000130575,,,,,,,,,,,,,,,,,,,,,,,,,,,,,,,,,,,,,,
"Hour factor conditioning[M10,H17]",0.000142521,,,,,,,,,,,,,,,,,,,,,,,,,,,,,,,,,,,,,,
"Hour factor conditioning[M10,H18]",0.000152274,,,,,,,,,,,,,,,,,,,,,,,,,,,,,,,,,,,,,,
"Hour factor conditioning[M10,H19]",0.000156658,,,,,,,,,,,,,,,,,,,,,,,,,,,,,,,,,,,,,,
"Hour factor conditioning[M10,H20]",0.000148712,,,,,,,,,,,,,,,,,,,,,,,,,,,,,,,,,,,,,,
"Hour factor conditioning[M10,H21]",0.000122575,,,,,,,,,,,,,,,,,,,,,,,,,,,,,,,,,,,,,,
"Hour factor conditioning[M10,H22]",6.78904E-05,,,,,,,,,,,,,,,,,,,,,,,,,,,,,,,,,,,,,,
"Hour factor conditioning[M10,H23]",4.0274E-05,,,,,,,,,,,,,,,,,,,,,,,,,,,,,,,,,,,,,,
"Hour factor conditioning[M10,H24]",3.11781E-05,,,,,,,,,,,,,,,,,,,,,,,,,,,,,,,,,,,,,,
"Hour factor conditioning[M11,H1]",3.29863E-05,,,,,,,,,,,,,,,,,,,,,,,,,,,,,,,,,,,,,,
"Hour factor conditioning[M11,H2]",3.60548E-05,,,,,,,,,,,,,,,,,,,,,,,,,,,,,,,,,,,,,,
"Hour factor conditioning[M11,H3]",4.69589E-05,,,,,,,,,,,,,,,,,,,,,,,,,,,,,,,,,,,,,,
"Hour factor conditioning[M11,H4]",8.33973E-05,,,,,,,,,,,,,,,,,,,,,,,,,,,,,,,,,,,,,,
"Hour factor conditioning[M11,H5]",0.000152219,,,,,,,,,,,,,,,,,,,,,,,,,,,,,,,,,,,,,,
"Hour factor conditioning[M11,H6]",0.00019863,,,,,,,,,,,,,,,,,,,,,,,,,,,,,,,,,,,,,,
"Hour factor conditioning[M11,H7]",0.000179671,,,,,,,,,,,,,,,,,,,,,,,,,,,,,,,,,,,,,,
"Hour factor conditioning[M11,H8]",0.000157699,,,,,,,,,,,,,,,,,,,,,,,,,,,,,,,,,,,,,,
"Hour factor conditioning[M11,H9]",0.000142082,,,,,,,,,,,,,,,,,,,,,,,,,,,,,,,,,,,,,,
"Hour factor conditioning[M11,H10]",0.000126192,,,,,,,,,,,,,,,,,,,,,,,,,,,,,,,,,,,,,,
"Hour factor conditioning[M11,H11]",0.000118685,,,,,,,,,,,,,,,,,,,,,,,,,,,,,,,,,,,,,,
"Hour factor conditioning[M11,H12]",0.000115507,,,,,,,,,,,,,,,,,,,,,,,,,,,,,,,,,,,,,,
"Hour factor conditioning[M11,H13]",0.000112384,,,,,,,,,,,,,,,,,,,,,,,,,,,,,,,,,,,,,,
"Hour factor conditioning[M11,H14]",0.000115014,,,,,,,,,,,,,,,,,,,,,,,,,,,,,,,,,,,,,,
"Hour factor conditioning[M11,H15]",0.00012274,,,,,,,,,,,,,,,,,,,,,,,,,,,,,,,,,,,,,,
"Hour factor conditioning[M11,H16]",0.000130575,,,,,,,,,,,,,,,,,,,,,,,,,,,,,,,,,,,,,,
"Hour factor conditioning[M11,H17]",0.000142521,,,,,,,,,,,,,,,,,,,,,,,,,,,,,,,,,,,,,,
"Hour factor conditioning[M11,H18]",0.000152274,,,,,,,,,,,,,,,,,,,,,,,,,,,,,,,,,,,,,,
"Hour factor conditioning[M11,H19]",0.000156658,,,,,,,,,,,,,,,,,,,,,,,,,,,,,,,,,,,,,,
"Hour factor conditioning[M11,H20]",0.000148712,,,,,,,,,,,,,,,,,,,,,,,,,,,,,,,,,,,,,,
"Hour factor conditioning[M11,H21]",0.000122575,,,,,,,,,,,,,,,,,,,,,,,,,,,,,,,,,,,,,,
"Hour factor conditioning[M11,H22]",6.78904E-05,,,,,,,,,,,,,,,,,,,,,,,,,,,,,,,,,,,,,,
"Hour factor conditioning[M11,H23]",4.0274E-05,,,,,,,,,,,,,,,,,,,,,,,,,,,,,,,,,,,,,,
"Hour factor conditioning[M11,H24]",3.11781E-05,,,,,,,,,,,,,,,,,,,,,,,,,,,,,,,,,,,,,,
"Hour factor conditioning[M12,H1]",3.29863E-05,,,,,,,,,,,,,,,,,,,,,,,,,,,,,,,,,,,,,,
"Hour factor conditioning[M12,H2]",3.60548E-05,,,,,,,,,,,,,,,,,,,,,,,,,,,,,,,,,,,,,,
"Hour factor conditioning[M12,H3]",4.69589E-05,,,,,,,,,,,,,,,,,,,,,,,,,,,,,,,,,,,,,,
"Hour factor conditioning[M12,H4]",8.33973E-05,,,,,,,,,,,,,,,,,,,,,,,,,,,,,,,,,,,,,,
"Hour factor conditioning[M12,H5]",0.000152219,,,,,,,,,,,,,,,,,,,,,,,,,,,,,,,,,,,,,,
"Hour factor conditioning[M12,H6]",0.00019863,,,,,,,,,,,,,,,,,,,,,,,,,,,,,,,,,,,,,,
"Hour factor conditioning[M12,H7]",0.000179671,,,,,,,,,,,,,,,,,,,,,,,,,,,,,,,,,,,,,,
"Hour factor conditioning[M12,H8]",0.000157699,,,,,,,,,,,,,,,,,,,,,,,,,,,,,,,,,,,,,,
"Hour factor conditioning[M12,H9]",0.000142082,,,,,,,,,,,,,,,,,,,,,,,,,,,,,,,,,,,,,,
"Hour factor conditioning[M12,H10]",0.000126192,,,,,,,,,,,,,,,,,,,,,,,,,,,,,,,,,,,,,,
"Hour factor conditioning[M12,H11]",0.000118685,,,,,,,,,,,,,,,,,,,,,,,,,,,,,,,,,,,,,,
"Hour factor conditioning[M12,H12]",0.000115507,,,,,,,,,,,,,,,,,,,,,,,,,,,,,,,,,,,,,,
"Hour factor conditioning[M12,H13]",0.000112384,,,,,,,,,,,,,,,,,,,,,,,,,,,,,,,,,,,,,,
"Hour factor conditioning[M12,H14]",0.000115014,,,,,,,,,,,,,,,,,,,,,,,,,,,,,,,,,,,,,,
"Hour factor conditioning[M12,H15]",0.00012274,,,,,,,,,,,,,,,,,,,,,,,,,,,,,,,,,,,,,,
"Hour factor conditioning[M12,H16]",0.000130575,,,,,,,,,,,,,,,,,,,,,,,,,,,,,,,,,,,,,,
"Hour factor conditioning[M12,H17]",0.000142521,,,,,,,,,,,,,,,,,,,,,,,,,,,,,,,,,,,,,,
"Hour factor conditioning[M12,H18]",0.000152274,,,,,,,,,,,,,,,,,,,,,,,,,,,,,,,,,,,,,,
"Hour factor conditioning[M12,H19]",0.000156658,,,,,,,,,,,,,,,,,,,,,,,,,,,,,,,,,,,,,,
"Hour factor conditioning[M12,H20]",0.000148712,,,,,,,,,,,,,,,,,,,,,,,,,,,,,,,,,,,,,,
"Hour factor conditioning[M12,H21]",0.000122575,,,,,,,,,,,,,,,,,,,,,,,,,,,,,,,,,,,,,,
"Hour factor conditioning[M12,H22]",6.78904E-05,,,,,,,,,,,,,,,,,,,,,,,,,,,,,,,,,,,,,,
"Hour factor conditioning[M12,H23]",4.0274E-05,,,,,,,,,,,,,,,,,,,,,,,,,,,,,,,,,,,,,,
"Hour factor conditioning[M12,H24]",3.11781E-05,,,,,,,,,,,,,,,,,,,,,,,,,,,,,,,,,,,,,,
"Hour factor DHW industry[M1,H1]",0.000152767,,,,,,,,,,,,,,,,,,,,,,,,,,,,,,,,,,,,,,
"Hour factor DHW industry[M1,H2]",0.000157698,,,,,,,,,,,,,,,,,,,,,,,,,,,,,,,,,,,,,,
"Hour factor DHW industry[M1,H3]",0.000161534,,,,,,,,,,,,,,,,,,,,,,,,,,,,,,,,,,,,,,
"Hour factor DHW industry[M1,H4]",0.000176876,,,,,,,,,,,,,,,,,,,,,,,,,,,,,,,,,,,,,,
"Hour factor DHW industry[M1,H5]",0.000193534,,,,,,,,,,,,,,,,,,,,,,,,,,,,,,,,,,,,,,
"Hour factor DHW industry[M1,H6]",0.000228712,,,,,,,,,,,,,,,,,,,,,,,,,,,,,,,,,,,,,,
"Hour factor DHW industry[M1,H7]",0.000249205,,,,,,,,,,,,,,,,,,,,,,,,,,,,,,,,,,,,,,
"Hour factor DHW industry[M1,H8]",0.000253808,,,,,,,,,,,,,,,,,,,,,,,,,,,,,,,,,,,,,,
"Hour factor DHW industry[M1,H9]",0.000241314,,,,,,,,,,,,,,,,,,,,,,,,,,,,,,,,,,,,,,
"Hour factor DHW industry[M1,H10]",0.00022652,,,,,,,,,,,,,,,,,,,,,,,,,,,,,,,,,,,,,,
"Hour factor DHW industry[M1,H11]",0.000219287,,,,,,,,,,,,,,,,,,,,,,,,,,,,,,,,,,,,,,
"Hour factor DHW industry[M1,H12]",0.000202301,,,,,,,,,,,,,,,,,,,,,,,,,,,,,,,,,,,,,,
"Hour factor DHW industry[M1,H13]",0.000194849,,,,,,,,,,,,,,,,,,,,,,,,,,,,,,,,,,,,,,
"Hour factor DHW industry[M1,H14]",0.000189369,,,,,,,,,,,,,,,,,,,,,,,,,,,,,,,,,,,,,,
"Hour factor DHW industry[M1,H15]",0.000192657,,,,,,,,,,,,,,,,,,,,,,,,,,,,,,,,,,,,,,
"Hour factor DHW industry[M1,H16]",0.00019189,,,,,,,,,,,,,,,,,,,,,,,,,,,,,,,,,,,,,,
"Hour factor DHW industry[M1,H17]",0.000186958,,,,,,,,,,,,,,,,,,,,,,,,,,,,,,,,,,,,,,
"Hour factor DHW industry[M1,H18]",0.000172712,,,,,,,,,,,,,,,,,,,,,,,,,,,,,,,,,,,,,,
"Hour factor DHW industry[M1,H19]",0.000166685,,,,,,,,,,,,,,,,,,,,,,,,,,,,,,,,,,,,,,
"Hour factor DHW industry[M1,H20]",0.000168548,,,,,,,,,,,,,,,,,,,,,,,,,,,,,,,,,,,,,,
"Hour factor DHW industry[M1,H21]",0.000162301,,,,,,,,,,,,,,,,,,,,,,,,,,,,,,,,,,,,,,
"Hour factor DHW industry[M1,H22]",0.000149917,,,,,,,,,,,,,,,,,,,,,,,,,,,,,,,,,,,,,,
"Hour factor DHW industry[M1,H23]",0.000144548,,,,,,,,,,,,,,,,,,,,,,,,,,,,,,,,,,,,,,
"Hour factor DHW industry[M1,H24]",0.000153863,,,,,,,,,,,,,,,,,,,,,,,,,,,,,,,,,,,,,,
"Hour factor DHW industry[M2,H1]",0.000152767,,,,,,,,,,,,,,,,,,,,,,,,,,,,,,,,,,,,,,
"Hour factor DHW industry[M2,H2]",0.000157698,,,,,,,,,,,,,,,,,,,,,,,,,,,,,,,,,,,,,,
"Hour factor DHW industry[M2,H3]",0.000161534,,,,,,,,,,,,,,,,,,,,,,,,,,,,,,,,,,,,,,
"Hour factor DHW industry[M2,H4]",0.000176876,,,,,,,,,,,,,,,,,,,,,,,,,,,,,,,,,,,,,,
"Hour factor DHW industry[M2,H5]",0.000193534,,,,,,,,,,,,,,,,,,,,,,,,,,,,,,,,,,,,,,
"Hour factor DHW industry[M2,H6]",0.000228712,,,,,,,,,,,,,,,,,,,,,,,,,,,,,,,,,,,,,,
"Hour factor DHW industry[M2,H7]",0.000249205,,,,,,,,,,,,,,,,,,,,,,,,,,,,,,,,,,,,,,
"Hour factor DHW industry[M2,H8]",0.000253808,,,,,,,,,,,,,,,,,,,,,,,,,,,,,,,,,,,,,,
"Hour factor DHW industry[M2,H9]",0.000241314,,,,,,,,,,,,,,,,,,,,,,,,,,,,,,,,,,,,,,
"Hour factor DHW industry[M2,H10]",0.00022652,,,,,,,,,,,,,,,,,,,,,,,,,,,,,,,,,,,,,,
"Hour factor DHW industry[M2,H11]",0.000219287,,,,,,,,,,,,,,,,,,,,,,,,,,,,,,,,,,,,,,
"Hour factor DHW industry[M2,H12]",0.000202301,,,,,,,,,,,,,,,,,,,,,,,,,,,,,,,,,,,,,,
"Hour factor DHW industry[M2,H13]",0.000194849,,,,,,,,,,,,,,,,,,,,,,,,,,,,,,,,,,,,,,
"Hour factor DHW industry[M2,H14]",0.000189369,,,,,,,,,,,,,,,,,,,,,,,,,,,,,,,,,,,,,,
"Hour factor DHW industry[M2,H15]",0.000192657,,,,,,,,,,,,,,,,,,,,,,,,,,,,,,,,,,,,,,
"Hour factor DHW industry[M2,H16]",0.00019189,,,,,,,,,,,,,,,,,,,,,,,,,,,,,,,,,,,,,,
"Hour factor DHW industry[M2,H17]",0.000186958,,,,,,,,,,,,,,,,,,,,,,,,,,,,,,,,,,,,,,
"Hour factor DHW industry[M2,H18]",0.000172712,,,,,,,,,,,,,,,,,,,,,,,,,,,,,,,,,,,,,,
"Hour factor DHW industry[M2,H19]",0.000166685,,,,,,,,,,,,,,,,,,,,,,,,,,,,,,,,,,,,,,
"Hour factor DHW industry[M2,H20]",0.000168548,,,,,,,,,,,,,,,,,,,,,,,,,,,,,,,,,,,,,,
"Hour factor DHW industry[M2,H21]",0.000162301,,,,,,,,,,,,,,,,,,,,,,,,,,,,,,,,,,,,,,
"Hour factor DHW industry[M2,H22]",0.000149917,,,,,,,,,,,,,,,,,,,,,,,,,,,,,,,,,,,,,,
"Hour factor DHW industry[M2,H23]",0.000144548,,,,,,,,,,,,,,,,,,,,,,,,,,,,,,,,,,,,,,
"Hour factor DHW industry[M2,H24]",0.000153863,,,,,,,,,,,,,,,,,,,,,,,,,,,,,,,,,,,,,,
"Hour factor DHW industry[M3,H1]",0.000152767,,,,,,,,,,,,,,,,,,,,,,,,,,,,,,,,,,,,,,
"Hour factor DHW industry[M3,H2]",0.000157698,,,,,,,,,,,,,,,,,,,,,,,,,,,,,,,,,,,,,,
"Hour factor DHW industry[M3,H3]",0.000161534,,,,,,,,,,,,,,,,,,,,,,,,,,,,,,,,,,,,,,
"Hour factor DHW industry[M3,H4]",0.000176876,,,,,,,,,,,,,,,,,,,,,,,,,,,,,,,,,,,,,,
"Hour factor DHW industry[M3,H5]",0.000193534,,,,,,,,,,,,,,,,,,,,,,,,,,,,,,,,,,,,,,
"Hour factor DHW industry[M3,H6]",0.000228712,,,,,,,,,,,,,,,,,,,,,,,,,,,,,,,,,,,,,,
"Hour factor DHW industry[M3,H7]",0.000249205,,,,,,,,,,,,,,,,,,,,,,,,,,,,,,,,,,,,,,
"Hour factor DHW industry[M3,H8]",0.000253808,,,,,,,,,,,,,,,,,,,,,,,,,,,,,,,,,,,,,,
"Hour factor DHW industry[M3,H9]",0.000241314,,,,,,,,,,,,,,,,,,,,,,,,,,,,,,,,,,,,,,
"Hour factor DHW industry[M3,H10]",0.00022652,,,,,,,,,,,,,,,,,,,,,,,,,,,,,,,,,,,,,,
"Hour factor DHW industry[M3,H11]",0.000219287,,,,,,,,,,,,,,,,,,,,,,,,,,,,,,,,,,,,,,
"Hour factor DHW industry[M3,H12]",0.000202301,,,,,,,,,,,,,,,,,,,,,,,,,,,,,,,,,,,,,,
"Hour factor DHW industry[M3,H13]",0.000194849,,,,,,,,,,,,,,,,,,,,,,,,,,,,,,,,,,,,,,
"Hour factor DHW industry[M3,H14]",0.000189369,,,,,,,,,,,,,,,,,,,,,,,,,,,,,,,,,,,,,,
"Hour factor DHW industry[M3,H15]",0.000192657,,,,,,,,,,,,,,,,,,,,,,,,,,,,,,,,,,,,,,
"Hour factor DHW industry[M3,H16]",0.00019189,,,,,,,,,,,,,,,,,,,,,,,,,,,,,,,,,,,,,,
"Hour factor DHW industry[M3,H17]",0.000186958,,,,,,,,,,,,,,,,,,,,,,,,,,,,,,,,,,,,,,
"Hour factor DHW industry[M3,H18]",0.000172712,,,,,,,,,,,,,,,,,,,,,,,,,,,,,,,,,,,,,,
"Hour factor DHW industry[M3,H19]",0.000166685,,,,,,,,,,,,,,,,,,,,,,,,,,,,,,,,,,,,,,
"Hour factor DHW industry[M3,H20]",0.000168548,,,,,,,,,,,,,,,,,,,,,,,,,,,,,,,,,,,,,,
"Hour factor DHW industry[M3,H21]",0.000162301,,,,,,,,,,,,,,,,,,,,,,,,,,,,,,,,,,,,,,
"Hour factor DHW industry[M3,H22]",0.000149917,,,,,,,,,,,,,,,,,,,,,,,,,,,,,,,,,,,,,,
"Hour factor DHW industry[M3,H23]",0.000144548,,,,,,,,,,,,,,,,,,,,,,,,,,,,,,,,,,,,,,
"Hour factor DHW industry[M3,H24]",0.000153863,,,,,,,,,,,,,,,,,,,,,,,,,,,,,,,,,,,,,,
"Hour factor DHW industry[M4,H1]",9.34346E-05,,,,,,,,,,,,,,,,,,,,,,,,,,,,,,,,,,,,,,
"Hour factor DHW industry[M4,H2]",9.41395E-05,,,,,,,,,,,,,,,,,,,,,,,,,,,,,,,,,,,,,,
"Hour factor DHW industry[M4,H3]",9.97278E-05,,,,,,,,,,,,,,,,,,,,,,,,,,,,,,,,,,,,,,
"Hour factor DHW industry[M4,H4]",0.000115675,,,,,,,,,,,,,,,,,,,,,,,,,,,,,,,,,,,,,,
"Hour factor DHW industry[M4,H5]",0.000134241,,,,,,,,,,,,,,,,,,,,,,,,,,,,,,,,,,,,,,
"Hour factor DHW industry[M4,H6]",0.000156867,,,,,,,,,,,,,,,,,,,,,,,,,,,,,,,,,,,,,,
"Hour factor DHW industry[M4,H7]",0.000165352,,,,,,,,,,,,,,,,,,,,,,,,,,,,,,,,,,,,,,
"Hour factor DHW industry[M4,H8]",0.000167444,,,,,,,,,,,,,,,,,,,,,,,,,,,,,,,,,,,,,,
"Hour factor DHW industry[M4,H9]",0.000151993,,,,,,,,,,,,,,,,,,,,,,,,,,,,,,,,,,,,,,
"Hour factor DHW industry[M4,H10]",0.000139904,,,,,,,,,,,,,,,,,,,,,,,,,,,,,,,,,,,,,,
"Hour factor DHW industry[M4,H11]",0.00013195,,,,,,,,,,,,,,,,,,,,,,,,,,,,,,,,,,,,,,
"Hour factor DHW industry[M4,H12]",0.000121709,,,,,,,,,,,,,,,,,,,,,,,,,,,,,,,,,,,,,,
"Hour factor DHW industry[M4,H13]",0.000112685,,,,,,,,,,,,,,,,,,,,,,,,,,,,,,,,,,,,,,
"Hour factor DHW industry[M4,H14]",0.000105783,,,,,,,,,,,,,,,,,,,,,,,,,,,,,,,,,,,,,,
"Hour factor DHW industry[M4,H15]",0.000102908,,,,,,,,,,,,,,,,,,,,,,,,,,,,,,,,,,,,,,
"Hour factor DHW industry[M4,H16]",0.000101654,,,,,,,,,,,,,,,,,,,,,,,,,,,,,,,,,,,,,,
"Hour factor DHW industry[M4,H17]",0.000101187,,,,,,,,,,,,,,,,,,,,,,,,,,,,,,,,,,,,,,
"Hour factor DHW industry[M4,H18]",9.55966E-05,,,,,,,,,,,,,,,,,,,,,,,,,,,,,,,,,,,,,,
"Hour factor DHW industry[M4,H19]",9.54874E-05,,,,,,,,,,,,,,,,,,,,,,,,,,,,,,,,,,,,,,
"Hour factor DHW industry[M4,H20]",9.42787E-05,,,,,,,,,,,,,,,,,,,,,,,,,,,,,,,,,,,,,,
"Hour factor DHW industry[M4,H21]",9.31693E-05,,,,,,,,,,,,,,,,,,,,,,,,,,,,,,,,,,,,,,
"Hour factor DHW industry[M4,H22]",8.5646E-05,,,,,,,,,,,,,,,,,,,,,,,,,,,,,,,,,,,,,,
"Hour factor DHW industry[M4,H23]",8.19858E-05,,,,,,,,,,,,,,,,,,,,,,,,,,,,,,,,,,,,,,
"Hour factor DHW industry[M4,H24]",9.11152E-05,,,,,,,,,,,,,,,,,,,,,,,,,,,,,,,,,,,,,,
"Hour factor DHW industry[M5,H1]",9.34346E-05,,,,,,,,,,,,,,,,,,,,,,,,,,,,,,,,,,,,,,
"Hour factor DHW industry[M5,H2]",9.41395E-05,,,,,,,,,,,,,,,,,,,,,,,,,,,,,,,,,,,,,,
"Hour factor DHW industry[M5,H3]",9.97278E-05,,,,,,,,,,,,,,,,,,,,,,,,,,,,,,,,,,,,,,
"Hour factor DHW industry[M5,H4]",0.000115675,,,,,,,,,,,,,,,,,,,,,,,,,,,,,,,,,,,,,,
"Hour factor DHW industry[M5,H5]",0.000134241,,,,,,,,,,,,,,,,,,,,,,,,,,,,,,,,,,,,,,
"Hour factor DHW industry[M5,H6]",0.000156867,,,,,,,,,,,,,,,,,,,,,,,,,,,,,,,,,,,,,,
"Hour factor DHW industry[M5,H7]",0.000165352,,,,,,,,,,,,,,,,,,,,,,,,,,,,,,,,,,,,,,
"Hour factor DHW industry[M5,H8]",0.000167444,,,,,,,,,,,,,,,,,,,,,,,,,,,,,,,,,,,,,,
"Hour factor DHW industry[M5,H9]",0.000151993,,,,,,,,,,,,,,,,,,,,,,,,,,,,,,,,,,,,,,
"Hour factor DHW industry[M5,H10]",0.000139904,,,,,,,,,,,,,,,,,,,,,,,,,,,,,,,,,,,,,,
"Hour factor DHW industry[M5,H11]",0.00013195,,,,,,,,,,,,,,,,,,,,,,,,,,,,,,,,,,,,,,
"Hour factor DHW industry[M5,H12]",0.000121709,,,,,,,,,,,,,,,,,,,,,,,,,,,,,,,,,,,,,,
"Hour factor DHW industry[M5,H13]",0.000112685,,,,,,,,,,,,,,,,,,,,,,,,,,,,,,,,,,,,,,
"Hour factor DHW industry[M5,H14]",0.000105783,,,,,,,,,,,,,,,,,,,,,,,,,,,,,,,,,,,,,,
"Hour factor DHW industry[M5,H15]",0.000102908,,,,,,,,,,,,,,,,,,,,,,,,,,,,,,,,,,,,,,
"Hour factor DHW industry[M5,H16]",0.000101654,,,,,,,,,,,,,,,,,,,,,,,,,,,,,,,,,,,,,,
"Hour factor DHW industry[M5,H17]",0.000101187,,,,,,,,,,,,,,,,,,,,,,,,,,,,,,,,,,,,,,
"Hour factor DHW industry[M5,H18]",9.55966E-05,,,,,,,,,,,,,,,,,,,,,,,,,,,,,,,,,,,,,,
"Hour factor DHW industry[M5,H19]",9.54874E-05,,,,,,,,,,,,,,,,,,,,,,,,,,,,,,,,,,,,,,
"Hour factor DHW industry[M5,H20]",9.42787E-05,,,,,,,,,,,,,,,,,,,,,,,,,,,,,,,,,,,,,,
"Hour factor DHW industry[M5,H21]",9.31693E-05,,,,,,,,,,,,,,,,,,,,,,,,,,,,,,,,,,,,,,
"Hour factor DHW industry[M5,H22]",8.5646E-05,,,,,,,,,,,,,,,,,,,,,,,,,,,,,,,,,,,,,,
"Hour factor DHW industry[M5,H23]",8.19858E-05,,,,,,,,,,,,,,,,,,,,,,,,,,,,,,,,,,,,,,
"Hour factor DHW industry[M5,H24]",9.11152E-05,,,,,,,,,,,,,,,,,,,,,,,,,,,,,,,,,,,,,,
"Hour factor DHW industry[M6,H1]",9.34346E-05,,,,,,,,,,,,,,,,,,,,,,,,,,,,,,,,,,,,,,
"Hour factor DHW industry[M6,H2]",9.41395E-05,,,,,,,,,,,,,,,,,,,,,,,,,,,,,,,,,,,,,,
"Hour factor DHW industry[M6,H3]",9.97278E-05,,,,,,,,,,,,,,,,,,,,,,,,,,,,,,,,,,,,,,
"Hour factor DHW industry[M6,H4]",0.000115675,,,,,,,,,,,,,,,,,,,,,,,,,,,,,,,,,,,,,,
"Hour factor DHW industry[M6,H5]",0.000134241,,,,,,,,,,,,,,,,,,,,,,,,,,,,,,,,,,,,,,
"Hour factor DHW industry[M6,H6]",0.000156867,,,,,,,,,,,,,,,,,,,,,,,,,,,,,,,,,,,,,,
"Hour factor DHW industry[M6,H7]",0.000165352,,,,,,,,,,,,,,,,,,,,,,,,,,,,,,,,,,,,,,
"Hour factor DHW industry[M6,H8]",0.000167444,,,,,,,,,,,,,,,,,,,,,,,,,,,,,,,,,,,,,,
"Hour factor DHW industry[M6,H9]",0.000151993,,,,,,,,,,,,,,,,,,,,,,,,,,,,,,,,,,,,,,
"Hour factor DHW industry[M6,H10]",0.000139904,,,,,,,,,,,,,,,,,,,,,,,,,,,,,,,,,,,,,,
"Hour factor DHW industry[M6,H11]",0.00013195,,,,,,,,,,,,,,,,,,,,,,,,,,,,,,,,,,,,,,
"Hour factor DHW industry[M6,H12]",0.000121709,,,,,,,,,,,,,,,,,,,,,,,,,,,,,,,,,,,,,,
"Hour factor DHW industry[M6,H13]",0.000112685,,,,,,,,,,,,,,,,,,,,,,,,,,,,,,,,,,,,,,
"Hour factor DHW industry[M6,H14]",0.000105783,,,,,,,,,,,,,,,,,,,,,,,,,,,,,,,,,,,,,,
"Hour factor DHW industry[M6,H15]",0.000102908,,,,,,,,,,,,,,,,,,,,,,,,,,,,,,,,,,,,,,
"Hour factor DHW industry[M6,H16]",0.000101654,,,,,,,,,,,,,,,,,,,,,,,,,,,,,,,,,,,,,,
"Hour factor DHW industry[M6,H17]",0.000101187,,,,,,,,,,,,,,,,,,,,,,,,,,,,,,,,,,,,,,
"Hour factor DHW industry[M6,H18]",9.55966E-05,,,,,,,,,,,,,,,,,,,,,,,,,,,,,,,,,,,,,,
"Hour factor DHW industry[M6,H19]",9.54874E-05,,,,,,,,,,,,,,,,,,,,,,,,,,,,,,,,,,,,,,
"Hour factor DHW industry[M6,H20]",9.42787E-05,,,,,,,,,,,,,,,,,,,,,,,,,,,,,,,,,,,,,,
"Hour factor DHW industry[M6,H21]",9.31693E-05,,,,,,,,,,,,,,,,,,,,,,,,,,,,,,,,,,,,,,
"Hour factor DHW industry[M6,H22]",8.5646E-05,,,,,,,,,,,,,,,,,,,,,,,,,,,,,,,,,,,,,,
"Hour factor DHW industry[M6,H23]",8.19858E-05,,,,,,,,,,,,,,,,,,,,,,,,,,,,,,,,,,,,,,
"Hour factor DHW industry[M6,H24]",9.11152E-05,,,,,,,,,,,,,,,,,,,,,,,,,,,,,,,,,,,,,,
"Hour factor DHW industry[M7,H1]",2.89423E-05,,,,,,,,,,,,,,,,,,,,,,,,,,,,,,,,,,,,,,
"Hour factor DHW industry[M7,H2]",3.20091E-05,,,,,,,,,,,,,,,,,,,,,,,,,,,,,,,,,,,,,,
"Hour factor DHW industry[M7,H3]",3.58779E-05,,,,,,,,,,,,,,,,,,,,,,,,,,,,,,,,,,,,,,
"Hour factor DHW industry[M7,H4]",4.48111E-05,,,,,,,,,,,,,,,,,,,,,,,,,,,,,,,,,,,,,,
"Hour factor DHW industry[M7,H5]",5.42889E-05,,,,,,,,,,,,,,,,,,,,,,,,,,,,,,,,,,,,,,
"Hour factor DHW industry[M7,H6]",6.58103E-05,,,,,,,,,,,,,,,,,,,,,,,,,,,,,,,,,,,,,,
"Hour factor DHW industry[M7,H7]",6.52457E-05,,,,,,,,,,,,,,,,,,,,,,,,,,,,,,,,,,,,,,
"Hour factor DHW industry[M7,H8]",5.88164E-05,,,,,,,,,,,,,,,,,,,,,,,,,,,,,,,,,,,,,,
"Hour factor DHW industry[M7,H9]",5.2694E-05,,,,,,,,,,,,,,,,,,,,,,,,,,,,,,,,,,,,,,
"Hour factor DHW industry[M7,H10]",5.07509E-05,,,,,,,,,,,,,,,,,,,,,,,,,,,,,,,,,,,,,,
"Hour factor DHW industry[M7,H11]",4.48062E-05,,,,,,,,,,,,,,,,,,,,,,,,,,,,,,,,,,,,,,
"Hour factor DHW industry[M7,H12]",4.4657E-05,,,,,,,,,,,,,,,,,,,,,,,,,,,,,,,,,,,,,,
"Hour factor DHW industry[M7,H13]",3.80847E-05,,,,,,,,,,,,,,,,,,,,,,,,,,,,,,,,,,,,,,
"Hour factor DHW industry[M7,H14]",3.30828E-05,,,,,,,,,,,,,,,,,,,,,,,,,,,,,,,,,,,,,,
"Hour factor DHW industry[M7,H15]",3.23313E-05,,,,,,,,,,,,,,,,,,,,,,,,,,,,,,,,,,,,,,
"Hour factor DHW industry[M7,H16]",2.97751E-05,,,,,,,,,,,,,,,,,,,,,,,,,,,,,,,,,,,,,,
"Hour factor DHW industry[M7,H17]",3.11944E-05,,,,,,,,,,,,,,,,,,,,,,,,,,,,,,,,,,,,,,
"Hour factor DHW industry[M7,H18]",3.02906E-05,,,,,,,,,,,,,,,,,,,,,,,,,,,,,,,,,,,,,,
"Hour factor DHW industry[M7,H19]",3.32752E-05,,,,,,,,,,,,,,,,,,,,,,,,,,,,,,,,,,,,,,
"Hour factor DHW industry[M7,H20]",3.41829E-05,,,,,,,,,,,,,,,,,,,,,,,,,,,,,,,,,,,,,,
"Hour factor DHW industry[M7,H21]",3.19438E-05,,,,,,,,,,,,,,,,,,,,,,,,,,,,,,,,,,,,,,
"Hour factor DHW industry[M7,H22]",2.8285E-05,,,,,,,,,,,,,,,,,,,,,,,,,,,,,,,,,,,,,,
"Hour factor DHW industry[M7,H23]",2.63883E-05,,,,,,,,,,,,,,,,,,,,,,,,,,,,,,,,,,,,,,
"Hour factor DHW industry[M7,H24]",2.5642E-05,,,,,,,,,,,,,,,,,,,,,,,,,,,,,,,,,,,,,,
"Hour factor DHW industry[M8,H1]",2.89423E-05,,,,,,,,,,,,,,,,,,,,,,,,,,,,,,,,,,,,,,
"Hour factor DHW industry[M8,H2]",3.20091E-05,,,,,,,,,,,,,,,,,,,,,,,,,,,,,,,,,,,,,,
"Hour factor DHW industry[M8,H3]",3.58779E-05,,,,,,,,,,,,,,,,,,,,,,,,,,,,,,,,,,,,,,
"Hour factor DHW industry[M8,H4]",4.48111E-05,,,,,,,,,,,,,,,,,,,,,,,,,,,,,,,,,,,,,,
"Hour factor DHW industry[M8,H5]",5.42889E-05,,,,,,,,,,,,,,,,,,,,,,,,,,,,,,,,,,,,,,
"Hour factor DHW industry[M8,H6]",6.58103E-05,,,,,,,,,,,,,,,,,,,,,,,,,,,,,,,,,,,,,,
"Hour factor DHW industry[M8,H7]",6.52457E-05,,,,,,,,,,,,,,,,,,,,,,,,,,,,,,,,,,,,,,
"Hour factor DHW industry[M8,H8]",5.88164E-05,,,,,,,,,,,,,,,,,,,,,,,,,,,,,,,,,,,,,,
"Hour factor DHW industry[M8,H9]",5.2694E-05,,,,,,,,,,,,,,,,,,,,,,,,,,,,,,,,,,,,,,
"Hour factor DHW industry[M8,H10]",5.07509E-05,,,,,,,,,,,,,,,,,,,,,,,,,,,,,,,,,,,,,,
"Hour factor DHW industry[M8,H11]",4.48062E-05,,,,,,,,,,,,,,,,,,,,,,,,,,,,,,,,,,,,,,
"Hour factor DHW industry[M8,H12]",4.4657E-05,,,,,,,,,,,,,,,,,,,,,,,,,,,,,,,,,,,,,,
"Hour factor DHW industry[M8,H13]",3.80847E-05,,,,,,,,,,,,,,,,,,,,,,,,,,,,,,,,,,,,,,
"Hour factor DHW industry[M8,H14]",3.30828E-05,,,,,,,,,,,,,,,,,,,,,,,,,,,,,,,,,,,,,,
"Hour factor DHW industry[M8,H15]",3.23313E-05,,,,,,,,,,,,,,,,,,,,,,,,,,,,,,,,,,,,,,
"Hour factor DHW industry[M8,H16]",2.97751E-05,,,,,,,,,,,,,,,,,,,,,,,,,,,,,,,,,,,,,,
"Hour factor DHW industry[M8,H17]",3.11944E-05,,,,,,,,,,,,,,,,,,,,,,,,,,,,,,,,,,,,,,
"Hour factor DHW industry[M8,H18]",3.02906E-05,,,,,,,,,,,,,,,,,,,,,,,,,,,,,,,,,,,,,,
"Hour factor DHW industry[M8,H19]",3.32752E-05,,,,,,,,,,,,,,,,,,,,,,,,,,,,,,,,,,,,,,
"Hour factor DHW industry[M8,H20]",3.41829E-05,,,,,,,,,,,,,,,,,,,,,,,,,,,,,,,,,,,,,,
"Hour factor DHW industry[M8,H21]",3.19438E-05,,,,,,,,,,,,,,,,,,,,,,,,,,,,,,,,,,,,,,
"Hour factor DHW industry[M8,H22]",2.8285E-05,,,,,,,,,,,,,,,,,,,,,,,,,,,,,,,,,,,,,,
"Hour factor DHW industry[M8,H23]",2.63883E-05,,,,,,,,,,,,,,,,,,,,,,,,,,,,,,,,,,,,,,
"Hour factor DHW industry[M8,H24]",2.5642E-05,,,,,,,,,,,,,,,,,,,,,,,,,,,,,,,,,,,,,,
"Hour factor DHW industry[M9,H1]",2.89423E-05,,,,,,,,,,,,,,,,,,,,,,,,,,,,,,,,,,,,,,
"Hour factor DHW industry[M9,H2]",3.20091E-05,,,,,,,,,,,,,,,,,,,,,,,,,,,,,,,,,,,,,,
"Hour factor DHW industry[M9,H3]",3.58779E-05,,,,,,,,,,,,,,,,,,,,,,,,,,,,,,,,,,,,,,
"Hour factor DHW industry[M9,H4]",4.48111E-05,,,,,,,,,,,,,,,,,,,,,,,,,,,,,,,,,,,,,,
"Hour factor DHW industry[M9,H5]",5.42889E-05,,,,,,,,,,,,,,,,,,,,,,,,,,,,,,,,,,,,,,
"Hour factor DHW industry[M9,H6]",6.58103E-05,,,,,,,,,,,,,,,,,,,,,,,,,,,,,,,,,,,,,,
"Hour factor DHW industry[M9,H7]",6.52457E-05,,,,,,,,,,,,,,,,,,,,,,,,,,,,,,,,,,,,,,
"Hour factor DHW industry[M9,H8]",5.88164E-05,,,,,,,,,,,,,,,,,,,,,,,,,,,,,,,,,,,,,,
"Hour factor DHW industry[M9,H9]",5.2694E-05,,,,,,,,,,,,,,,,,,,,,,,,,,,,,,,,,,,,,,
"Hour factor DHW industry[M9,H10]",5.07509E-05,,,,,,,,,,,,,,,,,,,,,,,,,,,,,,,,,,,,,,
"Hour factor DHW industry[M9,H11]",4.48062E-05,,,,,,,,,,,,,,,,,,,,,,,,,,,,,,,,,,,,,,
"Hour factor DHW industry[M9,H12]",4.4657E-05,,,,,,,,,,,,,,,,,,,,,,,,,,,,,,,,,,,,,,
"Hour factor DHW industry[M9,H13]",3.80847E-05,,,,,,,,,,,,,,,,,,,,,,,,,,,,,,,,,,,,,,
"Hour factor DHW industry[M9,H14]",3.30828E-05,,,,,,,,,,,,,,,,,,,,,,,,,,,,,,,,,,,,,,
"Hour factor DHW industry[M9,H15]",3.23313E-05,,,,,,,,,,,,,,,,,,,,,,,,,,,,,,,,,,,,,,
"Hour factor DHW industry[M9,H16]",2.97751E-05,,,,,,,,,,,,,,,,,,,,,,,,,,,,,,,,,,,,,,
"Hour factor DHW industry[M9,H17]",3.11944E-05,,,,,,,,,,,,,,,,,,,,,,,,,,,,,,,,,,,,,,
"Hour factor DHW industry[M9,H18]",3.02906E-05,,,,,,,,,,,,,,,,,,,,,,,,,,,,,,,,,,,,,,
"Hour factor DHW industry[M9,H19]",3.32752E-05,,,,,,,,,,,,,,,,,,,,,,,,,,,,,,,,,,,,,,
"Hour factor DHW industry[M9,H20]",3.41829E-05,,,,,,,,,,,,,,,,,,,,,,,,,,,,,,,,,,,,,,
"Hour factor DHW industry[M9,H21]",3.19438E-05,,,,,,,,,,,,,,,,,,,,,,,,,,,,,,,,,,,,,,
"Hour factor DHW industry[M9,H22]",2.8285E-05,,,,,,,,,,,,,,,,,,,,,,,,,,,,,,,,,,,,,,
"Hour factor DHW industry[M9,H23]",2.63883E-05,,,,,,,,,,,,,,,,,,,,,,,,,,,,,,,,,,,,,,
"Hour factor DHW industry[M9,H24]",2.5642E-05,,,,,,,,,,,,,,,,,,,,,,,,,,,,,,,,,,,,,,
"Hour factor DHW industry[M10,H1]",9.34346E-05,,,,,,,,,,,,,,,,,,,,,,,,,,,,,,,,,,,,,,
"Hour factor DHW industry[M10,H2]",9.41395E-05,,,,,,,,,,,,,,,,,,,,,,,,,,,,,,,,,,,,,,
"Hour factor DHW industry[M10,H3]",9.97278E-05,,,,,,,,,,,,,,,,,,,,,,,,,,,,,,,,,,,,,,
"Hour factor DHW industry[M10,H4]",0.000115675,,,,,,,,,,,,,,,,,,,,,,,,,,,,,,,,,,,,,,
"Hour factor DHW industry[M10,H5]",0.000134241,,,,,,,,,,,,,,,,,,,,,,,,,,,,,,,,,,,,,,
"Hour factor DHW industry[M10,H6]",0.000156867,,,,,,,,,,,,,,,,,,,,,,,,,,,,,,,,,,,,,,
"Hour factor DHW industry[M10,H7]",0.000165352,,,,,,,,,,,,,,,,,,,,,,,,,,,,,,,,,,,,,,
"Hour factor DHW industry[M10,H8]",0.000167444,,,,,,,,,,,,,,,,,,,,,,,,,,,,,,,,,,,,,,
"Hour factor DHW industry[M10,H9]",0.000151993,,,,,,,,,,,,,,,,,,,,,,,,,,,,,,,,,,,,,,
"Hour factor DHW industry[M10,H10]",0.000139904,,,,,,,,,,,,,,,,,,,,,,,,,,,,,,,,,,,,,,
"Hour factor DHW industry[M10,H11]",0.00013195,,,,,,,,,,,,,,,,,,,,,,,,,,,,,,,,,,,,,,
"Hour factor DHW industry[M10,H12]",0.000121709,,,,,,,,,,,,,,,,,,,,,,,,,,,,,,,,,,,,,,
"Hour factor DHW industry[M10,H13]",0.000112685,,,,,,,,,,,,,,,,,,,,,,,,,,,,,,,,,,,,,,
"Hour factor DHW industry[M10,H14]",0.000105783,,,,,,,,,,,,,,,,,,,,,,,,,,,,,,,,,,,,,,
"Hour factor DHW industry[M10,H15]",0.000102908,,,,,,,,,,,,,,,,,,,,,,,,,,,,,,,,,,,,,,
"Hour factor DHW industry[M10,H16]",0.000101654,,,,,,,,,,,,,,,,,,,,,,,,,,,,,,,,,,,,,,
"Hour factor DHW industry[M10,H17]",0.000101187,,,,,,,,,,,,,,,,,,,,,,,,,,,,,,,,,,,,,,
"Hour factor DHW industry[M10,H18]",9.55966E-05,,,,,,,,,,,,,,,,,,,,,,,,,,,,,,,,,,,,,,
"Hour factor DHW industry[M10,H19]",9.54874E-05,,,,,,,,,,,,,,,,,,,,,,,,,,,,,,,,,,,,,,
"Hour factor DHW industry[M10,H20]",9.42787E-05,,,,,,,,,,,,,,,,,,,,,,,,,,,,,,,,,,,,,,
"Hour factor DHW industry[M10,H21]",9.31693E-05,,,,,,,,,,,,,,,,,,,,,,,,,,,,,,,,,,,,,,
"Hour factor DHW industry[M10,H22]",8.5646E-05,,,,,,,,,,,,,,,,,,,,,,,,,,,,,,,,,,,,,,
"Hour factor DHW industry[M10,H23]",8.19858E-05,,,,,,,,,,,,,,,,,,,,,,,,,,,,,,,,,,,,,,
"Hour factor DHW industry[M10,H24]",9.11152E-05,,,,,,,,,,,,,,,,,,,,,,,,,,,,,,,,,,,,,,
"Hour factor DHW industry[M11,H1]",9.34346E-05,,,,,,,,,,,,,,,,,,,,,,,,,,,,,,,,,,,,,,
"Hour factor DHW industry[M11,H2]",9.41395E-05,,,,,,,,,,,,,,,,,,,,,,,,,,,,,,,,,,,,,,
"Hour factor DHW industry[M11,H3]",9.97278E-05,,,,,,,,,,,,,,,,,,,,,,,,,,,,,,,,,,,,,,
"Hour factor DHW industry[M11,H4]",0.000115675,,,,,,,,,,,,,,,,,,,,,,,,,,,,,,,,,,,,,,
"Hour factor DHW industry[M11,H5]",0.000134241,,,,,,,,,,,,,,,,,,,,,,,,,,,,,,,,,,,,,,
"Hour factor DHW industry[M11,H6]",0.000156867,,,,,,,,,,,,,,,,,,,,,,,,,,,,,,,,,,,,,,
"Hour factor DHW industry[M11,H7]",0.000165352,,,,,,,,,,,,,,,,,,,,,,,,,,,,,,,,,,,,,,
"Hour factor DHW industry[M11,H8]",0.000167444,,,,,,,,,,,,,,,,,,,,,,,,,,,,,,,,,,,,,,
"Hour factor DHW industry[M11,H9]",0.000151993,,,,,,,,,,,,,,,,,,,,,,,,,,,,,,,,,,,,,,
"Hour factor DHW industry[M11,H10]",0.000139904,,,,,,,,,,,,,,,,,,,,,,,,,,,,,,,,,,,,,,
"Hour factor DHW industry[M11,H11]",0.00013195,,,,,,,,,,,,,,,,,,,,,,,,,,,,,,,,,,,,,,
"Hour factor DHW industry[M11,H12]",0.000121709,,,,,,,,,,,,,,,,,,,,,,,,,,,,,,,,,,,,,,
"Hour factor DHW industry[M11,H13]",0.000112685,,,,,,,,,,,,,,,,,,,,,,,,,,,,,,,,,,,,,,
"Hour factor DHW industry[M11,H14]",0.000105783,,,,,,,,,,,,,,,,,,,,,,,,,,,,,,,,,,,,,,
"Hour factor DHW industry[M11,H15]",0.000102908,,,,,,,,,,,,,,,,,,,,,,,,,,,,,,,,,,,,,,
"Hour factor DHW industry[M11,H16]",0.000101654,,,,,,,,,,,,,,,,,,,,,,,,,,,,,,,,,,,,,,
"Hour factor DHW industry[M11,H17]",0.000101187,,,,,,,,,,,,,,,,,,,,,,,,,,,,,,,,,,,,,,
"Hour factor DHW industry[M11,H18]",9.55966E-05,,,,,,,,,,,,,,,,,,,,,,,,,,,,,,,,,,,,,,
"Hour factor DHW industry[M11,H19]",9.54874E-05,,,,,,,,,,,,,,,,,,,,,,,,,,,,,,,,,,,,,,
"Hour factor DHW industry[M11,H20]",9.42787E-05,,,,,,,,,,,,,,,,,,,,,,,,,,,,,,,,,,,,,,
"Hour factor DHW industry[M11,H21]",9.31693E-05,,,,,,,,,,,,,,,,,,,,,,,,,,,,,,,,,,,,,,
"Hour factor DHW industry[M11,H22]",8.5646E-05,,,,,,,,,,,,,,,,,,,,,,,,,,,,,,,,,,,,,,
"Hour factor DHW industry[M11,H23]",8.19858E-05,,,,,,,,,,,,,,,,,,,,,,,,,,,,,,,,,,,,,,
"Hour factor DHW industry[M11,H24]",9.11152E-05,,,,,,,,,,,,,,,,,,,,,,,,,,,,,,,,,,,,,,
"Hour factor DHW industry[M12,H1]",9.34346E-05,,,,,,,,,,,,,,,,,,,,,,,,,,,,,,,,,,,,,,
"Hour factor DHW industry[M12,H2]",9.41395E-05,,,,,,,,,,,,,,,,,,,,,,,,,,,,,,,,,,,,,,
"Hour factor DHW industry[M12,H3]",9.97278E-05,,,,,,,,,,,,,,,,,,,,,,,,,,,,,,,,,,,,,,
"Hour factor DHW industry[M12,H4]",0.000115675,,,,,,,,,,,,,,,,,,,,,,,,,,,,,,,,,,,,,,
"Hour factor DHW industry[M12,H5]",0.000134241,,,,,,,,,,,,,,,,,,,,,,,,,,,,,,,,,,,,,,
"Hour factor DHW industry[M12,H6]",0.000156867,,,,,,,,,,,,,,,,,,,,,,,,,,,,,,,,,,,,,,
"Hour factor DHW industry[M12,H7]",0.000165352,,,,,,,,,,,,,,,,,,,,,,,,,,,,,,,,,,,,,,
"Hour factor DHW industry[M12,H8]",0.000167444,,,,,,,,,,,,,,,,,,,,,,,,,,,,,,,,,,,,,,
"Hour factor DHW industry[M12,H9]",0.000151993,,,,,,,,,,,,,,,,,,,,,,,,,,,,,,,,,,,,,,
"Hour factor DHW industry[M12,H10]",0.000139904,,,,,,,,,,,,,,,,,,,,,,,,,,,,,,,,,,,,,,
"Hour factor DHW industry[M12,H11]",0.00013195,,,,,,,,,,,,,,,,,,,,,,,,,,,,,,,,,,,,,,
"Hour factor DHW industry[M12,H12]",0.000121709,,,,,,,,,,,,,,,,,,,,,,,,,,,,,,,,,,,,,,
"Hour factor DHW industry[M12,H13]",0.000112685,,,,,,,,,,,,,,,,,,,,,,,,,,,,,,,,,,,,,,
"Hour factor DHW industry[M12,H14]",0.000105783,,,,,,,,,,,,,,,,,,,,,,,,,,,,,,,,,,,,,,
"Hour factor DHW industry[M12,H15]",0.000102908,,,,,,,,,,,,,,,,,,,,,,,,,,,,,,,,,,,,,,
"Hour factor DHW industry[M12,H16]",0.000101654,,,,,,,,,,,,,,,,,,,,,,,,,,,,,,,,,,,,,,
"Hour factor DHW industry[M12,H17]",0.000101187,,,,,,,,,,,,,,,,,,,,,,,,,,,,,,,,,,,,,,
"Hour factor DHW industry[M12,H18]",9.55966E-05,,,,,,,,,,,,,,,,,,,,,,,,,,,,,,,,,,,,,,
"Hour factor DHW industry[M12,H19]",9.54874E-05,,,,,,,,,,,,,,,,,,,,,,,,,,,,,,,,,,,,,,
"Hour factor DHW industry[M12,H20]",9.42787E-05,,,,,,,,,,,,,,,,,,,,,,,,,,,,,,,,,,,,,,
"Hour factor DHW industry[M12,H21]",9.31693E-05,,,,,,,,,,,,,,,,,,,,,,,,,,,,,,,,,,,,,,
"Hour factor DHW industry[M12,H22]",8.5646E-05,,,,,,,,,,,,,,,,,,,,,,,,,,,,,,,,,,,,,,
"Hour factor DHW industry[M12,H23]",8.19858E-05,,,,,,,,,,,,,,,,,,,,,,,,,,,,,,,,,,,,,,
"Hour factor DHW industry[M12,H24]",9.11152E-05,,,,,,,,,,,,,,,,,,,,,,,,,,,,,,,,,,,,,,
"Hour factor DHW residential[M1,H1]",4.93151E-06,,,,,,,,,,,,,,,,,,,,,,,,,,,,,,,,,,,,,,
"Hour factor DHW residential[M1,H2]",4.38356E-07,,,,,,,,,,,,,,,,,,,,,,,,,,,,,,,,,,,,,,
"Hour factor DHW residential[M1,H3]",7.12329E-06,,,,,,,,,,,,,,,,,,,,,,,,,,,,,,,,,,,,,,
"Hour factor DHW residential[M1,H4]",4.49315E-06,,,,,,,,,,,,,,,,,,,,,,,,,,,,,,,,,,,,,,
"Hour factor DHW residential[M1,H5]",5.0411E-06,,,,,,,,,,,,,,,,,,,,,,,,,,,,,,,,,,,,,,
"Hour factor DHW residential[M1,H6]",0.000179068,,,,,,,,,,,,,,,,,,,,,,,,,,,,,,,,,,,,,,
"Hour factor DHW residential[M1,H7]",0.000317808,,,,,,,,,,,,,,,,,,,,,,,,,,,,,,,,,,,,,,
"Hour factor DHW residential[M1,H8]",0.00029063,,,,,,,,,,,,,,,,,,,,,,,,,,,,,,,,,,,,,,
"Hour factor DHW residential[M1,H9]",0.000195836,,,,,,,,,,,,,,,,,,,,,,,,,,,,,,,,,,,,,,
"Hour factor DHW residential[M1,H10]",0.000113973,,,,,,,,,,,,,,,,,,,,,,,,,,,,,,,,,,,,,,
"Hour factor DHW residential[M1,H11]",0.000121315,,,,,,,,,,,,,,,,,,,,,,,,,,,,,,,,,,,,,,
"Hour factor DHW residential[M1,H12]",0.000139726,,,,,,,,,,,,,,,,,,,,,,,,,,,,,,,,,,,,,,
"Hour factor DHW residential[M1,H13]",0.000152438,,,,,,,,,,,,,,,,,,,,,,,,,,,,,,,,,,,,,,
"Hour factor DHW residential[M1,H14]",9.49041E-05,,,,,,,,,,,,,,,,,,,,,,,,,,,,,,,,,,,,,,
"Hour factor DHW residential[M1,H15]",8.70137E-05,,,,,,,,,,,,,,,,,,,,,,,,,,,,,,,,,,,,,,
"Hour factor DHW residential[M1,H16]",9.67671E-05,,,,,,,,,,,,,,,,,,,,,,,,,,,,,,,,,,,,,,
"Hour factor DHW residential[M1,H17]",0.000126575,,,,,,,,,,,,,,,,,,,,,,,,,,,,,,,,,,,,,,
"Hour factor DHW residential[M1,H18]",9.42466E-05,,,,,,,,,,,,,,,,,,,,,,,,,,,,,,,,,,,,,,
"Hour factor DHW residential[M1,H19]",0.000151781,,,,,,,,,,,,,,,,,,,,,,,,,,,,,,,,,,,,,,
"Hour factor DHW residential[M1,H20]",0.000311671,,,,,,,,,,,,,,,,,,,,,,,,,,,,,,,,,,,,,,
"Hour factor DHW residential[M1,H21]",0.000167014,,,,,,,,,,,,,,,,,,,,,,,,,,,,,,,,,,,,,,
"Hour factor DHW residential[M1,H22]",0.000118137,,,,,,,,,,,,,,,,,,,,,,,,,,,,,,,,,,,,,,
"Hour factor DHW residential[M1,H23]",0.000152,,,,,,,,,,,,,,,,,,,,,,,,,,,,,,,,,,,,,,
"Hour factor DHW residential[M1,H24]",6.79452E-06,,,,,,,,,,,,,,,,,,,,,,,,,,,,,,,,,,,,,,
"Hour factor DHW residential[M2,H1]",4.93151E-06,,,,,,,,,,,,,,,,,,,,,,,,,,,,,,,,,,,,,,
"Hour factor DHW residential[M2,H2]",4.38356E-07,,,,,,,,,,,,,,,,,,,,,,,,,,,,,,,,,,,,,,
"Hour factor DHW residential[M2,H3]",7.12329E-06,,,,,,,,,,,,,,,,,,,,,,,,,,,,,,,,,,,,,,
"Hour factor DHW residential[M2,H4]",4.49315E-06,,,,,,,,,,,,,,,,,,,,,,,,,,,,,,,,,,,,,,
"Hour factor DHW residential[M2,H5]",5.0411E-06,,,,,,,,,,,,,,,,,,,,,,,,,,,,,,,,,,,,,,
"Hour factor DHW residential[M2,H6]",0.000179068,,,,,,,,,,,,,,,,,,,,,,,,,,,,,,,,,,,,,,
"Hour factor DHW residential[M2,H7]",0.000317808,,,,,,,,,,,,,,,,,,,,,,,,,,,,,,,,,,,,,,
"Hour factor DHW residential[M2,H8]",0.00029063,,,,,,,,,,,,,,,,,,,,,,,,,,,,,,,,,,,,,,
"Hour factor DHW residential[M2,H9]",0.000195836,,,,,,,,,,,,,,,,,,,,,,,,,,,,,,,,,,,,,,
"Hour factor DHW residential[M2,H10]",0.000113973,,,,,,,,,,,,,,,,,,,,,,,,,,,,,,,,,,,,,,
"Hour factor DHW residential[M2,H11]",0.000121315,,,,,,,,,,,,,,,,,,,,,,,,,,,,,,,,,,,,,,
"Hour factor DHW residential[M2,H12]",0.000139726,,,,,,,,,,,,,,,,,,,,,,,,,,,,,,,,,,,,,,
"Hour factor DHW residential[M2,H13]",0.000152438,,,,,,,,,,,,,,,,,,,,,,,,,,,,,,,,,,,,,,
"Hour factor DHW residential[M2,H14]",9.49041E-05,,,,,,,,,,,,,,,,,,,,,,,,,,,,,,,,,,,,,,
"Hour factor DHW residential[M2,H15]",8.70137E-05,,,,,,,,,,,,,,,,,,,,,,,,,,,,,,,,,,,,,,
"Hour factor DHW residential[M2,H16]",9.67671E-05,,,,,,,,,,,,,,,,,,,,,,,,,,,,,,,,,,,,,,
"Hour factor DHW residential[M2,H17]",0.000126575,,,,,,,,,,,,,,,,,,,,,,,,,,,,,,,,,,,,,,
"Hour factor DHW residential[M2,H18]",9.42466E-05,,,,,,,,,,,,,,,,,,,,,,,,,,,,,,,,,,,,,,
"Hour factor DHW residential[M2,H19]",0.000151781,,,,,,,,,,,,,,,,,,,,,,,,,,,,,,,,,,,,,,
"Hour factor DHW residential[M2,H20]",0.000311671,,,,,,,,,,,,,,,,,,,,,,,,,,,,,,,,,,,,,,
"Hour factor DHW residential[M2,H21]",0.000167014,,,,,,,,,,,,,,,,,,,,,,,,,,,,,,,,,,,,,,
"Hour factor DHW residential[M2,H22]",0.000118137,,,,,,,,,,,,,,,,,,,,,,,,,,,,,,,,,,,,,,
"Hour factor DHW residential[M2,H23]",0.000152,,,,,,,,,,,,,,,,,,,,,,,,,,,,,,,,,,,,,,
"Hour factor DHW residential[M2,H24]",6.79452E-06,,,,,,,,,,,,,,,,,,,,,,,,,,,,,,,,,,,,,,
"Hour factor DHW residential[M3,H1]",4.93151E-06,,,,,,,,,,,,,,,,,,,,,,,,,,,,,,,,,,,,,,
"Hour factor DHW residential[M3,H2]",4.38356E-07,,,,,,,,,,,,,,,,,,,,,,,,,,,,,,,,,,,,,,
"Hour factor DHW residential[M3,H3]",7.12329E-06,,,,,,,,,,,,,,,,,,,,,,,,,,,,,,,,,,,,,,
"Hour factor DHW residential[M3,H4]",4.49315E-06,,,,,,,,,,,,,,,,,,,,,,,,,,,,,,,,,,,,,,
"Hour factor DHW residential[M3,H5]",5.0411E-06,,,,,,,,,,,,,,,,,,,,,,,,,,,,,,,,,,,,,,
"Hour factor DHW residential[M3,H6]",0.000179068,,,,,,,,,,,,,,,,,,,,,,,,,,,,,,,,,,,,,,
"Hour factor DHW residential[M3,H7]",0.000317808,,,,,,,,,,,,,,,,,,,,,,,,,,,,,,,,,,,,,,
"Hour factor DHW residential[M3,H8]",0.00029063,,,,,,,,,,,,,,,,,,,,,,,,,,,,,,,,,,,,,,
"Hour factor DHW residential[M3,H9]",0.000195836,,,,,,,,,,,,,,,,,,,,,,,,,,,,,,,,,,,,,,
"Hour factor DHW residential[M3,H10]",0.000113973,,,,,,,,,,,,,,,,,,,,,,,,,,,,,,,,,,,,,,
"Hour factor DHW residential[M3,H11]",0.000121315,,,,,,,,,,,,,,,,,,,,,,,,,,,,,,,,,,,,,,
"Hour factor DHW residential[M3,H12]",0.000139726,,,,,,,,,,,,,,,,,,,,,,,,,,,,,,,,,,,,,,
"Hour factor DHW residential[M3,H13]",0.000152438,,,,,,,,,,,,,,,,,,,,,,,,,,,,,,,,,,,,,,
"Hour factor DHW residential[M3,H14]",9.49041E-05,,,,,,,,,,,,,,,,,,,,,,,,,,,,,,,,,,,,,,
"Hour factor DHW residential[M3,H15]",8.70137E-05,,,,,,,,,,,,,,,,,,,,,,,,,,,,,,,,,,,,,,
"Hour factor DHW residential[M3,H16]",9.67671E-05,,,,,,,,,,,,,,,,,,,,,,,,,,,,,,,,,,,,,,
"Hour factor DHW residential[M3,H17]",0.000126575,,,,,,,,,,,,,,,,,,,,,,,,,,,,,,,,,,,,,,
"Hour factor DHW residential[M3,H18]",9.42466E-05,,,,,,,,,,,,,,,,,,,,,,,,,,,,,,,,,,,,,,
"Hour factor DHW residential[M3,H19]",0.000151781,,,,,,,,,,,,,,,,,,,,,,,,,,,,,,,,,,,,,,
"Hour factor DHW residential[M3,H20]",0.000311671,,,,,,,,,,,,,,,,,,,,,,,,,,,,,,,,,,,,,,
"Hour factor DHW residential[M3,H21]",0.000167014,,,,,,,,,,,,,,,,,,,,,,,,,,,,,,,,,,,,,,
"Hour factor DHW residential[M3,H22]",0.000118137,,,,,,,,,,,,,,,,,,,,,,,,,,,,,,,,,,,,,,
"Hour factor DHW residential[M3,H23]",0.000152,,,,,,,,,,,,,,,,,,,,,,,,,,,,,,,,,,,,,,
"Hour factor DHW residential[M3,H24]",6.79452E-06,,,,,,,,,,,,,,,,,,,,,,,,,,,,,,,,,,,,,,
"Hour factor DHW residential[M4,H1]",6.24658E-06,,,,,,,,,,,,,,,,,,,,,,,,,,,,,,,,,,,,,,
"Hour factor DHW residential[M4,H2]",2.9589E-06,,,,,,,,,,,,,,,,,,,,,,,,,,,,,,,,,,,,,,
"Hour factor DHW residential[M4,H3]",6.30137E-06,,,,,,,,,,,,,,,,,,,,,,,,,,,,,,,,,,,,,,
"Hour factor DHW residential[M4,H4]",5.15068E-06,,,,,,,,,,,,,,,,,,,,,,,,,,,,,,,,,,,,,,
"Hour factor DHW residential[M4,H5]",6.63014E-06,,,,,,,,,,,,,,,,,,,,,,,,,,,,,,,,,,,,,,
"Hour factor DHW residential[M4,H6]",5.84658E-05,,,,,,,,,,,,,,,,,,,,,,,,,,,,,,,,,,,,,,
"Hour factor DHW residential[M4,H7]",0.000175342,,,,,,,,,,,,,,,,,,,,,,,,,,,,,,,,,,,,,,
"Hour factor DHW residential[M4,H8]",0.00028126,,,,,,,,,,,,,,,,,,,,,,,,,,,,,,,,,,,,,,
"Hour factor DHW residential[M4,H9]",0.000269644,,,,,,,,,,,,,,,,,,,,,,,,,,,,,,,,,,,,,,
"Hour factor DHW residential[M4,H10]",0.000190027,,,,,,,,,,,,,,,,,,,,,,,,,,,,,,,,,,,,,,
"Hour factor DHW residential[M4,H11]",0.000103671,,,,,,,,,,,,,,,,,,,,,,,,,,,,,,,,,,,,,,
"Hour factor DHW residential[M4,H12]",0.00010811,,,,,,,,,,,,,,,,,,,,,,,,,,,,,,,,,,,,,,
"Hour factor DHW residential[M4,H13]",0.000119014,,,,,,,,,,,,,,,,,,,,,,,,,,,,,,,,,,,,,,
"Hour factor DHW residential[M4,H14]",0.000115562,,,,,,,,,,,,,,,,,,,,,,,,,,,,,,,,,,,,,,
"Hour factor DHW residential[M4,H15]",0.00010526,,,,,,,,,,,,,,,,,,,,,,,,,,,,,,,,,,,,,,
"Hour factor DHW residential[M4,H16]",0.000126301,,,,,,,,,,,,,,,,,,,,,,,,,,,,,,,,,,,,,,
"Hour factor DHW residential[M4,H17]",0.000135068,,,,,,,,,,,,,,,,,,,,,,,,,,,,,,,,,,,,,,
"Hour factor DHW residential[M4,H18]",0.00013874,,,,,,,,,,,,,,,,,,,,,,,,,,,,,,,,,,,,,,
"Hour factor DHW residential[M4,H19]",0.000157041,,,,,,,,,,,,,,,,,,,,,,,,,,,,,,,,,,,,,,
"Hour factor DHW residential[M4,H20]",0.000276603,,,,,,,,,,,,,,,,,,,,,,,,,,,,,,,,,,,,,,
"Hour factor DHW residential[M4,H21]",0.000187507,,,,,,,,,,,,,,,,,,,,,,,,,,,,,,,,,,,,,,
"Hour factor DHW residential[M4,H22]",0.000115068,,,,,,,,,,,,,,,,,,,,,,,,,,,,,,,,,,,,,,
"Hour factor DHW residential[M4,H23]",0.000122904,,,,,,,,,,,,,,,,,,,,,,,,,,,,,,,,,,,,,,
"Hour factor DHW residential[M4,H24]",6.66849E-05,,,,,,,,,,,,,,,,,,,,,,,,,,,,,,,,,,,,,,
"Hour factor DHW residential[M5,H1]",6.24658E-06,,,,,,,,,,,,,,,,,,,,,,,,,,,,,,,,,,,,,,
"Hour factor DHW residential[M5,H2]",2.9589E-06,,,,,,,,,,,,,,,,,,,,,,,,,,,,,,,,,,,,,,
"Hour factor DHW residential[M5,H3]",6.30137E-06,,,,,,,,,,,,,,,,,,,,,,,,,,,,,,,,,,,,,,
"Hour factor DHW residential[M5,H4]",5.15068E-06,,,,,,,,,,,,,,,,,,,,,,,,,,,,,,,,,,,,,,
"Hour factor DHW residential[M5,H5]",6.63014E-06,,,,,,,,,,,,,,,,,,,,,,,,,,,,,,,,,,,,,,
"Hour factor DHW residential[M5,H6]",5.84658E-05,,,,,,,,,,,,,,,,,,,,,,,,,,,,,,,,,,,,,,
"Hour factor DHW residential[M5,H7]",0.000175342,,,,,,,,,,,,,,,,,,,,,,,,,,,,,,,,,,,,,,
"Hour factor DHW residential[M5,H8]",0.00028126,,,,,,,,,,,,,,,,,,,,,,,,,,,,,,,,,,,,,,
"Hour factor DHW residential[M5,H9]",0.000269644,,,,,,,,,,,,,,,,,,,,,,,,,,,,,,,,,,,,,,
"Hour factor DHW residential[M5,H10]",0.000190027,,,,,,,,,,,,,,,,,,,,,,,,,,,,,,,,,,,,,,
"Hour factor DHW residential[M5,H11]",0.000103671,,,,,,,,,,,,,,,,,,,,,,,,,,,,,,,,,,,,,,
"Hour factor DHW residential[M5,H12]",0.00010811,,,,,,,,,,,,,,,,,,,,,,,,,,,,,,,,,,,,,,
"Hour factor DHW residential[M5,H13]",0.000119014,,,,,,,,,,,,,,,,,,,,,,,,,,,,,,,,,,,,,,
"Hour factor DHW residential[M5,H14]",0.000115562,,,,,,,,,,,,,,,,,,,,,,,,,,,,,,,,,,,,,,
"Hour factor DHW residential[M5,H15]",0.00010526,,,,,,,,,,,,,,,,,,,,,,,,,,,,,,,,,,,,,,
"Hour factor DHW residential[M5,H16]",0.000126301,,,,,,,,,,,,,,,,,,,,,,,,,,,,,,,,,,,,,,
"Hour factor DHW residential[M5,H17]",0.000135068,,,,,,,,,,,,,,,,,,,,,,,,,,,,,,,,,,,,,,
"Hour factor DHW residential[M5,H18]",0.00013874,,,,,,,,,,,,,,,,,,,,,,,,,,,,,,,,,,,,,,
"Hour factor DHW residential[M5,H19]",0.000157041,,,,,,,,,,,,,,,,,,,,,,,,,,,,,,,,,,,,,,
"Hour factor DHW residential[M5,H20]",0.000276603,,,,,,,,,,,,,,,,,,,,,,,,,,,,,,,,,,,,,,
"Hour factor DHW residential[M5,H21]",0.000187507,,,,,,,,,,,,,,,,,,,,,,,,,,,,,,,,,,,,,,
"Hour factor DHW residential[M5,H22]",0.000115068,,,,,,,,,,,,,,,,,,,,,,,,,,,,,,,,,,,,,,
"Hour factor DHW residential[M5,H23]",0.000122904,,,,,,,,,,,,,,,,,,,,,,,,,,,,,,,,,,,,,,
"Hour factor DHW residential[M5,H24]",6.66849E-05,,,,,,,,,,,,,,,,,,,,,,,,,,,,,,,,,,,,,,
"Hour factor DHW residential[M6,H1]",6.24658E-06,,,,,,,,,,,,,,,,,,,,,,,,,,,,,,,,,,,,,,
"Hour factor DHW residential[M6,H2]",2.9589E-06,,,,,,,,,,,,,,,,,,,,,,,,,,,,,,,,,,,,,,
"Hour factor DHW residential[M6,H3]",6.30137E-06,,,,,,,,,,,,,,,,,,,,,,,,,,,,,,,,,,,,,,
"Hour factor DHW residential[M6,H4]",5.15068E-06,,,,,,,,,,,,,,,,,,,,,,,,,,,,,,,,,,,,,,
"Hour factor DHW residential[M6,H5]",6.63014E-06,,,,,,,,,,,,,,,,,,,,,,,,,,,,,,,,,,,,,,
"Hour factor DHW residential[M6,H6]",5.84658E-05,,,,,,,,,,,,,,,,,,,,,,,,,,,,,,,,,,,,,,
"Hour factor DHW residential[M6,H7]",0.000175342,,,,,,,,,,,,,,,,,,,,,,,,,,,,,,,,,,,,,,
"Hour factor DHW residential[M6,H8]",0.00028126,,,,,,,,,,,,,,,,,,,,,,,,,,,,,,,,,,,,,,
"Hour factor DHW residential[M6,H9]",0.000269644,,,,,,,,,,,,,,,,,,,,,,,,,,,,,,,,,,,,,,
"Hour factor DHW residential[M6,H10]",0.000190027,,,,,,,,,,,,,,,,,,,,,,,,,,,,,,,,,,,,,,
"Hour factor DHW residential[M6,H11]",0.000103671,,,,,,,,,,,,,,,,,,,,,,,,,,,,,,,,,,,,,,
"Hour factor DHW residential[M6,H12]",0.00010811,,,,,,,,,,,,,,,,,,,,,,,,,,,,,,,,,,,,,,
"Hour factor DHW residential[M6,H13]",0.000119014,,,,,,,,,,,,,,,,,,,,,,,,,,,,,,,,,,,,,,
"Hour factor DHW residential[M6,H14]",0.000115562,,,,,,,,,,,,,,,,,,,,,,,,,,,,,,,,,,,,,,
"Hour factor DHW residential[M6,H15]",0.00010526,,,,,,,,,,,,,,,,,,,,,,,,,,,,,,,,,,,,,,
"Hour factor DHW residential[M6,H16]",0.000126301,,,,,,,,,,,,,,,,,,,,,,,,,,,,,,,,,,,,,,
"Hour factor DHW residential[M6,H17]",0.000135068,,,,,,,,,,,,,,,,,,,,,,,,,,,,,,,,,,,,,,
"Hour factor DHW residential[M6,H18]",0.00013874,,,,,,,,,,,,,,,,,,,,,,,,,,,,,,,,,,,,,,
"Hour factor DHW residential[M6,H19]",0.000157041,,,,,,,,,,,,,,,,,,,,,,,,,,,,,,,,,,,,,,
"Hour factor DHW residential[M6,H20]",0.000276603,,,,,,,,,,,,,,,,,,,,,,,,,,,,,,,,,,,,,,
"Hour factor DHW residential[M6,H21]",0.000187507,,,,,,,,,,,,,,,,,,,,,,,,,,,,,,,,,,,,,,
"Hour factor DHW residential[M6,H22]",0.000115068,,,,,,,,,,,,,,,,,,,,,,,,,,,,,,,,,,,,,,
"Hour factor DHW residential[M6,H23]",0.000122904,,,,,,,,,,,,,,,,,,,,,,,,,,,,,,,,,,,,,,
"Hour factor DHW residential[M6,H24]",6.66849E-05,,,,,,,,,,,,,,,,,,,,,,,,,,,,,,,,,,,,,,
"Hour factor DHW residential[M7,H1]",8E-06,,,,,,,,,,,,,,,,,,,,,,,,,,,,,,,,,,,,,,
"Hour factor DHW residential[M7,H2]",2.73973E-06,,,,,,,,,,,,,,,,,,,,,,,,,,,,,,,,,,,,,,
"Hour factor DHW residential[M7,H3]",9.75342E-06,,,,,,,,,,,,,,,,,,,,,,,,,,,,,,,,,,,,,,
"Hour factor DHW residential[M7,H4]",3.72603E-06,,,,,,,,,,,,,,,,,,,,,,,,,,,,,,,,,,,,,,
"Hour factor DHW residential[M7,H5]",1.64384E-06,,,,,,,,,,,,,,,,,,,,,,,,,,,,,,,,,,,,,,
"Hour factor DHW residential[M7,H6]",4.82192E-06,,,,,,,,,,,,,,,,,,,,,,,,,,,,,,,,,,,,,,
"Hour factor DHW residential[M7,H7]",0.00011989,,,,,,,,,,,,,,,,,,,,,,,,,,,,,,,,,,,,,,
"Hour factor DHW residential[M7,H8]",0.000196932,,,,,,,,,,,,,,,,,,,,,,,,,,,,,,,,,,,,,,
"Hour factor DHW residential[M7,H9]",0.000255233,,,,,,,,,,,,,,,,,,,,,,,,,,,,,,,,,,,,,,
"Hour factor DHW residential[M7,H10]",0.000159342,,,,,,,,,,,,,,,,,,,,,,,,,,,,,,,,,,,,,,
"Hour factor DHW residential[M7,H11]",8.76712E-05,,,,,,,,,,,,,,,,,,,,,,,,,,,,,,,,,,,,,,
"Hour factor DHW residential[M7,H12]",0.000110575,,,,,,,,,,,,,,,,,,,,,,,,,,,,,,,,,,,,,,
"Hour factor DHW residential[M7,H13]",7.43014E-05,,,,,,,,,,,,,,,,,,,,,,,,,,,,,,,,,,,,,,
"Hour factor DHW residential[M7,H14]",8.47123E-05,,,,,,,,,,,,,,,,,,,,,,,,,,,,,,,,,,,,,,
"Hour factor DHW residential[M7,H15]",7.93425E-05,,,,,,,,,,,,,,,,,,,,,,,,,,,,,,,,,,,,,,
"Hour factor DHW residential[M7,H16]",8.74521E-05,,,,,,,,,,,,,,,,,,,,,,,,,,,,,,,,,,,,,,
"Hour factor DHW residential[M7,H17]",7.59452E-05,,,,,,,,,,,,,,,,,,,,,,,,,,,,,,,,,,,,,,
"Hour factor DHW residential[M7,H18]",0.000126904,,,,,,,,,,,,,,,,,,,,,,,,,,,,,,,,,,,,,,
"Hour factor DHW residential[M7,H19]",7.53973E-05,,,,,,,,,,,,,,,,,,,,,,,,,,,,,,,,,,,,,,
"Hour factor DHW residential[M7,H20]",9.85205E-05,,,,,,,,,,,,,,,,,,,,,,,,,,,,,,,,,,,,,,
"Hour factor DHW residential[M7,H21]",0.000256767,,,,,,,,,,,,,,,,,,,,,,,,,,,,,,,,,,,,,,
"Hour factor DHW residential[M7,H22]",0.000165918,,,,,,,,,,,,,,,,,,,,,,,,,,,,,,,,,,,,,,
"Hour factor DHW residential[M7,H23]",7.04658E-05,,,,,,,,,,,,,,,,,,,,,,,,,,,,,,,,,,,,,,
"Hour factor DHW residential[M7,H24]",0.000104,,,,,,,,,,,,,,,,,,,,,,,,,,,,,,,,,,,,,,
"Hour factor DHW residential[M8,H1]",8E-06,,,,,,,,,,,,,,,,,,,,,,,,,,,,,,,,,,,,,,
"Hour factor DHW residential[M8,H2]",2.73973E-06,,,,,,,,,,,,,,,,,,,,,,,,,,,,,,,,,,,,,,
"Hour factor DHW residential[M8,H3]",9.75342E-06,,,,,,,,,,,,,,,,,,,,,,,,,,,,,,,,,,,,,,
"Hour factor DHW residential[M8,H4]",3.72603E-06,,,,,,,,,,,,,,,,,,,,,,,,,,,,,,,,,,,,,,
"Hour factor DHW residential[M8,H5]",1.64384E-06,,,,,,,,,,,,,,,,,,,,,,,,,,,,,,,,,,,,,,
"Hour factor DHW residential[M8,H6]",4.82192E-06,,,,,,,,,,,,,,,,,,,,,,,,,,,,,,,,,,,,,,
"Hour factor DHW residential[M8,H7]",0.00011989,,,,,,,,,,,,,,,,,,,,,,,,,,,,,,,,,,,,,,
"Hour factor DHW residential[M8,H8]",0.000196932,,,,,,,,,,,,,,,,,,,,,,,,,,,,,,,,,,,,,,
"Hour factor DHW residential[M8,H9]",0.000255233,,,,,,,,,,,,,,,,,,,,,,,,,,,,,,,,,,,,,,
"Hour factor DHW residential[M8,H10]",0.000159342,,,,,,,,,,,,,,,,,,,,,,,,,,,,,,,,,,,,,,
"Hour factor DHW residential[M8,H11]",8.76712E-05,,,,,,,,,,,,,,,,,,,,,,,,,,,,,,,,,,,,,,
"Hour factor DHW residential[M8,H12]",0.000110575,,,,,,,,,,,,,,,,,,,,,,,,,,,,,,,,,,,,,,
"Hour factor DHW residential[M8,H13]",7.43014E-05,,,,,,,,,,,,,,,,,,,,,,,,,,,,,,,,,,,,,,
"Hour factor DHW residential[M8,H14]",8.47123E-05,,,,,,,,,,,,,,,,,,,,,,,,,,,,,,,,,,,,,,
"Hour factor DHW residential[M8,H15]",7.93425E-05,,,,,,,,,,,,,,,,,,,,,,,,,,,,,,,,,,,,,,
"Hour factor DHW residential[M8,H16]",8.74521E-05,,,,,,,,,,,,,,,,,,,,,,,,,,,,,,,,,,,,,,
"Hour factor DHW residential[M8,H17]",7.59452E-05,,,,,,,,,,,,,,,,,,,,,,,,,,,,,,,,,,,,,,
"Hour factor DHW residential[M8,H18]",0.000126904,,,,,,,,,,,,,,,,,,,,,,,,,,,,,,,,,,,,,,
"Hour factor DHW residential[M8,H19]",7.53973E-05,,,,,,,,,,,,,,,,,,,,,,,,,,,,,,,,,,,,,,
"Hour factor DHW residential[M8,H20]",9.85205E-05,,,,,,,,,,,,,,,,,,,,,,,,,,,,,,,,,,,,,,
"Hour factor DHW residential[M8,H21]",0.000256767,,,,,,,,,,,,,,,,,,,,,,,,,,,,,,,,,,,,,,
"Hour factor DHW residential[M8,H22]",0.000165918,,,,,,,,,,,,,,,,,,,,,,,,,,,,,,,,,,,,,,
"Hour factor DHW residential[M8,H23]",7.04658E-05,,,,,,,,,,,,,,,,,,,,,,,,,,,,,,,,,,,,,,
"Hour factor DHW residential[M8,H24]",0.000104,,,,,,,,,,,,,,,,,,,,,,,,,,,,,,,,,,,,,,
"Hour factor DHW residential[M9,H1]",8E-06,,,,,,,,,,,,,,,,,,,,,,,,,,,,,,,,,,,,,,
"Hour factor DHW residential[M9,H2]",2.73973E-06,,,,,,,,,,,,,,,,,,,,,,,,,,,,,,,,,,,,,,
"Hour factor DHW residential[M9,H3]",9.75342E-06,,,,,,,,,,,,,,,,,,,,,,,,,,,,,,,,,,,,,,
"Hour factor DHW residential[M9,H4]",3.72603E-06,,,,,,,,,,,,,,,,,,,,,,,,,,,,,,,,,,,,,,
"Hour factor DHW residential[M9,H5]",1.64384E-06,,,,,,,,,,,,,,,,,,,,,,,,,,,,,,,,,,,,,,
"Hour factor DHW residential[M9,H6]",4.82192E-06,,,,,,,,,,,,,,,,,,,,,,,,,,,,,,,,,,,,,,
"Hour factor DHW residential[M9,H7]",0.00011989,,,,,,,,,,,,,,,,,,,,,,,,,,,,,,,,,,,,,,
"Hour factor DHW residential[M9,H8]",0.000196932,,,,,,,,,,,,,,,,,,,,,,,,,,,,,,,,,,,,,,
"Hour factor DHW residential[M9,H9]",0.000255233,,,,,,,,,,,,,,,,,,,,,,,,,,,,,,,,,,,,,,
"Hour factor DHW residential[M9,H10]",0.000159342,,,,,,,,,,,,,,,,,,,,,,,,,,,,,,,,,,,,,,
"Hour factor DHW residential[M9,H11]",8.76712E-05,,,,,,,,,,,,,,,,,,,,,,,,,,,,,,,,,,,,,,
"Hour factor DHW residential[M9,H12]",0.000110575,,,,,,,,,,,,,,,,,,,,,,,,,,,,,,,,,,,,,,
"Hour factor DHW residential[M9,H13]",7.43014E-05,,,,,,,,,,,,,,,,,,,,,,,,,,,,,,,,,,,,,,
"Hour factor DHW residential[M9,H14]",8.47123E-05,,,,,,,,,,,,,,,,,,,,,,,,,,,,,,,,,,,,,,
"Hour factor DHW residential[M9,H15]",7.93425E-05,,,,,,,,,,,,,,,,,,,,,,,,,,,,,,,,,,,,,,
"Hour factor DHW residential[M9,H16]",8.74521E-05,,,,,,,,,,,,,,,,,,,,,,,,,,,,,,,,,,,,,,
"Hour factor DHW residential[M9,H17]",7.59452E-05,,,,,,,,,,,,,,,,,,,,,,,,,,,,,,,,,,,,,,
"Hour factor DHW residential[M9,H18]",0.000126904,,,,,,,,,,,,,,,,,,,,,,,,,,,,,,,,,,,,,,
"Hour factor DHW residential[M9,H19]",7.53973E-05,,,,,,,,,,,,,,,,,,,,,,,,,,,,,,,,,,,,,,
"Hour factor DHW residential[M9,H20]",9.85205E-05,,,,,,,,,,,,,,,,,,,,,,,,,,,,,,,,,,,,,,
"Hour factor DHW residential[M9,H21]",0.000256767,,,,,,,,,,,,,,,,,,,,,,,,,,,,,,,,,,,,,,
"Hour factor DHW residential[M9,H22]",0.000165918,,,,,,,,,,,,,,,,,,,,,,,,,,,,,,,,,,,,,,
"Hour factor DHW residential[M9,H23]",7.04658E-05,,,,,,,,,,,,,,,,,,,,,,,,,,,,,,,,,,,,,,
"Hour factor DHW residential[M9,H24]",0.000104,,,,,,,,,,,,,,,,,,,,,,,,,,,,,,,,,,,,,,
"Hour factor DHW residential[M10,H1]",6.24658E-06,,,,,,,,,,,,,,,,,,,,,,,,,,,,,,,,,,,,,,
"Hour factor DHW residential[M10,H2]",2.9589E-06,,,,,,,,,,,,,,,,,,,,,,,,,,,,,,,,,,,,,,
"Hour factor DHW residential[M10,H3]",6.30137E-06,,,,,,,,,,,,,,,,,,,,,,,,,,,,,,,,,,,,,,
"Hour factor DHW residential[M10,H4]",5.15068E-06,,,,,,,,,,,,,,,,,,,,,,,,,,,,,,,,,,,,,,
"Hour factor DHW residential[M10,H5]",6.63014E-06,,,,,,,,,,,,,,,,,,,,,,,,,,,,,,,,,,,,,,
"Hour factor DHW residential[M10,H6]",5.84658E-05,,,,,,,,,,,,,,,,,,,,,,,,,,,,,,,,,,,,,,
"Hour factor DHW residential[M10,H7]",0.000175342,,,,,,,,,,,,,,,,,,,,,,,,,,,,,,,,,,,,,,
"Hour factor DHW residential[M10,H8]",0.00028126,,,,,,,,,,,,,,,,,,,,,,,,,,,,,,,,,,,,,,
"Hour factor DHW residential[M10,H9]",0.000269644,,,,,,,,,,,,,,,,,,,,,,,,,,,,,,,,,,,,,,
"Hour factor DHW residential[M10,H10]",0.000190027,,,,,,,,,,,,,,,,,,,,,,,,,,,,,,,,,,,,,,
"Hour factor DHW residential[M10,H11]",0.000103671,,,,,,,,,,,,,,,,,,,,,,,,,,,,,,,,,,,,,,
"Hour factor DHW residential[M10,H12]",0.00010811,,,,,,,,,,,,,,,,,,,,,,,,,,,,,,,,,,,,,,
"Hour factor DHW residential[M10,H13]",0.000119014,,,,,,,,,,,,,,,,,,,,,,,,,,,,,,,,,,,,,,
"Hour factor DHW residential[M10,H14]",0.000115562,,,,,,,,,,,,,,,,,,,,,,,,,,,,,,,,,,,,,,
"Hour factor DHW residential[M10,H15]",0.00010526,,,,,,,,,,,,,,,,,,,,,,,,,,,,,,,,,,,,,,
"Hour factor DHW residential[M10,H16]",0.000126301,,,,,,,,,,,,,,,,,,,,,,,,,,,,,,,,,,,,,,
"Hour factor DHW residential[M10,H17]",0.000135068,,,,,,,,,,,,,,,,,,,,,,,,,,,,,,,,,,,,,,
"Hour factor DHW residential[M10,H18]",0.00013874,,,,,,,,,,,,,,,,,,,,,,,,,,,,,,,,,,,,,,
"Hour factor DHW residential[M10,H19]",0.000157041,,,,,,,,,,,,,,,,,,,,,,,,,,,,,,,,,,,,,,
"Hour factor DHW residential[M10,H20]",0.000276603,,,,,,,,,,,,,,,,,,,,,,,,,,,,,,,,,,,,,,
"Hour factor DHW residential[M10,H21]",0.000187507,,,,,,,,,,,,,,,,,,,,,,,,,,,,,,,,,,,,,,
"Hour factor DHW residential[M10,H22]",0.000115068,,,,,,,,,,,,,,,,,,,,,,,,,,,,,,,,,,,,,,
"Hour factor DHW residential[M10,H23]",0.000122904,,,,,,,,,,,,,,,,,,,,,,,,,,,,,,,,,,,,,,
"Hour factor DHW residential[M10,H24]",6.66849E-05,,,,,,,,,,,,,,,,,,,,,,,,,,,,,,,,,,,,,,
"Hour factor DHW residential[M11,H1]",6.24658E-06,,,,,,,,,,,,,,,,,,,,,,,,,,,,,,,,,,,,,,
"Hour factor DHW residential[M11,H2]",2.9589E-06,,,,,,,,,,,,,,,,,,,,,,,,,,,,,,,,,,,,,,
"Hour factor DHW residential[M11,H3]",6.30137E-06,,,,,,,,,,,,,,,,,,,,,,,,,,,,,,,,,,,,,,
"Hour factor DHW residential[M11,H4]",5.15068E-06,,,,,,,,,,,,,,,,,,,,,,,,,,,,,,,,,,,,,,
"Hour factor DHW residential[M11,H5]",6.63014E-06,,,,,,,,,,,,,,,,,,,,,,,,,,,,,,,,,,,,,,
"Hour factor DHW residential[M11,H6]",5.84658E-05,,,,,,,,,,,,,,,,,,,,,,,,,,,,,,,,,,,,,,
"Hour factor DHW residential[M11,H7]",0.000175342,,,,,,,,,,,,,,,,,,,,,,,,,,,,,,,,,,,,,,
"Hour factor DHW residential[M11,H8]",0.00028126,,,,,,,,,,,,,,,,,,,,,,,,,,,,,,,,,,,,,,
"Hour factor DHW residential[M11,H9]",0.000269644,,,,,,,,,,,,,,,,,,,,,,,,,,,,,,,,,,,,,,
"Hour factor DHW residential[M11,H10]",0.000190027,,,,,,,,,,,,,,,,,,,,,,,,,,,,,,,,,,,,,,
"Hour factor DHW residential[M11,H11]",0.000103671,,,,,,,,,,,,,,,,,,,,,,,,,,,,,,,,,,,,,,
"Hour factor DHW residential[M11,H12]",0.00010811,,,,,,,,,,,,,,,,,,,,,,,,,,,,,,,,,,,,,,
"Hour factor DHW residential[M11,H13]",0.000119014,,,,,,,,,,,,,,,,,,,,,,,,,,,,,,,,,,,,,,
"Hour factor DHW residential[M11,H14]",0.000115562,,,,,,,,,,,,,,,,,,,,,,,,,,,,,,,,,,,,,,
"Hour factor DHW residential[M11,H15]",0.00010526,,,,,,,,,,,,,,,,,,,,,,,,,,,,,,,,,,,,,,
"Hour factor DHW residential[M11,H16]",0.000126301,,,,,,,,,,,,,,,,,,,,,,,,,,,,,,,,,,,,,,
"Hour factor DHW residential[M11,H17]",0.000135068,,,,,,,,,,,,,,,,,,,,,,,,,,,,,,,,,,,,,,
"Hour factor DHW residential[M11,H18]",0.00013874,,,,,,,,,,,,,,,,,,,,,,,,,,,,,,,,,,,,,,
"Hour factor DHW residential[M11,H19]",0.000157041,,,,,,,,,,,,,,,,,,,,,,,,,,,,,,,,,,,,,,
"Hour factor DHW residential[M11,H20]",0.000276603,,,,,,,,,,,,,,,,,,,,,,,,,,,,,,,,,,,,,,
"Hour factor DHW residential[M11,H21]",0.000187507,,,,,,,,,,,,,,,,,,,,,,,,,,,,,,,,,,,,,,
"Hour factor DHW residential[M11,H22]",0.000115068,,,,,,,,,,,,,,,,,,,,,,,,,,,,,,,,,,,,,,
"Hour factor DHW residential[M11,H23]",0.000122904,,,,,,,,,,,,,,,,,,,,,,,,,,,,,,,,,,,,,,
"Hour factor DHW residential[M11,H24]",6.66849E-05,,,,,,,,,,,,,,,,,,,,,,,,,,,,,,,,,,,,,,
"Hour factor DHW residential[M12,H1]",6.24658E-06,,,,,,,,,,,,,,,,,,,,,,,,,,,,,,,,,,,,,,
"Hour factor DHW residential[M12,H2]",2.9589E-06,,,,,,,,,,,,,,,,,,,,,,,,,,,,,,,,,,,,,,
"Hour factor DHW residential[M12,H3]",6.30137E-06,,,,,,,,,,,,,,,,,,,,,,,,,,,,,,,,,,,,,,
"Hour factor DHW residential[M12,H4]",5.15068E-06,,,,,,,,,,,,,,,,,,,,,,,,,,,,,,,,,,,,,,
"Hour factor DHW residential[M12,H5]",6.63014E-06,,,,,,,,,,,,,,,,,,,,,,,,,,,,,,,,,,,,,,
"Hour factor DHW residential[M12,H6]",5.84658E-05,,,,,,,,,,,,,,,,,,,,,,,,,,,,,,,,,,,,,,
"Hour factor DHW residential[M12,H7]",0.000175342,,,,,,,,,,,,,,,,,,,,,,,,,,,,,,,,,,,,,,
"Hour factor DHW residential[M12,H8]",0.00028126,,,,,,,,,,,,,,,,,,,,,,,,,,,,,,,,,,,,,,
"Hour factor DHW residential[M12,H9]",0.000269644,,,,,,,,,,,,,,,,,,,,,,,,,,,,,,,,,,,,,,
"Hour factor DHW residential[M12,H10]",0.000190027,,,,,,,,,,,,,,,,,,,,,,,,,,,,,,,,,,,,,,
"Hour factor DHW residential[M12,H11]",0.000103671,,,,,,,,,,,,,,,,,,,,,,,,,,,,,,,,,,,,,,
"Hour factor DHW residential[M12,H12]",0.00010811,,,,,,,,,,,,,,,,,,,,,,,,,,,,,,,,,,,,,,
"Hour factor DHW residential[M12,H13]",0.000119014,,,,,,,,,,,,,,,,,,,,,,,,,,,,,,,,,,,,,,
"Hour factor DHW residential[M12,H14]",0.000115562,,,,,,,,,,,,,,,,,,,,,,,,,,,,,,,,,,,,,,
"Hour factor DHW residential[M12,H15]",0.00010526,,,,,,,,,,,,,,,,,,,,,,,,,,,,,,,,,,,,,,
"Hour factor DHW residential[M12,H16]",0.000126301,,,,,,,,,,,,,,,,,,,,,,,,,,,,,,,,,,,,,,
"Hour factor DHW residential[M12,H17]",0.000135068,,,,,,,,,,,,,,,,,,,,,,,,,,,,,,,,,,,,,,
"Hour factor DHW residential[M12,H18]",0.00013874,,,,,,,,,,,,,,,,,,,,,,,,,,,,,,,,,,,,,,
"Hour factor DHW residential[M12,H19]",0.000157041,,,,,,,,,,,,,,,,,,,,,,,,,,,,,,,,,,,,,,
"Hour factor DHW residential[M12,H20]",0.000276603,,,,,,,,,,,,,,,,,,,,,,,,,,,,,,,,,,,,,,
"Hour factor DHW residential[M12,H21]",0.000187507,,,,,,,,,,,,,,,,,,,,,,,,,,,,,,,,,,,,,,
"Hour factor DHW residential[M12,H22]",0.000115068,,,,,,,,,,,,,,,,,,,,,,,,,,,,,,,,,,,,,,
"Hour factor DHW residential[M12,H23]",0.000122904,,,,,,,,,,,,,,,,,,,,,,,,,,,,,,,,,,,,,,
"Hour factor DHW residential[M12,H24]",6.66849E-05,,,,,,,,,,,,,,,,,,,,,,,,,,,,,,,,,,,,,,
"Hour factor HS[M1,H1]",6.56619E-05,,,,,,,,,,,,,,,,,,,,,,,,,,,,,,,,,,,,,,
"Hour factor HS[M1,H2]",5.4319E-05,,,,,,,,,,,,,,,,,,,,,,,,,,,,,,,,,,,,,,
"Hour factor HS[M1,H3]",4.80815E-05,,,,,,,,,,,,,,,,,,,,,,,,,,,,,,,,,,,,,,
"Hour factor HS[M1,H4]",4.40968E-05,,,,,,,,,,,,,,,,,,,,,,,,,,,,,,,,,,,,,,
"Hour factor HS[M1,H5]",4.51505E-05,,,,,,,,,,,,,,,,,,,,,,,,,,,,,,,,,,,,,,
"Hour factor HS[M1,H6]",5.90576E-05,,,,,,,,,,,,,,,,,,,,,,,,,,,,,,,,,,,,,,
"Hour factor HS[M1,H7]",0.000109254,,,,,,,,,,,,,,,,,,,,,,,,,,,,,,,,,,,,,,
"Hour factor HS[M1,H8]",0.000163962,,,,,,,,,,,,,,,,,,,,,,,,,,,,,,,,,,,,,,
"Hour factor HS[M1,H9]",0.000186019,,,,,,,,,,,,,,,,,,,,,,,,,,,,,,,,,,,,,,
"Hour factor HS[M1,H10]",0.000188515,,,,,,,,,,,,,,,,,,,,,,,,,,,,,,,,,,,,,,
"Hour factor HS[M1,H11]",0.000177628,,,,,,,,,,,,,,,,,,,,,,,,,,,,,,,,,,,,,,
"Hour factor HS[M1,H12]",0.000167246,,,,,,,,,,,,,,,,,,,,,,,,,,,,,,,,,,,,,,
"Hour factor HS[M1,H13]",0.000144493,,,,,,,,,,,,,,,,,,,,,,,,,,,,,,,,,,,,,,
"Hour factor HS[M1,H14]",0.00013177,,,,,,,,,,,,,,,,,,,,,,,,,,,,,,,,,,,,,,
"Hour factor HS[M1,H15]",0.000135173,,,,,,,,,,,,,,,,,,,,,,,,,,,,,,,,,,,,,,
"Hour factor HS[M1,H16]",0.000147078,,,,,,,,,,,,,,,,,,,,,,,,,,,,,,,,,,,,,,
"Hour factor HS[M1,H17]",0.000166752,,,,,,,,,,,,,,,,,,,,,,,,,,,,,,,,,,,,,,
"Hour factor HS[M1,H18]",0.000209718,,,,,,,,,,,,,,,,,,,,,,,,,,,,,,,,,,,,,,
"Hour factor HS[M1,H19]",0.000223457,,,,,,,,,,,,,,,,,,,,,,,,,,,,,,,,,,,,,,
"Hour factor HS[M1,H20]",0.000205703,,,,,,,,,,,,,,,,,,,,,,,,,,,,,,,,,,,,,,
"Hour factor HS[M1,H21]",0.000163737,,,,,,,,,,,,,,,,,,,,,,,,,,,,,,,,,,,,,,
"Hour factor HS[M1,H22]",0.000120425,,,,,,,,,,,,,,,,,,,,,,,,,,,,,,,,,,,,,,
"Hour factor HS[M1,H23]",0.000107126,,,,,,,,,,,,,,,,,,,,,,,,,,,,,,,,,,,,,,
"Hour factor HS[M1,H24]",8.02197E-05,,,,,,,,,,,,,,,,,,,,,,,,,,,,,,,,,,,,,,
"Hour factor HS[M2,H1]",5.01143E-05,,,,,,,,,,,,,,,,,,,,,,,,,,,,,,,,,,,,,,
"Hour factor HS[M2,H2]",4.09726E-05,,,,,,,,,,,,,,,,,,,,,,,,,,,,,,,,,,,,,,
"Hour factor HS[M2,H3]",3.78223E-05,,,,,,,,,,,,,,,,,,,,,,,,,,,,,,,,,,,,,,
"Hour factor HS[M2,H4]",3.7262E-05,,,,,,,,,,,,,,,,,,,,,,,,,,,,,,,,,,,,,,
"Hour factor HS[M2,H5]",3.88579E-05,,,,,,,,,,,,,,,,,,,,,,,,,,,,,,,,,,,,,,
"Hour factor HS[M2,H6]",5.26693E-05,,,,,,,,,,,,,,,,,,,,,,,,,,,,,,,,,,,,,,
"Hour factor HS[M2,H7]",0.000101572,,,,,,,,,,,,,,,,,,,,,,,,,,,,,,,,,,,,,,
"Hour factor HS[M2,H8]",0.000158063,,,,,,,,,,,,,,,,,,,,,,,,,,,,,,,,,,,,,,
"Hour factor HS[M2,H9]",0.000176973,,,,,,,,,,,,,,,,,,,,,,,,,,,,,,,,,,,,,,
"Hour factor HS[M2,H10]",0.000161938,,,,,,,,,,,,,,,,,,,,,,,,,,,,,,,,,,,,,,
"Hour factor HS[M2,H11]",0.000135098,,,,,,,,,,,,,,,,,,,,,,,,,,,,,,,,,,,,,,
"Hour factor HS[M2,H12]",0.000115498,,,,,,,,,,,,,,,,,,,,,,,,,,,,,,,,,,,,,,
"Hour factor HS[M2,H13]",8.83225E-05,,,,,,,,,,,,,,,,,,,,,,,,,,,,,,,,,,,,,,
"Hour factor HS[M2,H14]",8.1255E-05,,,,,,,,,,,,,,,,,,,,,,,,,,,,,,,,,,,,,,
"Hour factor HS[M2,H15]",8.48705E-05,,,,,,,,,,,,,,,,,,,,,,,,,,,,,,,,,,,,,,
"Hour factor HS[M2,H16]",9.75386E-05,,,,,,,,,,,,,,,,,,,,,,,,,,,,,,,,,,,,,,
"Hour factor HS[M2,H17]",0.000120742,,,,,,,,,,,,,,,,,,,,,,,,,,,,,,,,,,,,,,
"Hour factor HS[M2,H18]",0.000160976,,,,,,,,,,,,,,,,,,,,,,,,,,,,,,,,,,,,,,
"Hour factor HS[M2,H19]",0.000204434,,,,,,,,,,,,,,,,,,,,,,,,,,,,,,,,,,,,,,
"Hour factor HS[M2,H20]",0.000192088,,,,,,,,,,,,,,,,,,,,,,,,,,,,,,,,,,,,,,
"Hour factor HS[M2,H21]",0.000142716,,,,,,,,,,,,,,,,,,,,,,,,,,,,,,,,,,,,,,
"Hour factor HS[M2,H22]",9.41335E-05,,,,,,,,,,,,,,,,,,,,,,,,,,,,,,,,,,,,,,
"Hour factor HS[M2,H23]",8.28797E-05,,,,,,,,,,,,,,,,,,,,,,,,,,,,,,,,,,,,,,
"Hour factor HS[M2,H24]",5.8998E-05,,,,,,,,,,,,,,,,,,,,,,,,,,,,,,,,,,,,,,
"Hour factor HS[M3,H1]",4.78124E-05,,,,,,,,,,,,,,,,,,,,,,,,,,,,,,,,,,,,,,
"Hour factor HS[M3,H2]",4.12937E-05,,,,,,,,,,,,,,,,,,,,,,,,,,,,,,,,,,,,,,
"Hour factor HS[M3,H3]",3.78074E-05,,,,,,,,,,,,,,,,,,,,,,,,,,,,,,,,,,,,,,
"Hour factor HS[M3,H4]",3.58979E-05,,,,,,,,,,,,,,,,,,,,,,,,,,,,,,,,,,,,,,
"Hour factor HS[M3,H5]",3.69518E-05,,,,,,,,,,,,,,,,,,,,,,,,,,,,,,,,,,,,,,
"Hour factor HS[M3,H6]",4.91178E-05,,,,,,,,,,,,,,,,,,,,,,,,,,,,,,,,,,,,,,
"Hour factor HS[M3,H7]",9.23654E-05,,,,,,,,,,,,,,,,,,,,,,,,,,,,,,,,,,,,,,
"Hour factor HS[M3,H8]",0.000125425,,,,,,,,,,,,,,,,,,,,,,,,,,,,,,,,,,,,,,
"Hour factor HS[M3,H9]",0.000132278,,,,,,,,,,,,,,,,,,,,,,,,,,,,,,,,,,,,,,
"Hour factor HS[M3,H10]",0.000109114,,,,,,,,,,,,,,,,,,,,,,,,,,,,,,,,,,,,,,
"Hour factor HS[M3,H11]",8.6021E-05,,,,,,,,,,,,,,,,,,,,,,,,,,,,,,,,,,,,,,
"Hour factor HS[M3,H12]",7.52512E-05,,,,,,,,,,,,,,,,,,,,,,,,,,,,,,,,,,,,,,
"Hour factor HS[M3,H13]",6.24033E-05,,,,,,,,,,,,,,,,,,,,,,,,,,,,,,,,,,,,,,
"Hour factor HS[M3,H14]",5.79152E-05,,,,,,,,,,,,,,,,,,,,,,,,,,,,,,,,,,,,,,
"Hour factor HS[M3,H15]",6.0523E-05,,,,,,,,,,,,,,,,,,,,,,,,,,,,,,,,,,,,,,
"Hour factor HS[M3,H16]",6.58705E-05,,,,,,,,,,,,,,,,,,,,,,,,,,,,,,,,,,,,,,
"Hour factor HS[M3,H17]",7.93851E-05,,,,,,,,,,,,,,,,,,,,,,,,,,,,,,,,,,,,,,
"Hour factor HS[M3,H18]",0.000110009,,,,,,,,,,,,,,,,,,,,,,,,,,,,,,,,,,,,,,
"Hour factor HS[M3,H19]",0.000157953,,,,,,,,,,,,,,,,,,,,,,,,,,,,,,,,,,,,,,
"Hour factor HS[M3,H20]",0.000174729,,,,,,,,,,,,,,,,,,,,,,,,,,,,,,,,,,,,,,
"Hour factor HS[M3,H21]",0.000135096,,,,,,,,,,,,,,,,,,,,,,,,,,,,,,,,,,,,,,
"Hour factor HS[M3,H22]",8.96841E-05,,,,,,,,,,,,,,,,,,,,,,,,,,,,,,,,,,,,,,
"Hour factor HS[M3,H23]",7.58458E-05,,,,,,,,,,,,,,,,,,,,,,,,,,,,,,,,,,,,,,
"Hour factor HS[M3,H24]",5.44902E-05,,,,,,,,,,,,,,,,,,,,,,,,,,,,,,,,,,,,,,
"Hour factor HS[M4,H1]",5.08242E-05,,,,,,,,,,,,,,,,,,,,,,,,,,,,,,,,,,,,,,
"Hour factor HS[M4,H2]",4.38267E-05,,,,,,,,,,,,,,,,,,,,,,,,,,,,,,,,,,,,,,
"Hour factor HS[M4,H3]",4.10474E-05,,,,,,,,,,,,,,,,,,,,,,,,,,,,,,,,,,,,,,
"Hour factor HS[M4,H4]",4.00337E-05,,,,,,,,,,,,,,,,,,,,,,,,,,,,,,,,,,,,,,
"Hour factor HS[M4,H5]",4.07525E-05,,,,,,,,,,,,,,,,,,,,,,,,,,,,,,,,,,,,,,
"Hour factor HS[M4,H6]",5.15649E-05,,,,,,,,,,,,,,,,,,,,,,,,,,,,,,,,,,,,,,
"Hour factor HS[M4,H7]",8.39533E-05,,,,,,,,,,,,,,,,,,,,,,,,,,,,,,,,,,,,,,
"Hour factor HS[M4,H8]",0.000116492,,,,,,,,,,,,,,,,,,,,,,,,,,,,,,,,,,,,,,
"Hour factor HS[M4,H9]",0.000121534,,,,,,,,,,,,,,,,,,,,,,,,,,,,,,,,,,,,,,
"Hour factor HS[M4,H10]",0.000100694,,,,,,,,,,,,,,,,,,,,,,,,,,,,,,,,,,,,,,
"Hour factor HS[M4,H11]",8.03556E-05,,,,,,,,,,,,,,,,,,,,,,,,,,,,,,,,,,,,,,
"Hour factor HS[M4,H12]",6.86681E-05,,,,,,,,,,,,,,,,,,,,,,,,,,,,,,,,,,,,,,
"Hour factor HS[M4,H13]",5.57257E-05,,,,,,,,,,,,,,,,,,,,,,,,,,,,,,,,,,,,,,
"Hour factor HS[M4,H14]",5.01633E-05,,,,,,,,,,,,,,,,,,,,,,,,,,,,,,,,,,,,,,
"Hour factor HS[M4,H15]",4.68556E-05,,,,,,,,,,,,,,,,,,,,,,,,,,,,,,,,,,,,,,
"Hour factor HS[M4,H16]",4.66086E-05,,,,,,,,,,,,,,,,,,,,,,,,,,,,,,,,,,,,,,
"Hour factor HS[M4,H17]",4.91565E-05,,,,,,,,,,,,,,,,,,,,,,,,,,,,,,,,,,,,,,
"Hour factor HS[M4,H18]",5.84832E-05,,,,,,,,,,,,,,,,,,,,,,,,,,,,,,,,,,,,,,
"Hour factor HS[M4,H19]",8.65871E-05,,,,,,,,,,,,,,,,,,,,,,,,,,,,,,,,,,,,,,
"Hour factor HS[M4,H20]",0.000122641,,,,,,,,,,,,,,,,,,,,,,,,,,,,,,,,,,,,,,
"Hour factor HS[M4,H21]",0.000131673,,,,,,,,,,,,,,,,,,,,,,,,,,,,,,,,,,,,,,
"Hour factor HS[M4,H22]",0.000104972,,,,,,,,,,,,,,,,,,,,,,,,,,,,,,,,,,,,,,
"Hour factor HS[M4,H23]",8.39989E-05,,,,,,,,,,,,,,,,,,,,,,,,,,,,,,,,,,,,,,
"Hour factor HS[M4,H24]",6.08978E-05,,,,,,,,,,,,,,,,,,,,,,,,,,,,,,,,,,,,,,
"Hour factor HS[M5,H1]",7.28529E-05,,,,,,,,,,,,,,,,,,,,,,,,,,,,,,,,,,,,,,
"Hour factor HS[M5,H2]",6.41678E-05,,,,,,,,,,,,,,,,,,,,,,,,,,,,,,,,,,,,,,
"Hour factor HS[M5,H3]",5.97235E-05,,,,,,,,,,,,,,,,,,,,,,,,,,,,,,,,,,,,,,
"Hour factor HS[M5,H4]",5.80484E-05,,,,,,,,,,,,,,,,,,,,,,,,,,,,,,,,,,,,,,
"Hour factor HS[M5,H5]",5.8923E-05,,,,,,,,,,,,,,,,,,,,,,,,,,,,,,,,,,,,,,
"Hour factor HS[M5,H6]",6.73619E-05,,,,,,,,,,,,,,,,,,,,,,,,,,,,,,,,,,,,,,
"Hour factor HS[M5,H7]",9.38275E-05,,,,,,,,,,,,,,,,,,,,,,,,,,,,,,,,,,,,,,
"Hour factor HS[M5,H8]",0.000126607,,,,,,,,,,,,,,,,,,,,,,,,,,,,,,,,,,,,,,
"Hour factor HS[M5,H9]",0.000129354,,,,,,,,,,,,,,,,,,,,,,,,,,,,,,,,,,,,,,
"Hour factor HS[M5,H10]",0.00010535,,,,,,,,,,,,,,,,,,,,,,,,,,,,,,,,,,,,,,
"Hour factor HS[M5,H11]",8.61363E-05,,,,,,,,,,,,,,,,,,,,,,,,,,,,,,,,,,,,,,
"Hour factor HS[M5,H12]",7.81126E-05,,,,,,,,,,,,,,,,,,,,,,,,,,,,,,,,,,,,,,
"Hour factor HS[M5,H13]",6.80295E-05,,,,,,,,,,,,,,,,,,,,,,,,,,,,,,,,,,,,,,
"Hour factor HS[M5,H14]",6.37717E-05,,,,,,,,,,,,,,,,,,,,,,,,,,,,,,,,,,,,,,
"Hour factor HS[M5,H15]",6.07177E-05,,,,,,,,,,,,,,,,,,,,,,,,,,,,,,,,,,,,,,
"Hour factor HS[M5,H16]",6.12109E-05,,,,,,,,,,,,,,,,,,,,,,,,,,,,,,,,,,,,,,
"Hour factor HS[M5,H17]",6.60145E-05,,,,,,,,,,,,,,,,,,,,,,,,,,,,,,,,,,,,,,
"Hour factor HS[M5,H18]",7.98203E-05,,,,,,,,,,,,,,,,,,,,,,,,,,,,,,,,,,,,,,
"Hour factor HS[M5,H19]",0.000111191,,,,,,,,,,,,,,,,,,,,,,,,,,,,,,,,,,,,,,
"Hour factor HS[M5,H20]",0.00014497,,,,,,,,,,,,,,,,,,,,,,,,,,,,,,,,,,,,,,
"Hour factor HS[M5,H21]",0.000152025,,,,,,,,,,,,,,,,,,,,,,,,,,,,,,,,,,,,,,
"Hour factor HS[M5,H22]",0.000141466,,,,,,,,,,,,,,,,,,,,,,,,,,,,,,,,,,,,,,
"Hour factor HS[M5,H23]",0.000121672,,,,,,,,,,,,,,,,,,,,,,,,,,,,,,,,,,,,,,
"Hour factor HS[M5,H24]",9.05307E-05,,,,,,,,,,,,,,,,,,,,,,,,,,,,,,,,,,,,,,
"Hour factor HS[M6,H1]",0.000113959,,,,,,,,,,,,,,,,,,,,,,,,,,,,,,,,,,,,,,
"Hour factor HS[M6,H2]",9.91162E-05,,,,,,,,,,,,,,,,,,,,,,,,,,,,,,,,,,,,,,
"Hour factor HS[M6,H3]",9.01588E-05,,,,,,,,,,,,,,,,,,,,,,,,,,,,,,,,,,,,,,
"Hour factor HS[M6,H4]",8.54718E-05,,,,,,,,,,,,,,,,,,,,,,,,,,,,,,,,,,,,,,
"Hour factor HS[M6,H5]",8.45601E-05,,,,,,,,,,,,,,,,,,,,,,,,,,,,,,,,,,,,,,
"Hour factor HS[M6,H6]",9.09874E-05,,,,,,,,,,,,,,,,,,,,,,,,,,,,,,,,,,,,,,
"Hour factor HS[M6,H7]",0.000122975,,,,,,,,,,,,,,,,,,,,,,,,,,,,,,,,,,,,,,
"Hour factor HS[M6,H8]",0.000163129,,,,,,,,,,,,,,,,,,,,,,,,,,,,,,,,,,,,,,
"Hour factor HS[M6,H9]",0.000172426,,,,,,,,,,,,,,,,,,,,,,,,,,,,,,,,,,,,,,
"Hour factor HS[M6,H10]",0.000154085,,,,,,,,,,,,,,,,,,,,,,,,,,,,,,,,,,,,,,
"Hour factor HS[M6,H11]",0.000134199,,,,,,,,,,,,,,,,,,,,,,,,,,,,,,,,,,,,,,
"Hour factor HS[M6,H12]",0.000124605,,,,,,,,,,,,,,,,,,,,,,,,,,,,,,,,,,,,,,
"Hour factor HS[M6,H13]",0.000110366,,,,,,,,,,,,,,,,,,,,,,,,,,,,,,,,,,,,,,
"Hour factor HS[M6,H14]",0.000102671,,,,,,,,,,,,,,,,,,,,,,,,,,,,,,,,,,,,,,
"Hour factor HS[M6,H15]",9.90673E-05,,,,,,,,,,,,,,,,,,,,,,,,,,,,,,,,,,,,,,
"Hour factor HS[M6,H16]",9.95966E-05,,,,,,,,,,,,,,,,,,,,,,,,,,,,,,,,,,,,,,
"Hour factor HS[M6,H17]",0.00010527,,,,,,,,,,,,,,,,,,,,,,,,,,,,,,,,,,,,,,
"Hour factor HS[M6,H18]",0.000128225,,,,,,,,,,,,,,,,,,,,,,,,,,,,,,,,,,,,,,
"Hour factor HS[M6,H19]",0.000161439,,,,,,,,,,,,,,,,,,,,,,,,,,,,,,,,,,,,,,
"Hour factor HS[M6,H20]",0.000190464,,,,,,,,,,,,,,,,,,,,,,,,,,,,,,,,,,,,,,
"Hour factor HS[M6,H21]",0.000192019,,,,,,,,,,,,,,,,,,,,,,,,,,,,,,,,,,,,,,
"Hour factor HS[M6,H22]",0.00018389,,,,,,,,,,,,,,,,,,,,,,,,,,,,,,,,,,,,,,
"Hour factor HS[M6,H23]",0.000179631,,,,,,,,,,,,,,,,,,,,,,,,,,,,,,,,,,,,,,
"Hour factor HS[M6,H24]",0.000139142,,,,,,,,,,,,,,,,,,,,,,,,,,,,,,,,,,,,,,
"Hour factor HS[M7,H1]",0.000128868,,,,,,,,,,,,,,,,,,,,,,,,,,,,,,,,,,,,,,
"Hour factor HS[M7,H2]",0.000108049,,,,,,,,,,,,,,,,,,,,,,,,,,,,,,,,,,,,,,
"Hour factor HS[M7,H3]",9.72741E-05,,,,,,,,,,,,,,,,,,,,,,,,,,,,,,,,,,,,,,
"Hour factor HS[M7,H4]",9.03287E-05,,,,,,,,,,,,,,,,,,,,,,,,,,,,,,,,,,,,,,
"Hour factor HS[M7,H5]",8.93715E-05,,,,,,,,,,,,,,,,,,,,,,,,,,,,,,,,,,,,,,
"Hour factor HS[M7,H6]",9.83205E-05,,,,,,,,,,,,,,,,,,,,,,,,,,,,,,,,,,,,,,
"Hour factor HS[M7,H7]",0.000134531,,,,,,,,,,,,,,,,,,,,,,,,,,,,,,,,,,,,,,
"Hour factor HS[M7,H8]",0.000177069,,,,,,,,,,,,,,,,,,,,,,,,,,,,,,,,,,,,,,
"Hour factor HS[M7,H9]",0.000188032,,,,,,,,,,,,,,,,,,,,,,,,,,,,,,,,,,,,,,
"Hour factor HS[M7,H10]",0.000172704,,,,,,,,,,,,,,,,,,,,,,,,,,,,,,,,,,,,,,
"Hour factor HS[M7,H11]",0.000154283,,,,,,,,,,,,,,,,,,,,,,,,,,,,,,,,,,,,,,
"Hour factor HS[M7,H12]",0.000145243,,,,,,,,,,,,,,,,,,,,,,,,,,,,,,,,,,,,,,
"Hour factor HS[M7,H13]",0.00012806,,,,,,,,,,,,,,,,,,,,,,,,,,,,,,,,,,,,,,
"Hour factor HS[M7,H14]",0.000119356,,,,,,,,,,,,,,,,,,,,,,,,,,,,,,,,,,,,,,
"Hour factor HS[M7,H15]",0.000114311,,,,,,,,,,,,,,,,,,,,,,,,,,,,,,,,,,,,,,
"Hour factor HS[M7,H16]",0.000113368,,,,,,,,,,,,,,,,,,,,,,,,,,,,,,,,,,,,,,
"Hour factor HS[M7,H17]",0.000119965,,,,,,,,,,,,,,,,,,,,,,,,,,,,,,,,,,,,,,
"Hour factor HS[M7,H18]",0.000143555,,,,,,,,,,,,,,,,,,,,,,,,,,,,,,,,,,,,,,
"Hour factor HS[M7,H19]",0.000181929,,,,,,,,,,,,,,,,,,,,,,,,,,,,,,,,,,,,,,
"Hour factor HS[M7,H20]",0.000215644,,,,,,,,,,,,,,,,,,,,,,,,,,,,,,,,,,,,,,
"Hour factor HS[M7,H21]",0.000221703,,,,,,,,,,,,,,,,,,,,,,,,,,,,,,,,,,,,,,
"Hour factor HS[M7,H22]",0.00021285,,,,,,,,,,,,,,,,,,,,,,,,,,,,,,,,,,,,,,
"Hour factor HS[M7,H23]",0.000206459,,,,,,,,,,,,,,,,,,,,,,,,,,,,,,,,,,,,,,
"Hour factor HS[M7,H24]",0.000158993,,,,,,,,,,,,,,,,,,,,,,,,,,,,,,,,,,,,,,
"Hour factor HS[M8,H1]",0.000121799,,,,,,,,,,,,,,,,,,,,,,,,,,,,,,,,,,,,,,
"Hour factor HS[M8,H2]",0.000104484,,,,,,,,,,,,,,,,,,,,,,,,,,,,,,,,,,,,,,
"Hour factor HS[M8,H3]",9.55426E-05,,,,,,,,,,,,,,,,,,,,,,,,,,,,,,,,,,,,,,
"Hour factor HS[M8,H4]",8.98647E-05,,,,,,,,,,,,,,,,,,,,,,,,,,,,,,,,,,,,,,
"Hour factor HS[M8,H5]",8.93398E-05,,,,,,,,,,,,,,,,,,,,,,,,,,,,,,,,,,,,,,
"Hour factor HS[M8,H6]",0.000103128,,,,,,,,,,,,,,,,,,,,,,,,,,,,,,,,,,,,,,
"Hour factor HS[M8,H7]",0.000136738,,,,,,,,,,,,,,,,,,,,,,,,,,,,,,,,,,,,,,
"Hour factor HS[M8,H8]",0.000170602,,,,,,,,,,,,,,,,,,,,,,,,,,,,,,,,,,,,,,
"Hour factor HS[M8,H9]",0.000183633,,,,,,,,,,,,,,,,,,,,,,,,,,,,,,,,,,,,,,
"Hour factor HS[M8,H10]",0.000170591,,,,,,,,,,,,,,,,,,,,,,,,,,,,,,,,,,,,,,
"Hour factor HS[M8,H11]",0.000151637,,,,,,,,,,,,,,,,,,,,,,,,,,,,,,,,,,,,,,
"Hour factor HS[M8,H12]",0.00014062,,,,,,,,,,,,,,,,,,,,,,,,,,,,,,,,,,,,,,
"Hour factor HS[M8,H13]",0.000126499,,,,,,,,,,,,,,,,,,,,,,,,,,,,,,,,,,,,,,
"Hour factor HS[M8,H14]",0.000112878,,,,,,,,,,,,,,,,,,,,,,,,,,,,,,,,,,,,,,
"Hour factor HS[M8,H15]",0.000108842,,,,,,,,,,,,,,,,,,,,,,,,,,,,,,,,,,,,,,
"Hour factor HS[M8,H16]",0.000111834,,,,,,,,,,,,,,,,,,,,,,,,,,,,,,,,,,,,,,
"Hour factor HS[M8,H17]",0.000124424,,,,,,,,,,,,,,,,,,,,,,,,,,,,,,,,,,,,,,
"Hour factor HS[M8,H18]",0.000154198,,,,,,,,,,,,,,,,,,,,,,,,,,,,,,,,,,,,,,
"Hour factor HS[M8,H19]",0.00019719,,,,,,,,,,,,,,,,,,,,,,,,,,,,,,,,,,,,,,
"Hour factor HS[M8,H20]",0.000229321,,,,,,,,,,,,,,,,,,,,,,,,,,,,,,,,,,,,,,
"Hour factor HS[M8,H21]",0.000233213,,,,,,,,,,,,,,,,,,,,,,,,,,,,,,,,,,,,,,
"Hour factor HS[M8,H22]",0.000221041,,,,,,,,,,,,,,,,,,,,,,,,,,,,,,,,,,,,,,
"Hour factor HS[M8,H23]",0.000194766,,,,,,,,,,,,,,,,,,,,,,,,,,,,,,,,,,,,,,
"Hour factor HS[M8,H24]",0.000151312,,,,,,,,,,,,,,,,,,,,,,,,,,,,,,,,,,,,,,
"Hour factor HS[M9,H1]",7.67823E-05,,,,,,,,,,,,,,,,,,,,,,,,,,,,,,,,,,,,,,
"Hour factor HS[M9,H2]",6.27284E-05,,,,,,,,,,,,,,,,,,,,,,,,,,,,,,,,,,,,,,
"Hour factor HS[M9,H3]",5.6245E-05,,,,,,,,,,,,,,,,,,,,,,,,,,,,,,,,,,,,,,
"Hour factor HS[M9,H4]",5.37001E-05,,,,,,,,,,,,,,,,,,,,,,,,,,,,,,,,,,,,,,
"Hour factor HS[M9,H5]",5.50749E-05,,,,,,,,,,,,,,,,,,,,,,,,,,,,,,,,,,,,,,
"Hour factor HS[M9,H6]",6.96152E-05,,,,,,,,,,,,,,,,,,,,,,,,,,,,,,,,,,,,,,
"Hour factor HS[M9,H7]",0.000130572,,,,,,,,,,,,,,,,,,,,,,,,,,,,,,,,,,,,,,
"Hour factor HS[M9,H8]",0.000179231,,,,,,,,,,,,,,,,,,,,,,,,,,,,,,,,,,,,,,
"Hour factor HS[M9,H9]",0.000190621,,,,,,,,,,,,,,,,,,,,,,,,,,,,,,,,,,,,,,
"Hour factor HS[M9,H10]",0.000162712,,,,,,,,,,,,,,,,,,,,,,,,,,,,,,,,,,,,,,
"Hour factor HS[M9,H11]",0.000131138,,,,,,,,,,,,,,,,,,,,,,,,,,,,,,,,,,,,,,
"Hour factor HS[M9,H12]",0.000115921,,,,,,,,,,,,,,,,,,,,,,,,,,,,,,,,,,,,,,
"Hour factor HS[M9,H13]",9.81839E-05,,,,,,,,,,,,,,,,,,,,,,,,,,,,,,,,,,,,,,
"Hour factor HS[M9,H14]",8.88191E-05,,,,,,,,,,,,,,,,,,,,,,,,,,,,,,,,,,,,,,
"Hour factor HS[M9,H15]",8.61903E-05,,,,,,,,,,,,,,,,,,,,,,,,,,,,,,,,,,,,,,
"Hour factor HS[M9,H16]",8.72198E-05,,,,,,,,,,,,,,,,,,,,,,,,,,,,,,,,,,,,,,
"Hour factor HS[M9,H17]",0.000103238,,,,,,,,,,,,,,,,,,,,,,,,,,,,,,,,,,,,,,
"Hour factor HS[M9,H18]",0.000144341,,,,,,,,,,,,,,,,,,,,,,,,,,,,,,,,,,,,,,
"Hour factor HS[M9,H19]",0.000198811,,,,,,,,,,,,,,,,,,,,,,,,,,,,,,,,,,,,,,
"Hour factor HS[M9,H20]",0.000239433,,,,,,,,,,,,,,,,,,,,,,,,,,,,,,,,,,,,,,
"Hour factor HS[M9,H21]",0.000228139,,,,,,,,,,,,,,,,,,,,,,,,,,,,,,,,,,,,,,
"Hour factor HS[M9,H22]",0.000170889,,,,,,,,,,,,,,,,,,,,,,,,,,,,,,,,,,,,,,
"Hour factor HS[M9,H23]",0.000133406,,,,,,,,,,,,,,,,,,,,,,,,,,,,,,,,,,,,,,
"Hour factor HS[M9,H24]",9.36218E-05,,,,,,,,,,,,,,,,,,,,,,,,,,,,,,,,,,,,,,
"Hour factor HS[M10,H1]",5.86697E-05,,,,,,,,,,,,,,,,,,,,,,,,,,,,,,,,,,,,,,
"Hour factor HS[M10,H2]",5.18249E-05,,,,,,,,,,,,,,,,,,,,,,,,,,,,,,,,,,,,,,
"Hour factor HS[M10,H3]",4.78758E-05,,,,,,,,,,,,,,,,,,,,,,,,,,,,,,,,,,,,,,
"Hour factor HS[M10,H4]",4.73766E-05,,,,,,,,,,,,,,,,,,,,,,,,,,,,,,,,,,,,,,
"Hour factor HS[M10,H5]",4.85739E-05,,,,,,,,,,,,,,,,,,,,,,,,,,,,,,,,,,,,,,
"Hour factor HS[M10,H6]",5.83346E-05,,,,,,,,,,,,,,,,,,,,,,,,,,,,,,,,,,,,,,
"Hour factor HS[M10,H7]",9.65096E-05,,,,,,,,,,,,,,,,,,,,,,,,,,,,,,,,,,,,,,
"Hour factor HS[M10,H8]",0.000154162,,,,,,,,,,,,,,,,,,,,,,,,,,,,,,,,,,,,,,
"Hour factor HS[M10,H9]",0.00017466,,,,,,,,,,,,,,,,,,,,,,,,,,,,,,,,,,,,,,
"Hour factor HS[M10,H10]",0.000155711,,,,,,,,,,,,,,,,,,,,,,,,,,,,,,,,,,,,,,
"Hour factor HS[M10,H11]",0.000125178,,,,,,,,,,,,,,,,,,,,,,,,,,,,,,,,,,,,,,
"Hour factor HS[M10,H12]",0.000109009,,,,,,,,,,,,,,,,,,,,,,,,,,,,,,,,,,,,,,
"Hour factor HS[M10,H13]",8.44056E-05,,,,,,,,,,,,,,,,,,,,,,,,,,,,,,,,,,,,,,
"Hour factor HS[M10,H14]",7.75782E-05,,,,,,,,,,,,,,,,,,,,,,,,,,,,,,,,,,,,,,
"Hour factor HS[M10,H15]",8.01991E-05,,,,,,,,,,,,,,,,,,,,,,,,,,,,,,,,,,,,,,
"Hour factor HS[M10,H16]",8.78935E-05,,,,,,,,,,,,,,,,,,,,,,,,,,,,,,,,,,,,,,
"Hour factor HS[M10,H17]",0.000106218,,,,,,,,,,,,,,,,,,,,,,,,,,,,,,,,,,,,,,
"Hour factor HS[M10,H18]",0.000137421,,,,,,,,,,,,,,,,,,,,,,,,,,,,,,,,,,,,,,
"Hour factor HS[M10,H19]",0.000182328,,,,,,,,,,,,,,,,,,,,,,,,,,,,,,,,,,,,,,
"Hour factor HS[M10,H20]",0.000209754,,,,,,,,,,,,,,,,,,,,,,,,,,,,,,,,,,,,,,
"Hour factor HS[M10,H21]",0.000158811,,,,,,,,,,,,,,,,,,,,,,,,,,,,,,,,,,,,,,
"Hour factor HS[M10,H22]",0.000100555,,,,,,,,,,,,,,,,,,,,,,,,,,,,,,,,,,,,,,
"Hour factor HS[M10,H23]",8.31246E-05,,,,,,,,,,,,,,,,,,,,,,,,,,,,,,,,,,,,,,
"Hour factor HS[M10,H24]",6.59751E-05,,,,,,,,,,,,,,,,,,,,,,,,,,,,,,,,,,,,,,
"Hour factor HS[M11,H1]",6.26928E-05,,,,,,,,,,,,,,,,,,,,,,,,,,,,,,,,,,,,,,
"Hour factor HS[M11,H2]",5.44593E-05,,,,,,,,,,,,,,,,,,,,,,,,,,,,,,,,,,,,,,
"Hour factor HS[M11,H3]",5.10458E-05,,,,,,,,,,,,,,,,,,,,,,,,,,,,,,,,,,,,,,
"Hour factor HS[M11,H4]",4.9849E-05,,,,,,,,,,,,,,,,,,,,,,,,,,,,,,,,,,,,,,
"Hour factor HS[M11,H5]",5.00165E-05,,,,,,,,,,,,,,,,,,,,,,,,,,,,,,,,,,,,,,
"Hour factor HS[M11,H6]",6.22317E-05,,,,,,,,,,,,,,,,,,,,,,,,,,,,,,,,,,,,,,
"Hour factor HS[M11,H7]",0.000105479,,,,,,,,,,,,,,,,,,,,,,,,,,,,,,,,,,,,,,
"Hour factor HS[M11,H8]",0.000156013,,,,,,,,,,,,,,,,,,,,,,,,,,,,,,,,,,,,,,
"Hour factor HS[M11,H9]",0.000169967,,,,,,,,,,,,,,,,,,,,,,,,,,,,,,,,,,,,,,
"Hour factor HS[M11,H10]",0.000159947,,,,,,,,,,,,,,,,,,,,,,,,,,,,,,,,,,,,,,
"Hour factor HS[M11,H11]",0.00014413,,,,,,,,,,,,,,,,,,,,,,,,,,,,,,,,,,,,,,
"Hour factor HS[M11,H12]",0.000137252,,,,,,,,,,,,,,,,,,,,,,,,,,,,,,,,,,,,,,
"Hour factor HS[M11,H13]",0.000121738,,,,,,,,,,,,,,,,,,,,,,,,,,,,,,,,,,,,,,
"Hour factor HS[M11,H14]",0.000119849,,,,,,,,,,,,,,,,,,,,,,,,,,,,,,,,,,,,,,
"Hour factor HS[M11,H15]",0.000131298,,,,,,,,,,,,,,,,,,,,,,,,,,,,,,,,,,,,,,
"Hour factor HS[M11,H16]",0.000147989,,,,,,,,,,,,,,,,,,,,,,,,,,,,,,,,,,,,,,
"Hour factor HS[M11,H17]",0.000173084,,,,,,,,,,,,,,,,,,,,,,,,,,,,,,,,,,,,,,
"Hour factor HS[M11,H18]",0.000218027,,,,,,,,,,,,,,,,,,,,,,,,,,,,,,,,,,,,,,
"Hour factor HS[M11,H19]",0.000226094,,,,,,,,,,,,,,,,,,,,,,,,,,,,,,,,,,,,,,
"Hour factor HS[M11,H20]",0.000201659,,,,,,,,,,,,,,,,,,,,,,,,,,,,,,,,,,,,,,
"Hour factor HS[M11,H21]",0.000153053,,,,,,,,,,,,,,,,,,,,,,,,,,,,,,,,,,,,,,
"Hour factor HS[M11,H22]",0.00010713,,,,,,,,,,,,,,,,,,,,,,,,,,,,,,,,,,,,,,
"Hour factor HS[M11,H23]",8.85368E-05,,,,,,,,,,,,,,,,,,,,,,,,,,,,,,,,,,,,,,
"Hour factor HS[M11,H24]",7.09356E-05,,,,,,,,,,,,,,,,,,,,,,,,,,,,,,,,,,,,,,
"Hour factor HS[M12,H1]",5.51129E-05,,,,,,,,,,,,,,,,,,,,,,,,,,,,,,,,,,,,,,
"Hour factor HS[M12,H2]",4.33952E-05,,,,,,,,,,,,,,,,,,,,,,,,,,,,,,,,,,,,,,
"Hour factor HS[M12,H3]",3.94333E-05,,,,,,,,,,,,,,,,,,,,,,,,,,,,,,,,,,,,,,
"Hour factor HS[M12,H4]",3.67833E-05,,,,,,,,,,,,,,,,,,,,,,,,,,,,,,,,,,,,,,
"Hour factor HS[M12,H5]",3.7889E-05,,,,,,,,,,,,,,,,,,,,,,,,,,,,,,,,,,,,,,
"Hour factor HS[M12,H6]",4.95719E-05,,,,,,,,,,,,,,,,,,,,,,,,,,,,,,,,,,,,,,
"Hour factor HS[M12,H7]",8.80781E-05,,,,,,,,,,,,,,,,,,,,,,,,,,,,,,,,,,,,,,
"Hour factor HS[M12,H8]",0.000137892,,,,,,,,,,,,,,,,,,,,,,,,,,,,,,,,,,,,,,
"Hour factor HS[M12,H9]",0.000158573,,,,,,,,,,,,,,,,,,,,,,,,,,,,,,,,,,,,,,
"Hour factor HS[M12,H10]",0.000158327,,,,,,,,,,,,,,,,,,,,,,,,,,,,,,,,,,,,,,
"Hour factor HS[M12,H11]",0.000149608,,,,,,,,,,,,,,,,,,,,,,,,,,,,,,,,,,,,,,
"Hour factor HS[M12,H12]",0.000141749,,,,,,,,,,,,,,,,,,,,,,,,,,,,,,,,,,,,,,
"Hour factor HS[M12,H13]",0.000128357,,,,,,,,,,,,,,,,,,,,,,,,,,,,,,,,,,,,,,
"Hour factor HS[M12,H14]",0.000121291,,,,,,,,,,,,,,,,,,,,,,,,,,,,,,,,,,,,,,
"Hour factor HS[M12,H15]",0.000128102,,,,,,,,,,,,,,,,,,,,,,,,,,,,,,,,,,,,,,
"Hour factor HS[M12,H16]",0.000140522,,,,,,,,,,,,,,,,,,,,,,,,,,,,,,,,,,,,,,
"Hour factor HS[M12,H17]",0.000162182,,,,,,,,,,,,,,,,,,,,,,,,,,,,,,,,,,,,,,
"Hour factor HS[M12,H18]",0.000192772,,,,,,,,,,,,,,,,,,,,,,,,,,,,,,,,,,,,,,
"Hour factor HS[M12,H19]",0.000196259,,,,,,,,,,,,,,,,,,,,,,,,,,,,,,,,,,,,,,
"Hour factor HS[M12,H20]",0.000178229,,,,,,,,,,,,,,,,,,,,,,,,,,,,,,,,,,,,,,
"Hour factor HS[M12,H21]",0.000137797,,,,,,,,,,,,,,,,,,,,,,,,,,,,,,,,,,,,,,
"Hour factor HS[M12,H22]",9.79258E-05,,,,,,,,,,,,,,,,,,,,,,,,,,,,,,,,,,,,,,
"Hour factor HS[M12,H23]",8.64167E-05,,,,,,,,,,,,,,,,,,,,,,,,,,,,,,,,,,,,,,
"Hour factor HS[M12,H24]",6.48997E-05,,,,,,,,,,,,,,,,,,,,,,,,,,,,,,,,,,,,,,
"Hour factor light[M1,H1]",8.66888E-05,,,,,,,,,,,,,,,,,,,,,,,,,,,,,,,,,,,,,,
"Hour factor light[M1,H2]",5.77925E-05,,,,,,,,,,,,,,,,,,,,,,,,,,,,,,,,,,,,,,
"Hour factor light[M1,H3]",4.33444E-05,,,,,,,,,,,,,,,,,,,,,,,,,,,,,,,,,,,,,,
"Hour factor light[M1,H4]",3.61203E-05,,,,,,,,,,,,,,,,,,,,,,,,,,,,,,,,,,,,,,
"Hour factor light[M1,H5]",3.61203E-05,,,,,,,,,,,,,,,,,,,,,,,,,,,,,,,,,,,,,,
"Hour factor light[M1,H6]",4.33444E-05,,,,,,,,,,,,,,,,,,,,,,,,,,,,,,,,,,,,,,
"Hour factor light[M1,H7]",0.000115585,,,,,,,,,,,,,,,,,,,,,,,,,,,,,,,,,,,,,,
"Hour factor light[M1,H8]",0.000245618,,,,,,,,,,,,,,,,,,,,,,,,,,,,,,,,,,,,,,
"Hour factor light[M1,H9]",0.000173378,,,,,,,,,,,,,,,,,,,,,,,,,,,,,,,,,,,,,,
"Hour factor light[M1,H10]",9.39128E-05,,,,,,,,,,,,,,,,,,,,,,,,,,,,,,,,,,,,,,
"Hour factor light[M1,H11]",7.94647E-05,,,,,,,,,,,,,,,,,,,,,,,,,,,,,,,,,,,,,,
"Hour factor light[M1,H12]",7.22406E-05,,,,,,,,,,,,,,,,,,,,,,,,,,,,,,,,,,,,,,
"Hour factor light[M1,H13]",7.22406E-05,,,,,,,,,,,,,,,,,,,,,,,,,,,,,,,,,,,,,,
"Hour factor light[M1,H14]",6.50166E-05,,,,,,,,,,,,,,,,,,,,,,,,,,,,,,,,,,,,,,
"Hour factor light[M1,H15]",7.94647E-05,,,,,,,,,,,,,,,,,,,,,,,,,,,,,,,,,,,,,,
"Hour factor light[M1,H16]",0.000187826,,,,,,,,,,,,,,,,,,,,,,,,,,,,,,,,,,,,,,
"Hour factor light[M1,H17]",0.000317859,,,,,,,,,,,,,,,,,,,,,,,,,,,,,,,,,,,,,,
"Hour factor light[M1,H18]",0.000375651,,,,,,,,,,,,,,,,,,,,,,,,,,,,,,,,,,,,,,
"Hour factor light[M1,H19]",0.000375651,,,,,,,,,,,,,,,,,,,,,,,,,,,,,,,,,,,,,,
"Hour factor light[M1,H20]",0.000339531,,,,,,,,,,,,,,,,,,,,,,,,,,,,,,,,,,,,,,
"Hour factor light[M1,H21]",0.000325083,,,,,,,,,,,,,,,,,,,,,,,,,,,,,,,,,,,,,,
"Hour factor light[M1,H22]",0.000288963,,,,,,,,,,,,,,,,,,,,,,,,,,,,,,,,,,,,,,
"Hour factor light[M1,H23]",0.000238394,,,,,,,,,,,,,,,,,,,,,,,,,,,,,,,,,,,,,,
"Hour factor light[M1,H24]",0.000180602,,,,,,,,,,,,,,,,,,,,,,,,,,,,,,,,,,,,,,
"Hour factor light[M2,H1]",8.66888E-05,,,,,,,,,,,,,,,,,,,,,,,,,,,,,,,,,,,,,,
"Hour factor light[M2,H2]",5.77925E-05,,,,,,,,,,,,,,,,,,,,,,,,,,,,,,,,,,,,,,
"Hour factor light[M2,H3]",4.33444E-05,,,,,,,,,,,,,,,,,,,,,,,,,,,,,,,,,,,,,,
"Hour factor light[M2,H4]",3.61203E-05,,,,,,,,,,,,,,,,,,,,,,,,,,,,,,,,,,,,,,
"Hour factor light[M2,H5]",3.61203E-05,,,,,,,,,,,,,,,,,,,,,,,,,,,,,,,,,,,,,,
"Hour factor light[M2,H6]",4.33444E-05,,,,,,,,,,,,,,,,,,,,,,,,,,,,,,,,,,,,,,
"Hour factor light[M2,H7]",0.000115585,,,,,,,,,,,,,,,,,,,,,,,,,,,,,,,,,,,,,,
"Hour factor light[M2,H8]",0.000245618,,,,,,,,,,,,,,,,,,,,,,,,,,,,,,,,,,,,,,
"Hour factor light[M2,H9]",0.000173378,,,,,,,,,,,,,,,,,,,,,,,,,,,,,,,,,,,,,,
"Hour factor light[M2,H10]",9.39128E-05,,,,,,,,,,,,,,,,,,,,,,,,,,,,,,,,,,,,,,
"Hour factor light[M2,H11]",7.94647E-05,,,,,,,,,,,,,,,,,,,,,,,,,,,,,,,,,,,,,,
"Hour factor light[M2,H12]",7.22406E-05,,,,,,,,,,,,,,,,,,,,,,,,,,,,,,,,,,,,,,
"Hour factor light[M2,H13]",7.22406E-05,,,,,,,,,,,,,,,,,,,,,,,,,,,,,,,,,,,,,,
"Hour factor light[M2,H14]",6.50166E-05,,,,,,,,,,,,,,,,,,,,,,,,,,,,,,,,,,,,,,
"Hour factor light[M2,H15]",7.94647E-05,,,,,,,,,,,,,,,,,,,,,,,,,,,,,,,,,,,,,,
"Hour factor light[M2,H16]",0.000187826,,,,,,,,,,,,,,,,,,,,,,,,,,,,,,,,,,,,,,
"Hour factor light[M2,H17]",0.000317859,,,,,,,,,,,,,,,,,,,,,,,,,,,,,,,,,,,,,,
"Hour factor light[M2,H18]",0.000375651,,,,,,,,,,,,,,,,,,,,,,,,,,,,,,,,,,,,,,
"Hour factor light[M2,H19]",0.000375651,,,,,,,,,,,,,,,,,,,,,,,,,,,,,,,,,,,,,,
"Hour factor light[M2,H20]",0.000339531,,,,,,,,,,,,,,,,,,,,,,,,,,,,,,,,,,,,,,
"Hour factor light[M2,H21]",0.000325083,,,,,,,,,,,,,,,,,,,,,,,,,,,,,,,,,,,,,,
"Hour factor light[M2,H22]",0.000288963,,,,,,,,,,,,,,,,,,,,,,,,,,,,,,,,,,,,,,
"Hour factor light[M2,H23]",0.000238394,,,,,,,,,,,,,,,,,,,,,,,,,,,,,,,,,,,,,,
"Hour factor light[M2,H24]",0.000180602,,,,,,,,,,,,,,,,,,,,,,,,,,,,,,,,,,,,,,
"Hour factor light[M3,H1]",8.66888E-05,,,,,,,,,,,,,,,,,,,,,,,,,,,,,,,,,,,,,,
"Hour factor light[M3,H2]",5.77925E-05,,,,,,,,,,,,,,,,,,,,,,,,,,,,,,,,,,,,,,
"Hour factor light[M3,H3]",4.33444E-05,,,,,,,,,,,,,,,,,,,,,,,,,,,,,,,,,,,,,,
"Hour factor light[M3,H4]",3.61203E-05,,,,,,,,,,,,,,,,,,,,,,,,,,,,,,,,,,,,,,
"Hour factor light[M3,H5]",3.61203E-05,,,,,,,,,,,,,,,,,,,,,,,,,,,,,,,,,,,,,,
"Hour factor light[M3,H6]",4.33444E-05,,,,,,,,,,,,,,,,,,,,,,,,,,,,,,,,,,,,,,
"Hour factor light[M3,H7]",0.000115585,,,,,,,,,,,,,,,,,,,,,,,,,,,,,,,,,,,,,,
"Hour factor light[M3,H8]",0.000245618,,,,,,,,,,,,,,,,,,,,,,,,,,,,,,,,,,,,,,
"Hour factor light[M3,H9]",0.000173378,,,,,,,,,,,,,,,,,,,,,,,,,,,,,,,,,,,,,,
"Hour factor light[M3,H10]",9.39128E-05,,,,,,,,,,,,,,,,,,,,,,,,,,,,,,,,,,,,,,
"Hour factor light[M3,H11]",7.94647E-05,,,,,,,,,,,,,,,,,,,,,,,,,,,,,,,,,,,,,,
"Hour factor light[M3,H12]",7.22406E-05,,,,,,,,,,,,,,,,,,,,,,,,,,,,,,,,,,,,,,
"Hour factor light[M3,H13]",7.22406E-05,,,,,,,,,,,,,,,,,,,,,,,,,,,,,,,,,,,,,,
"Hour factor light[M3,H14]",6.50166E-05,,,,,,,,,,,,,,,,,,,,,,,,,,,,,,,,,,,,,,
"Hour factor light[M3,H15]",7.94647E-05,,,,,,,,,,,,,,,,,,,,,,,,,,,,,,,,,,,,,,
"Hour factor light[M3,H16]",0.000187826,,,,,,,,,,,,,,,,,,,,,,,,,,,,,,,,,,,,,,
"Hour factor light[M3,H17]",0.000317859,,,,,,,,,,,,,,,,,,,,,,,,,,,,,,,,,,,,,,
"Hour factor light[M3,H18]",0.000375651,,,,,,,,,,,,,,,,,,,,,,,,,,,,,,,,,,,,,,
"Hour factor light[M3,H19]",0.000375651,,,,,,,,,,,,,,,,,,,,,,,,,,,,,,,,,,,,,,
"Hour factor light[M3,H20]",0.000339531,,,,,,,,,,,,,,,,,,,,,,,,,,,,,,,,,,,,,,
"Hour factor light[M3,H21]",0.000325083,,,,,,,,,,,,,,,,,,,,,,,,,,,,,,,,,,,,,,
"Hour factor light[M3,H22]",0.000288963,,,,,,,,,,,,,,,,,,,,,,,,,,,,,,,,,,,,,,
"Hour factor light[M3,H23]",0.000238394,,,,,,,,,,,,,,,,,,,,,,,,,,,,,,,,,,,,,,
"Hour factor light[M3,H24]",0.000180602,,,,,,,,,,,,,,,,,,,,,,,,,,,,,,,,,,,,,,
"Hour factor light[M4,H1]",3.61203E-05,,,,,,,,,,,,,,,,,,,,,,,,,,,,,,,,,,,,,,
"Hour factor light[M4,H2]",3.61203E-05,,,,,,,,,,,,,,,,,,,,,,,,,,,,,,,,,,,,,,
"Hour factor light[M4,H3]",3.61203E-05,,,,,,,,,,,,,,,,,,,,,,,,,,,,,,,,,,,,,,
"Hour factor light[M4,H4]",2.88963E-05,,,,,,,,,,,,,,,,,,,,,,,,,,,,,,,,,,,,,,
"Hour factor light[M4,H5]",2.88963E-05,,,,,,,,,,,,,,,,,,,,,,,,,,,,,,,,,,,,,,
"Hour factor light[M4,H6]",3.25083E-05,,,,,,,,,,,,,,,,,,,,,,,,,,,,,,,,,,,,,,
"Hour factor light[M4,H7]",3.61203E-05,,,,,,,,,,,,,,,,,,,,,,,,,,,,,,,,,,,,,,
"Hour factor light[M4,H8]",4.33444E-05,,,,,,,,,,,,,,,,,,,,,,,,,,,,,,,,,,,,,,
"Hour factor light[M4,H9]",3.25083E-05,,,,,,,,,,,,,,,,,,,,,,,,,,,,,,,,,,,,,,
"Hour factor light[M4,H10]",2.52842E-05,,,,,,,,,,,,,,,,,,,,,,,,,,,,,,,,,,,,,,
"Hour factor light[M4,H11]",2.52842E-05,,,,,,,,,,,,,,,,,,,,,,,,,,,,,,,,,,,,,,
"Hour factor light[M4,H12]",2.52842E-05,,,,,,,,,,,,,,,,,,,,,,,,,,,,,,,,,,,,,,
"Hour factor light[M4,H13]",2.52842E-05,,,,,,,,,,,,,,,,,,,,,,,,,,,,,,,,,,,,,,
"Hour factor light[M4,H14]",2.52842E-05,,,,,,,,,,,,,,,,,,,,,,,,,,,,,,,,,,,,,,
"Hour factor light[M4,H15]",2.16722E-05,,,,,,,,,,,,,,,,,,,,,,,,,,,,,,,,,,,,,,
"Hour factor light[M4,H16]",2.52842E-05,,,,,,,,,,,,,,,,,,,,,,,,,,,,,,,,,,,,,,
"Hour factor light[M4,H17]",2.88963E-05,,,,,,,,,,,,,,,,,,,,,,,,,,,,,,,,,,,,,,
"Hour factor light[M4,H18]",3.25083E-05,,,,,,,,,,,,,,,,,,,,,,,,,,,,,,,,,,,,,,
"Hour factor light[M4,H19]",4.33444E-05,,,,,,,,,,,,,,,,,,,,,,,,,,,,,,,,,,,,,,
"Hour factor light[M4,H20]",5.05684E-05,,,,,,,,,,,,,,,,,,,,,,,,,,,,,,,,,,,,,,
"Hour factor light[M4,H21]",5.05684E-05,,,,,,,,,,,,,,,,,,,,,,,,,,,,,,,,,,,,,,
"Hour factor light[M4,H22]",0.000173378,,,,,,,,,,,,,,,,,,,,,,,,,,,,,,,,,,,,,,
"Hour factor light[M4,H23]",0.000209498,,,,,,,,,,,,,,,,,,,,,,,,,,,,,,,,,,,,,,
"Hour factor light[M4,H24]",0.000166153,,,,,,,,,,,,,,,,,,,,,,,,,,,,,,,,,,,,,,
"Hour factor light[M5,H1]",3.61203E-05,,,,,,,,,,,,,,,,,,,,,,,,,,,,,,,,,,,,,,
"Hour factor light[M5,H2]",3.61203E-05,,,,,,,,,,,,,,,,,,,,,,,,,,,,,,,,,,,,,,
"Hour factor light[M5,H3]",3.61203E-05,,,,,,,,,,,,,,,,,,,,,,,,,,,,,,,,,,,,,,
"Hour factor light[M5,H4]",2.88963E-05,,,,,,,,,,,,,,,,,,,,,,,,,,,,,,,,,,,,,,
"Hour factor light[M5,H5]",2.88963E-05,,,,,,,,,,,,,,,,,,,,,,,,,,,,,,,,,,,,,,
"Hour factor light[M5,H6]",3.25083E-05,,,,,,,,,,,,,,,,,,,,,,,,,,,,,,,,,,,,,,
"Hour factor light[M5,H7]",3.61203E-05,,,,,,,,,,,,,,,,,,,,,,,,,,,,,,,,,,,,,,
"Hour factor light[M5,H8]",4.33444E-05,,,,,,,,,,,,,,,,,,,,,,,,,,,,,,,,,,,,,,
"Hour factor light[M5,H9]",3.25083E-05,,,,,,,,,,,,,,,,,,,,,,,,,,,,,,,,,,,,,,
"Hour factor light[M5,H10]",2.52842E-05,,,,,,,,,,,,,,,,,,,,,,,,,,,,,,,,,,,,,,
"Hour factor light[M5,H11]",2.52842E-05,,,,,,,,,,,,,,,,,,,,,,,,,,,,,,,,,,,,,,
"Hour factor light[M5,H12]",2.52842E-05,,,,,,,,,,,,,,,,,,,,,,,,,,,,,,,,,,,,,,
"Hour factor light[M5,H13]",2.52842E-05,,,,,,,,,,,,,,,,,,,,,,,,,,,,,,,,,,,,,,
"Hour factor light[M5,H14]",2.52842E-05,,,,,,,,,,,,,,,,,,,,,,,,,,,,,,,,,,,,,,
"Hour factor light[M5,H15]",2.16722E-05,,,,,,,,,,,,,,,,,,,,,,,,,,,,,,,,,,,,,,
"Hour factor light[M5,H16]",2.52842E-05,,,,,,,,,,,,,,,,,,,,,,,,,,,,,,,,,,,,,,
"Hour factor light[M5,H17]",2.88963E-05,,,,,,,,,,,,,,,,,,,,,,,,,,,,,,,,,,,,,,
"Hour factor light[M5,H18]",3.25083E-05,,,,,,,,,,,,,,,,,,,,,,,,,,,,,,,,,,,,,,
"Hour factor light[M5,H19]",4.33444E-05,,,,,,,,,,,,,,,,,,,,,,,,,,,,,,,,,,,,,,
"Hour factor light[M5,H20]",5.05684E-05,,,,,,,,,,,,,,,,,,,,,,,,,,,,,,,,,,,,,,
"Hour factor light[M5,H21]",5.05684E-05,,,,,,,,,,,,,,,,,,,,,,,,,,,,,,,,,,,,,,
"Hour factor light[M5,H22]",0.000173378,,,,,,,,,,,,,,,,,,,,,,,,,,,,,,,,,,,,,,
"Hour factor light[M5,H23]",0.000209498,,,,,,,,,,,,,,,,,,,,,,,,,,,,,,,,,,,,,,
"Hour factor light[M5,H24]",0.000166153,,,,,,,,,,,,,,,,,,,,,,,,,,,,,,,,,,,,,,
"Hour factor light[M6,H1]",3.61203E-05,,,,,,,,,,,,,,,,,,,,,,,,,,,,,,,,,,,,,,
"Hour factor light[M6,H2]",3.61203E-05,,,,,,,,,,,,,,,,,,,,,,,,,,,,,,,,,,,,,,
"Hour factor light[M6,H3]",3.61203E-05,,,,,,,,,,,,,,,,,,,,,,,,,,,,,,,,,,,,,,
"Hour factor light[M6,H4]",2.88963E-05,,,,,,,,,,,,,,,,,,,,,,,,,,,,,,,,,,,,,,
"Hour factor light[M6,H5]",2.88963E-05,,,,,,,,,,,,,,,,,,,,,,,,,,,,,,,,,,,,,,
"Hour factor light[M6,H6]",3.25083E-05,,,,,,,,,,,,,,,,,,,,,,,,,,,,,,,,,,,,,,
"Hour factor light[M6,H7]",3.61203E-05,,,,,,,,,,,,,,,,,,,,,,,,,,,,,,,,,,,,,,
"Hour factor light[M6,H8]",4.33444E-05,,,,,,,,,,,,,,,,,,,,,,,,,,,,,,,,,,,,,,
"Hour factor light[M6,H9]",3.25083E-05,,,,,,,,,,,,,,,,,,,,,,,,,,,,,,,,,,,,,,
"Hour factor light[M6,H10]",2.52842E-05,,,,,,,,,,,,,,,,,,,,,,,,,,,,,,,,,,,,,,
"Hour factor light[M6,H11]",2.52842E-05,,,,,,,,,,,,,,,,,,,,,,,,,,,,,,,,,,,,,,
"Hour factor light[M6,H12]",2.52842E-05,,,,,,,,,,,,,,,,,,,,,,,,,,,,,,,,,,,,,,
"Hour factor light[M6,H13]",2.52842E-05,,,,,,,,,,,,,,,,,,,,,,,,,,,,,,,,,,,,,,
"Hour factor light[M6,H14]",2.52842E-05,,,,,,,,,,,,,,,,,,,,,,,,,,,,,,,,,,,,,,
"Hour factor light[M6,H15]",2.16722E-05,,,,,,,,,,,,,,,,,,,,,,,,,,,,,,,,,,,,,,
"Hour factor light[M6,H16]",2.52842E-05,,,,,,,,,,,,,,,,,,,,,,,,,,,,,,,,,,,,,,
"Hour factor light[M6,H17]",2.88963E-05,,,,,,,,,,,,,,,,,,,,,,,,,,,,,,,,,,,,,,
"Hour factor light[M6,H18]",3.25083E-05,,,,,,,,,,,,,,,,,,,,,,,,,,,,,,,,,,,,,,
"Hour factor light[M6,H19]",4.33444E-05,,,,,,,,,,,,,,,,,,,,,,,,,,,,,,,,,,,,,,
"Hour factor light[M6,H20]",5.05684E-05,,,,,,,,,,,,,,,,,,,,,,,,,,,,,,,,,,,,,,
"Hour factor light[M6,H21]",5.05684E-05,,,,,,,,,,,,,,,,,,,,,,,,,,,,,,,,,,,,,,
"Hour factor light[M6,H22]",0.000173378,,,,,,,,,,,,,,,,,,,,,,,,,,,,,,,,,,,,,,
"Hour factor light[M6,H23]",0.000209498,,,,,,,,,,,,,,,,,,,,,,,,,,,,,,,,,,,,,,
"Hour factor light[M6,H24]",0.000166153,,,,,,,,,,,,,,,,,,,,,,,,,,,,,,,,,,,,,,
"Hour factor light[M7,H1]",8.66888E-05,,,,,,,,,,,,,,,,,,,,,,,,,,,,,,,,,,,,,,
"Hour factor light[M7,H2]",5.77925E-05,,,,,,,,,,,,,,,,,,,,,,,,,,,,,,,,,,,,,,
"Hour factor light[M7,H3]",4.33444E-05,,,,,,,,,,,,,,,,,,,,,,,,,,,,,,,,,,,,,,
"Hour factor light[M7,H4]",3.61203E-05,,,,,,,,,,,,,,,,,,,,,,,,,,,,,,,,,,,,,,
"Hour factor light[M7,H5]",3.61203E-05,,,,,,,,,,,,,,,,,,,,,,,,,,,,,,,,,,,,,,
"Hour factor light[M7,H6]",4.33444E-05,,,,,,,,,,,,,,,,,,,,,,,,,,,,,,,,,,,,,,
"Hour factor light[M7,H7]",0.000115585,,,,,,,,,,,,,,,,,,,,,,,,,,,,,,,,,,,,,,
"Hour factor light[M7,H8]",0.000202274,,,,,,,,,,,,,,,,,,,,,,,,,,,,,,,,,,,,,,
"Hour factor light[M7,H9]",0.000101137,,,,,,,,,,,,,,,,,,,,,,,,,,,,,,,,,,,,,,
"Hour factor light[M7,H10]",5.05684E-05,,,,,,,,,,,,,,,,,,,,,,,,,,,,,,,,,,,,,,
"Hour factor light[M7,H11]",4.33444E-05,,,,,,,,,,,,,,,,,,,,,,,,,,,,,,,,,,,,,,
"Hour factor light[M7,H12]",3.61203E-05,,,,,,,,,,,,,,,,,,,,,,,,,,,,,,,,,,,,,,
"Hour factor light[M7,H13]",3.61203E-05,,,,,,,,,,,,,,,,,,,,,,,,,,,,,,,,,,,,,,
"Hour factor light[M7,H14]",4.33444E-05,,,,,,,,,,,,,,,,,,,,,,,,,,,,,,,,,,,,,,
"Hour factor light[M7,H15]",5.05684E-05,,,,,,,,,,,,,,,,,,,,,,,,,,,,,,,,,,,,,,
"Hour factor light[M7,H16]",0.000115585,,,,,,,,,,,,,,,,,,,,,,,,,,,,,,,,,,,,,,
"Hour factor light[M7,H17]",0.000260066,,,,,,,,,,,,,,,,,,,,,,,,,,,,,,,,,,,,,,
"Hour factor light[M7,H18]",0.000346755,,,,,,,,,,,,,,,,,,,,,,,,,,,,,,,,,,,,,,
"Hour factor light[M7,H19]",0.000375651,,,,,,,,,,,,,,,,,,,,,,,,,,,,,,,,,,,,,,
"Hour factor light[M7,H20]",0.000325083,,,,,,,,,,,,,,,,,,,,,,,,,,,,,,,,,,,,,,
"Hour factor light[M7,H21]",0.000310635,,,,,,,,,,,,,,,,,,,,,,,,,,,,,,,,,,,,,,
"Hour factor light[M7,H22]",0.000288963,,,,,,,,,,,,,,,,,,,,,,,,,,,,,,,,,,,,,,
"Hour factor light[M7,H23]",0.000238394,,,,,,,,,,,,,,,,,,,,,,,,,,,,,,,,,,,,,,
"Hour factor light[M7,H24]",0.000180602,,,,,,,,,,,,,,,,,,,,,,,,,,,,,,,,,,,,,,
"Hour factor light[M8,H1]",8.66888E-05,,,,,,,,,,,,,,,,,,,,,,,,,,,,,,,,,,,,,,
"Hour factor light[M8,H2]",5.77925E-05,,,,,,,,,,,,,,,,,,,,,,,,,,,,,,,,,,,,,,
"Hour factor light[M8,H3]",4.33444E-05,,,,,,,,,,,,,,,,,,,,,,,,,,,,,,,,,,,,,,
"Hour factor light[M8,H4]",3.61203E-05,,,,,,,,,,,,,,,,,,,,,,,,,,,,,,,,,,,,,,
"Hour factor light[M8,H5]",3.61203E-05,,,,,,,,,,,,,,,,,,,,,,,,,,,,,,,,,,,,,,
"Hour factor light[M8,H6]",4.33444E-05,,,,,,,,,,,,,,,,,,,,,,,,,,,,,,,,,,,,,,
"Hour factor light[M8,H7]",0.000115585,,,,,,,,,,,,,,,,,,,,,,,,,,,,,,,,,,,,,,
"Hour factor light[M8,H8]",0.000202274,,,,,,,,,,,,,,,,,,,,,,,,,,,,,,,,,,,,,,
"Hour factor light[M8,H9]",0.000101137,,,,,,,,,,,,,,,,,,,,,,,,,,,,,,,,,,,,,,
"Hour factor light[M8,H10]",5.05684E-05,,,,,,,,,,,,,,,,,,,,,,,,,,,,,,,,,,,,,,
"Hour factor light[M8,H11]",4.33444E-05,,,,,,,,,,,,,,,,,,,,,,,,,,,,,,,,,,,,,,
"Hour factor light[M8,H12]",3.61203E-05,,,,,,,,,,,,,,,,,,,,,,,,,,,,,,,,,,,,,,
"Hour factor light[M8,H13]",3.61203E-05,,,,,,,,,,,,,,,,,,,,,,,,,,,,,,,,,,,,,,
"Hour factor light[M8,H14]",4.33444E-05,,,,,,,,,,,,,,,,,,,,,,,,,,,,,,,,,,,,,,
"Hour factor light[M8,H15]",5.05684E-05,,,,,,,,,,,,,,,,,,,,,,,,,,,,,,,,,,,,,,
"Hour factor light[M8,H16]",0.000115585,,,,,,,,,,,,,,,,,,,,,,,,,,,,,,,,,,,,,,
"Hour factor light[M8,H17]",0.000260066,,,,,,,,,,,,,,,,,,,,,,,,,,,,,,,,,,,,,,
"Hour factor light[M8,H18]",0.000346755,,,,,,,,,,,,,,,,,,,,,,,,,,,,,,,,,,,,,,
"Hour factor light[M8,H19]",0.000375651,,,,,,,,,,,,,,,,,,,,,,,,,,,,,,,,,,,,,,
"Hour factor light[M8,H20]",0.000325083,,,,,,,,,,,,,,,,,,,,,,,,,,,,,,,,,,,,,,
"Hour factor light[M8,H21]",0.000310635,,,,,,,,,,,,,,,,,,,,,,,,,,,,,,,,,,,,,,
"Hour factor light[M8,H22]",0.000288963,,,,,,,,,,,,,,,,,,,,,,,,,,,,,,,,,,,,,,
"Hour factor light[M8,H23]",0.000238394,,,,,,,,,,,,,,,,,,,,,,,,,,,,,,,,,,,,,,
"Hour factor light[M8,H24]",0.000180602,,,,,,,,,,,,,,,,,,,,,,,,,,,,,,,,,,,,,,
"Hour factor light[M9,H1]",8.66888E-05,,,,,,,,,,,,,,,,,,,,,,,,,,,,,,,,,,,,,,
"Hour factor light[M9,H2]",5.77925E-05,,,,,,,,,,,,,,,,,,,,,,,,,,,,,,,,,,,,,,
"Hour factor light[M9,H3]",4.33444E-05,,,,,,,,,,,,,,,,,,,,,,,,,,,,,,,,,,,,,,
"Hour factor light[M9,H4]",3.61203E-05,,,,,,,,,,,,,,,,,,,,,,,,,,,,,,,,,,,,,,
"Hour factor light[M9,H5]",3.61203E-05,,,,,,,,,,,,,,,,,,,,,,,,,,,,,,,,,,,,,,
"Hour factor light[M9,H6]",4.33444E-05,,,,,,,,,,,,,,,,,,,,,,,,,,,,,,,,,,,,,,
"Hour factor light[M9,H7]",0.000115585,,,,,,,,,,,,,,,,,,,,,,,,,,,,,,,,,,,,,,
"Hour factor light[M9,H8]",0.000202274,,,,,,,,,,,,,,,,,,,,,,,,,,,,,,,,,,,,,,
"Hour factor light[M9,H9]",0.000101137,,,,,,,,,,,,,,,,,,,,,,,,,,,,,,,,,,,,,,
"Hour factor light[M9,H10]",5.05684E-05,,,,,,,,,,,,,,,,,,,,,,,,,,,,,,,,,,,,,,
"Hour factor light[M9,H11]",4.33444E-05,,,,,,,,,,,,,,,,,,,,,,,,,,,,,,,,,,,,,,
"Hour factor light[M9,H12]",3.61203E-05,,,,,,,,,,,,,,,,,,,,,,,,,,,,,,,,,,,,,,
"Hour factor light[M9,H13]",3.61203E-05,,,,,,,,,,,,,,,,,,,,,,,,,,,,,,,,,,,,,,
"Hour factor light[M9,H14]",4.33444E-05,,,,,,,,,,,,,,,,,,,,,,,,,,,,,,,,,,,,,,
"Hour factor light[M9,H15]",5.05684E-05,,,,,,,,,,,,,,,,,,,,,,,,,,,,,,,,,,,,,,
"Hour factor light[M9,H16]",0.000115585,,,,,,,,,,,,,,,,,,,,,,,,,,,,,,,,,,,,,,
"Hour factor light[M9,H17]",0.000260066,,,,,,,,,,,,,,,,,,,,,,,,,,,,,,,,,,,,,,
"Hour factor light[M9,H18]",0.000346755,,,,,,,,,,,,,,,,,,,,,,,,,,,,,,,,,,,,,,
"Hour factor light[M9,H19]",0.000375651,,,,,,,,,,,,,,,,,,,,,,,,,,,,,,,,,,,,,,
"Hour factor light[M9,H20]",0.000325083,,,,,,,,,,,,,,,,,,,,,,,,,,,,,,,,,,,,,,
"Hour factor light[M9,H21]",0.000310635,,,,,,,,,,,,,,,,,,,,,,,,,,,,,,,,,,,,,,
"Hour factor light[M9,H22]",0.000288963,,,,,,,,,,,,,,,,,,,,,,,,,,,,,,,,,,,,,,
"Hour factor light[M9,H23]",0.000238394,,,,,,,,,,,,,,,,,,,,,,,,,,,,,,,,,,,,,,
"Hour factor light[M9,H24]",0.000180602,,,,,,,,,,,,,,,,,,,,,,,,,,,,,,,,,,,,,,
"Hour factor light[M10,H1]",3.61203E-05,,,,,,,,,,,,,,,,,,,,,,,,,,,,,,,,,,,,,,
"Hour factor light[M10,H2]",3.61203E-05,,,,,,,,,,,,,,,,,,,,,,,,,,,,,,,,,,,,,,
"Hour factor light[M10,H3]",3.61203E-05,,,,,,,,,,,,,,,,,,,,,,,,,,,,,,,,,,,,,,
"Hour factor light[M10,H4]",2.88963E-05,,,,,,,,,,,,,,,,,,,,,,,,,,,,,,,,,,,,,,
"Hour factor light[M10,H5]",2.88963E-05,,,,,,,,,,,,,,,,,,,,,,,,,,,,,,,,,,,,,,
"Hour factor light[M10,H6]",3.25083E-05,,,,,,,,,,,,,,,,,,,,,,,,,,,,,,,,,,,,,,
"Hour factor light[M10,H7]",3.61203E-05,,,,,,,,,,,,,,,,,,,,,,,,,,,,,,,,,,,,,,
"Hour factor light[M10,H8]",4.33444E-05,,,,,,,,,,,,,,,,,,,,,,,,,,,,,,,,,,,,,,
"Hour factor light[M10,H9]",3.25083E-05,,,,,,,,,,,,,,,,,,,,,,,,,,,,,,,,,,,,,,
"Hour factor light[M10,H10]",2.52842E-05,,,,,,,,,,,,,,,,,,,,,,,,,,,,,,,,,,,,,,
"Hour factor light[M10,H11]",2.52842E-05,,,,,,,,,,,,,,,,,,,,,,,,,,,,,,,,,,,,,,
"Hour factor light[M10,H12]",2.52842E-05,,,,,,,,,,,,,,,,,,,,,,,,,,,,,,,,,,,,,,
"Hour factor light[M10,H13]",2.52842E-05,,,,,,,,,,,,,,,,,,,,,,,,,,,,,,,,,,,,,,
"Hour factor light[M10,H14]",2.52842E-05,,,,,,,,,,,,,,,,,,,,,,,,,,,,,,,,,,,,,,
"Hour factor light[M10,H15]",2.88963E-05,,,,,,,,,,,,,,,,,,,,,,,,,,,,,,,,,,,,,,
"Hour factor light[M10,H16]",3.61203E-05,,,,,,,,,,,,,,,,,,,,,,,,,,,,,,,,,,,,,,
"Hour factor light[M10,H17]",7.22406E-05,,,,,,,,,,,,,,,,,,,,,,,,,,,,,,,,,,,,,,
"Hour factor light[M10,H18]",0.000173378,,,,,,,,,,,,,,,,,,,,,,,,,,,,,,,,,,,,,,
"Hour factor light[M10,H19]",0.000288963,,,,,,,,,,,,,,,,,,,,,,,,,,,,,,,,,,,,,,
"Hour factor light[M10,H20]",0.000310635,,,,,,,,,,,,,,,,,,,,,,,,,,,,,,,,,,,,,,
"Hour factor light[M10,H21]",0.000310635,,,,,,,,,,,,,,,,,,,,,,,,,,,,,,,,,,,,,,
"Hour factor light[M10,H22]",0.000288963,,,,,,,,,,,,,,,,,,,,,,,,,,,,,,,,,,,,,,
"Hour factor light[M10,H23]",0.000238394,,,,,,,,,,,,,,,,,,,,,,,,,,,,,,,,,,,,,,
"Hour factor light[M10,H24]",0.000180602,,,,,,,,,,,,,,,,,,,,,,,,,,,,,,,,,,,,,,
"Hour factor light[M11,H1]",3.61203E-05,,,,,,,,,,,,,,,,,,,,,,,,,,,,,,,,,,,,,,
"Hour factor light[M11,H2]",3.61203E-05,,,,,,,,,,,,,,,,,,,,,,,,,,,,,,,,,,,,,,
"Hour factor light[M11,H3]",3.61203E-05,,,,,,,,,,,,,,,,,,,,,,,,,,,,,,,,,,,,,,
"Hour factor light[M11,H4]",2.88963E-05,,,,,,,,,,,,,,,,,,,,,,,,,,,,,,,,,,,,,,
"Hour factor light[M11,H5]",2.88963E-05,,,,,,,,,,,,,,,,,,,,,,,,,,,,,,,,,,,,,,
"Hour factor light[M11,H6]",3.25083E-05,,,,,,,,,,,,,,,,,,,,,,,,,,,,,,,,,,,,,,
"Hour factor light[M11,H7]",3.61203E-05,,,,,,,,,,,,,,,,,,,,,,,,,,,,,,,,,,,,,,
"Hour factor light[M11,H8]",4.33444E-05,,,,,,,,,,,,,,,,,,,,,,,,,,,,,,,,,,,,,,
"Hour factor light[M11,H9]",3.25083E-05,,,,,,,,,,,,,,,,,,,,,,,,,,,,,,,,,,,,,,
"Hour factor light[M11,H10]",2.52842E-05,,,,,,,,,,,,,,,,,,,,,,,,,,,,,,,,,,,,,,
"Hour factor light[M11,H11]",2.52842E-05,,,,,,,,,,,,,,,,,,,,,,,,,,,,,,,,,,,,,,
"Hour factor light[M11,H12]",2.52842E-05,,,,,,,,,,,,,,,,,,,,,,,,,,,,,,,,,,,,,,
"Hour factor light[M11,H13]",2.52842E-05,,,,,,,,,,,,,,,,,,,,,,,,,,,,,,,,,,,,,,
"Hour factor light[M11,H14]",2.52842E-05,,,,,,,,,,,,,,,,,,,,,,,,,,,,,,,,,,,,,,
"Hour factor light[M11,H15]",2.88963E-05,,,,,,,,,,,,,,,,,,,,,,,,,,,,,,,,,,,,,,
"Hour factor light[M11,H16]",3.61203E-05,,,,,,,,,,,,,,,,,,,,,,,,,,,,,,,,,,,,,,
"Hour factor light[M11,H17]",7.22406E-05,,,,,,,,,,,,,,,,,,,,,,,,,,,,,,,,,,,,,,
"Hour factor light[M11,H18]",0.000173378,,,,,,,,,,,,,,,,,,,,,,,,,,,,,,,,,,,,,,
"Hour factor light[M11,H19]",0.000288963,,,,,,,,,,,,,,,,,,,,,,,,,,,,,,,,,,,,,,
"Hour factor light[M11,H20]",0.000310635,,,,,,,,,,,,,,,,,,,,,,,,,,,,,,,,,,,,,,
"Hour factor light[M11,H21]",0.000310635,,,,,,,,,,,,,,,,,,,,,,,,,,,,,,,,,,,,,,
"Hour factor light[M11,H22]",0.000288963,,,,,,,,,,,,,,,,,,,,,,,,,,,,,,,,,,,,,,
"Hour factor light[M11,H23]",0.000238394,,,,,,,,,,,,,,,,,,,,,,,,,,,,,,,,,,,,,,
"Hour factor light[M11,H24]",0.000180602,,,,,,,,,,,,,,,,,,,,,,,,,,,,,,,,,,,,,,
"Hour factor light[M12,H1]",3.61203E-05,,,,,,,,,,,,,,,,,,,,,,,,,,,,,,,,,,,,,,
"Hour factor light[M12,H2]",3.61203E-05,,,,,,,,,,,,,,,,,,,,,,,,,,,,,,,,,,,,,,
"Hour factor light[M12,H3]",3.61203E-05,,,,,,,,,,,,,,,,,,,,,,,,,,,,,,,,,,,,,,
"Hour factor light[M12,H4]",2.88963E-05,,,,,,,,,,,,,,,,,,,,,,,,,,,,,,,,,,,,,,
"Hour factor light[M12,H5]",2.88963E-05,,,,,,,,,,,,,,,,,,,,,,,,,,,,,,,,,,,,,,
"Hour factor light[M12,H6]",3.25083E-05,,,,,,,,,,,,,,,,,,,,,,,,,,,,,,,,,,,,,,
"Hour factor light[M12,H7]",3.61203E-05,,,,,,,,,,,,,,,,,,,,,,,,,,,,,,,,,,,,,,
"Hour factor light[M12,H8]",4.33444E-05,,,,,,,,,,,,,,,,,,,,,,,,,,,,,,,,,,,,,,
"Hour factor light[M12,H9]",3.25083E-05,,,,,,,,,,,,,,,,,,,,,,,,,,,,,,,,,,,,,,
"Hour factor light[M12,H10]",2.52842E-05,,,,,,,,,,,,,,,,,,,,,,,,,,,,,,,,,,,,,,
"Hour factor light[M12,H11]",2.52842E-05,,,,,,,,,,,,,,,,,,,,,,,,,,,,,,,,,,,,,,
"Hour factor light[M12,H12]",2.52842E-05,,,,,,,,,,,,,,,,,,,,,,,,,,,,,,,,,,,,,,
"Hour factor light[M12,H13]",2.52842E-05,,,,,,,,,,,,,,,,,,,,,,,,,,,,,,,,,,,,,,
"Hour factor light[M12,H14]",2.52842E-05,,,,,,,,,,,,,,,,,,,,,,,,,,,,,,,,,,,,,,
"Hour factor light[M12,H15]",2.88963E-05,,,,,,,,,,,,,,,,,,,,,,,,,,,,,,,,,,,,,,
"Hour factor light[M12,H16]",3.61203E-05,,,,,,,,,,,,,,,,,,,,,,,,,,,,,,,,,,,,,,
"Hour factor light[M12,H17]",7.22406E-05,,,,,,,,,,,,,,,,,,,,,,,,,,,,,,,,,,,,,,
"Hour factor light[M12,H18]",0.000173378,,,,,,,,,,,,,,,,,,,,,,,,,,,,,,,,,,,,,,
"Hour factor light[M12,H19]",0.000288963,,,,,,,,,,,,,,,,,,,,,,,,,,,,,,,,,,,,,,
"Hour factor light[M12,H20]",0.000310635,,,,,,,,,,,,,,,,,,,,,,,,,,,,,,,,,,,,,,
"Hour factor light[M12,H21]",0.000310635,,,,,,,,,,,,,,,,,,,,,,,,,,,,,,,,,,,,,,
"Hour factor light[M12,H22]",0.000288963,,,,,,,,,,,,,,,,,,,,,,,,,,,,,,,,,,,,,,
"Hour factor light[M12,H23]",0.000238394,,,,,,,,,,,,,,,,,,,,,,,,,,,,,,,,,,,,,,
"Hour factor light[M12,H24]",0.000180602,,,,,,,,,,,,,,,,,,,,,,,,,,,,,,,,,,,,,,
"Hour factor PHS production[M1,H1]",3.47315E-05,,,,,,,,,,,,,,,,,,,,,,,,,,,,,,,,,,,,,,
"Hour factor PHS production[M1,H2]",2.56419E-05,,,,,,,,,,,,,,,,,,,,,,,,,,,,,,,,,,,,,,
"Hour factor PHS production[M1,H3]",2.14284E-05,,,,,,,,,,,,,,,,,,,,,,,,,,,,,,,,,,,,,,
"Hour factor PHS production[M1,H4]",1.92907E-05,,,,,,,,,,,,,,,,,,,,,,,,,,,,,,,,,,,,,,
"Hour factor PHS production[M1,H5]",1.90519E-05,,,,,,,,,,,,,,,,,,,,,,,,,,,,,,,,,,,,,,
"Hour factor PHS production[M1,H6]",2.95055E-05,,,,,,,,,,,,,,,,,,,,,,,,,,,,,,,,,,,,,,
"Hour factor PHS production[M1,H7]",8.09847E-05,,,,,,,,,,,,,,,,,,,,,,,,,,,,,,,,,,,,,,
"Hour factor PHS production[M1,H8]",0.000163726,,,,,,,,,,,,,,,,,,,,,,,,,,,,,,,,,,,,,,
"Hour factor PHS production[M1,H9]",0.000208805,,,,,,,,,,,,,,,,,,,,,,,,,,,,,,,,,,,,,,
"Hour factor PHS production[M1,H10]",0.000206404,,,,,,,,,,,,,,,,,,,,,,,,,,,,,,,,,,,,,,
"Hour factor PHS production[M1,H11]",0.000184693,,,,,,,,,,,,,,,,,,,,,,,,,,,,,,,,,,,,,,
"Hour factor PHS production[M1,H12]",0.000163327,,,,,,,,,,,,,,,,,,,,,,,,,,,,,,,,,,,,,,
"Hour factor PHS production[M1,H13]",0.000132902,,,,,,,,,,,,,,,,,,,,,,,,,,,,,,,,,,,,,,
"Hour factor PHS production[M1,H14]",0.00011517,,,,,,,,,,,,,,,,,,,,,,,,,,,,,,,,,,,,,,
"Hour factor PHS production[M1,H15]",0.00011875,,,,,,,,,,,,,,,,,,,,,,,,,,,,,,,,,,,,,,
"Hour factor PHS production[M1,H16]",0.00013681,,,,,,,,,,,,,,,,,,,,,,,,,,,,,,,,,,,,,,
"Hour factor PHS production[M1,H17]",0.000166215,,,,,,,,,,,,,,,,,,,,,,,,,,,,,,,,,,,,,,
"Hour factor PHS production[M1,H18]",0.000236263,,,,,,,,,,,,,,,,,,,,,,,,,,,,,,,,,,,,,,
"Hour factor PHS production[M1,H19]",0.000260837,,,,,,,,,,,,,,,,,,,,,,,,,,,,,,,,,,,,,,
"Hour factor PHS production[M1,H20]",0.000222653,,,,,,,,,,,,,,,,,,,,,,,,,,,,,,,,,,,,,,
"Hour factor PHS production[M1,H21]",0.000147867,,,,,,,,,,,,,,,,,,,,,,,,,,,,,,,,,,,,,,
"Hour factor PHS production[M1,H22]",8.92059E-05,,,,,,,,,,,,,,,,,,,,,,,,,,,,,,,,,,,,,,
"Hour factor PHS production[M1,H23]",6.91839E-05,,,,,,,,,,,,,,,,,,,,,,,,,,,,,,,,,,,,,,
"Hour factor PHS production[M1,H24]",4.76294E-05,,,,,,,,,,,,,,,,,,,,,,,,,,,,,,,,,,,,,,
"Hour factor PHS production[M2,H1]",2.4832E-05,,,,,,,,,,,,,,,,,,,,,,,,,,,,,,,,,,,,,,
"Hour factor PHS production[M2,H2]",1.82278E-05,,,,,,,,,,,,,,,,,,,,,,,,,,,,,,,,,,,,,,
"Hour factor PHS production[M2,H3]",1.63511E-05,,,,,,,,,,,,,,,,,,,,,,,,,,,,,,,,,,,,,,
"Hour factor PHS production[M2,H4]",1.55987E-05,,,,,,,,,,,,,,,,,,,,,,,,,,,,,,,,,,,,,,
"Hour factor PHS production[M2,H5]",1.69327E-05,,,,,,,,,,,,,,,,,,,,,,,,,,,,,,,,,,,,,,
"Hour factor PHS production[M2,H6]",2.84441E-05,,,,,,,,,,,,,,,,,,,,,,,,,,,,,,,,,,,,,,
"Hour factor PHS production[M2,H7]",8.56547E-05,,,,,,,,,,,,,,,,,,,,,,,,,,,,,,,,,,,,,,
"Hour factor PHS production[M2,H8]",0.00018266,,,,,,,,,,,,,,,,,,,,,,,,,,,,,,,,,,,,,,
"Hour factor PHS production[M2,H9]",0.000217376,,,,,,,,,,,,,,,,,,,,,,,,,,,,,,,,,,,,,,
"Hour factor PHS production[M2,H10]",0.000182711,,,,,,,,,,,,,,,,,,,,,,,,,,,,,,,,,,,,,,
"Hour factor PHS production[M2,H11]",0.000139078,,,,,,,,,,,,,,,,,,,,,,,,,,,,,,,,,,,,,,
"Hour factor PHS production[M2,H12]",0.000109645,,,,,,,,,,,,,,,,,,,,,,,,,,,,,,,,,,,,,,
"Hour factor PHS production[M2,H13]",7.46835E-05,,,,,,,,,,,,,,,,,,,,,,,,,,,,,,,,,,,,,,
"Hour factor PHS production[M2,H14]",6.51958E-05,,,,,,,,,,,,,,,,,,,,,,,,,,,,,,,,,,,,,,
"Hour factor PHS production[M2,H15]",6.86673E-05,,,,,,,,,,,,,,,,,,,,,,,,,,,,,,,,,,,,,,
"Hour factor PHS production[M2,H16]",8.18899E-05,,,,,,,,,,,,,,,,,,,,,,,,,,,,,,,,,,,,,,
"Hour factor PHS production[M2,H17]",0.000113346,,,,,,,,,,,,,,,,,,,,,,,,,,,,,,,,,,,,,,
"Hour factor PHS production[M2,H18]",0.000179192,,,,,,,,,,,,,,,,,,,,,,,,,,,,,,,,,,,,,,
"Hour factor PHS production[M2,H19]",0.000251946,,,,,,,,,,,,,,,,,,,,,,,,,,,,,,,,,,,,,,
"Hour factor PHS production[M2,H20]",0.000237804,,,,,,,,,,,,,,,,,,,,,,,,,,,,,,,,,,,,,,
"Hour factor PHS production[M2,H21]",0.000149537,,,,,,,,,,,,,,,,,,,,,,,,,,,,,,,,,,,,,,
"Hour factor PHS production[M2,H22]",8.12623E-05,,,,,,,,,,,,,,,,,,,,,,,,,,,,,,,,,,,,,,
"Hour factor PHS production[M2,H23]",5.87778E-05,,,,,,,,,,,,,,,,,,,,,,,,,,,,,,,,,,,,,,
"Hour factor PHS production[M2,H24]",3.76008E-05,,,,,,,,,,,,,,,,,,,,,,,,,,,,,,,,,,,,,,
"Hour factor PHS production[M3,H1]",3.27441E-05,,,,,,,,,,,,,,,,,,,,,,,,,,,,,,,,,,,,,,
"Hour factor PHS production[M3,H2]",2.43145E-05,,,,,,,,,,,,,,,,,,,,,,,,,,,,,,,,,,,,,,
"Hour factor PHS production[M3,H3]",2.10023E-05,,,,,,,,,,,,,,,,,,,,,,,,,,,,,,,,,,,,,,
"Hour factor PHS production[M3,H4]",1.91159E-05,,,,,,,,,,,,,,,,,,,,,,,,,,,,,,,,,,,,,,
"Hour factor PHS production[M3,H5]",1.98357E-05,,,,,,,,,,,,,,,,,,,,,,,,,,,,,,,,,,,,,,
"Hour factor PHS production[M3,H6]",3.63474E-05,,,,,,,,,,,,,,,,,,,,,,,,,,,,,,,,,,,,,,
"Hour factor PHS production[M3,H7]",0.000101408,,,,,,,,,,,,,,,,,,,,,,,,,,,,,,,,,,,,,,
"Hour factor PHS production[M3,H8]",0.000175519,,,,,,,,,,,,,,,,,,,,,,,,,,,,,,,,,,,,,,
"Hour factor PHS production[M3,H9]",0.000186802,,,,,,,,,,,,,,,,,,,,,,,,,,,,,,,,,,,,,,
"Hour factor PHS production[M3,H10]",0.000142756,,,,,,,,,,,,,,,,,,,,,,,,,,,,,,,,,,,,,,
"Hour factor PHS production[M3,H11]",9.97351E-05,,,,,,,,,,,,,,,,,,,,,,,,,,,,,,,,,,,,,,
"Hour factor PHS production[M3,H12]",7.84993E-05,,,,,,,,,,,,,,,,,,,,,,,,,,,,,,,,,,,,,,
"Hour factor PHS production[M3,H13]",5.79091E-05,,,,,,,,,,,,,,,,,,,,,,,,,,,,,,,,,,,,,,
"Hour factor PHS production[M3,H14]",5.15226E-05,,,,,,,,,,,,,,,,,,,,,,,,,,,,,,,,,,,,,,
"Hour factor PHS production[M3,H15]",5.52035E-05,,,,,,,,,,,,,,,,,,,,,,,,,,,,,,,,,,,,,,
"Hour factor PHS production[M3,H16]",6.2043E-05,,,,,,,,,,,,,,,,,,,,,,,,,,,,,,,,,,,,,,
"Hour factor PHS production[M3,H17]",8.07812E-05,,,,,,,,,,,,,,,,,,,,,,,,,,,,,,,,,,,,,,
"Hour factor PHS production[M3,H18]",0.000138343,,,,,,,,,,,,,,,,,,,,,,,,,,,,,,,,,,,,,,
"Hour factor PHS production[M3,H19]",0.000224152,,,,,,,,,,,,,,,,,,,,,,,,,,,,,,,,,,,,,,
"Hour factor PHS production[M3,H20]",0.000252865,,,,,,,,,,,,,,,,,,,,,,,,,,,,,,,,,,,,,,
"Hour factor PHS production[M3,H21]",0.000187478,,,,,,,,,,,,,,,,,,,,,,,,,,,,,,,,,,,,,,
"Hour factor PHS production[M3,H22]",0.000106519,,,,,,,,,,,,,,,,,,,,,,,,,,,,,,,,,,,,,,
"Hour factor PHS production[M3,H23]",7.41773E-05,,,,,,,,,,,,,,,,,,,,,,,,,,,,,,,,,,,,,,
"Hour factor PHS production[M3,H24]",4.77069E-05,,,,,,,,,,,,,,,,,,,,,,,,,,,,,,,,,,,,,,
"Hour factor PHS production[M4,H1]",4.66143E-05,,,,,,,,,,,,,,,,,,,,,,,,,,,,,,,,,,,,,,
"Hour factor PHS production[M4,H2]",3.22014E-05,,,,,,,,,,,,,,,,,,,,,,,,,,,,,,,,,,,,,,
"Hour factor PHS production[M4,H3]",2.62601E-05,,,,,,,,,,,,,,,,,,,,,,,,,,,,,,,,,,,,,,
"Hour factor PHS production[M4,H4]",2.40007E-05,,,,,,,,,,,,,,,,,,,,,,,,,,,,,,,,,,,,,,
"Hour factor PHS production[M4,H5]",2.51864E-05,,,,,,,,,,,,,,,,,,,,,,,,,,,,,,,,,,,,,,
"Hour factor PHS production[M4,H6]",4.264E-05,,,,,,,,,,,,,,,,,,,,,,,,,,,,,,,,,,,,,,
"Hour factor PHS production[M4,H7]",0.000112909,,,,,,,,,,,,,,,,,,,,,,,,,,,,,,,,,,,,,,
"Hour factor PHS production[M4,H8]",0.000181618,,,,,,,,,,,,,,,,,,,,,,,,,,,,,,,,,,,,,,
"Hour factor PHS production[M4,H9]",0.000187447,,,,,,,,,,,,,,,,,,,,,,,,,,,,,,,,,,,,,,
"Hour factor PHS production[M4,H10]",0.000146385,,,,,,,,,,,,,,,,,,,,,,,,,,,,,,,,,,,,,,
"Hour factor PHS production[M4,H11]",0.000101006,,,,,,,,,,,,,,,,,,,,,,,,,,,,,,,,,,,,,,
"Hour factor PHS production[M4,H12]",7.95455E-05,,,,,,,,,,,,,,,,,,,,,,,,,,,,,,,,,,,,,,
"Hour factor PHS production[M4,H13]",5.81375E-05,,,,,,,,,,,,,,,,,,,,,,,,,,,,,,,,,,,,,,
"Hour factor PHS production[M4,H14]",4.64496E-05,,,,,,,,,,,,,,,,,,,,,,,,,,,,,,,,,,,,,,
"Hour factor PHS production[M4,H15]",3.80755E-05,,,,,,,,,,,,,,,,,,,,,,,,,,,,,,,,,,,,,,
"Hour factor PHS production[M4,H16]",3.55438E-05,,,,,,,,,,,,,,,,,,,,,,,,,,,,,,,,,,,,,,
"Hour factor PHS production[M4,H17]",3.90188E-05,,,,,,,,,,,,,,,,,,,,,,,,,,,,,,,,,,,,,,
"Hour factor PHS production[M4,H18]",5.79167E-05,,,,,,,,,,,,,,,,,,,,,,,,,,,,,,,,,,,,,,
"Hour factor PHS production[M4,H19]",0.000116997,,,,,,,,,,,,,,,,,,,,,,,,,,,,,,,,,,,,,,
"Hour factor PHS production[M4,H20]",0.00019167,,,,,,,,,,,,,,,,,,,,,,,,,,,,,,,,,,,,,,
"Hour factor PHS production[M4,H21]",0.000210509,,,,,,,,,,,,,,,,,,,,,,,,,,,,,,,,,,,,,,
"Hour factor PHS production[M4,H22]",0.000167795,,,,,,,,,,,,,,,,,,,,,,,,,,,,,,,,,,,,,,
"Hour factor PHS production[M4,H23]",0.000123835,,,,,,,,,,,,,,,,,,,,,,,,,,,,,,,,,,,,,,
"Hour factor PHS production[M4,H24]",8.09534E-05,,,,,,,,,,,,,,,,,,,,,,,,,,,,,,,,,,,,,,
"Hour factor PHS production[M5,H1]",6.9216E-05,,,,,,,,,,,,,,,,,,,,,,,,,,,,,,,,,,,,,,
"Hour factor PHS production[M5,H2]",4.65724E-05,,,,,,,,,,,,,,,,,,,,,,,,,,,,,,,,,,,,,,
"Hour factor PHS production[M5,H3]",3.7522E-05,,,,,,,,,,,,,,,,,,,,,,,,,,,,,,,,,,,,,,
"Hour factor PHS production[M5,H4]",3.40758E-05,,,,,,,,,,,,,,,,,,,,,,,,,,,,,,,,,,,,,,
"Hour factor PHS production[M5,H5]",3.54534E-05,,,,,,,,,,,,,,,,,,,,,,,,,,,,,,,,,,,,,,
"Hour factor PHS production[M5,H6]",5.35463E-05,,,,,,,,,,,,,,,,,,,,,,,,,,,,,,,,,,,,,,
"Hour factor PHS production[M5,H7]",0.000126073,,,,,,,,,,,,,,,,,,,,,,,,,,,,,,,,,,,,,,
"Hour factor PHS production[M5,H8]",0.000191221,,,,,,,,,,,,,,,,,,,,,,,,,,,,,,,,,,,,,,
"Hour factor PHS production[M5,H9]",0.00019051,,,,,,,,,,,,,,,,,,,,,,,,,,,,,,,,,,,,,,
"Hour factor PHS production[M5,H10]",0.000142998,,,,,,,,,,,,,,,,,,,,,,,,,,,,,,,,,,,,,,
"Hour factor PHS production[M5,H11]",0.000101048,,,,,,,,,,,,,,,,,,,,,,,,,,,,,,,,,,,,,,
"Hour factor PHS production[M5,H12]",8.44656E-05,,,,,,,,,,,,,,,,,,,,,,,,,,,,,,,,,,,,,,
"Hour factor PHS production[M5,H13]",6.93221E-05,,,,,,,,,,,,,,,,,,,,,,,,,,,,,,,,,,,,,,
"Hour factor PHS production[M5,H14]",5.6175E-05,,,,,,,,,,,,,,,,,,,,,,,,,,,,,,,,,,,,,,
"Hour factor PHS production[M5,H15]",5.13112E-05,,,,,,,,,,,,,,,,,,,,,,,,,,,,,,,,,,,,,,
"Hour factor PHS production[M5,H16]",5.0507E-05,,,,,,,,,,,,,,,,,,,,,,,,,,,,,,,,,,,,,,
"Hour factor PHS production[M5,H17]",5.9097E-05,,,,,,,,,,,,,,,,,,,,,,,,,,,,,,,,,,,,,,
"Hour factor PHS production[M5,H18]",9.02699E-05,,,,,,,,,,,,,,,,,,,,,,,,,,,,,,,,,,,,,,
"Hour factor PHS production[M5,H19]",0.000154927,,,,,,,,,,,,,,,,,,,,,,,,,,,,,,,,,,,,,,
"Hour factor PHS production[M5,H20]",0.000224528,,,,,,,,,,,,,,,,,,,,,,,,,,,,,,,,,,,,,,
"Hour factor PHS production[M5,H21]",0.000242368,,,,,,,,,,,,,,,,,,,,,,,,,,,,,,,,,,,,,,
"Hour factor PHS production[M5,H22]",0.000229431,,,,,,,,,,,,,,,,,,,,,,,,,,,,,,,,,,,,,,
"Hour factor PHS production[M5,H23]",0.000193775,,,,,,,,,,,,,,,,,,,,,,,,,,,,,,,,,,,,,,
"Hour factor PHS production[M5,H24]",0.000127381,,,,,,,,,,,,,,,,,,,,,,,,,,,,,,,,,,,,,,
"Hour factor PHS production[M6,H1]",0.000116208,,,,,,,,,,,,,,,,,,,,,,,,,,,,,,,,,,,,,,
"Hour factor PHS production[M6,H2]",8.29287E-05,,,,,,,,,,,,,,,,,,,,,,,,,,,,,,,,,,,,,,
"Hour factor PHS production[M6,H3]",6.82293E-05,,,,,,,,,,,,,,,,,,,,,,,,,,,,,,,,,,,,,,
"Hour factor PHS production[M6,H4]",5.86367E-05,,,,,,,,,,,,,,,,,,,,,,,,,,,,,,,,,,,,,,
"Hour factor PHS production[M6,H5]",5.85235E-05,,,,,,,,,,,,,,,,,,,,,,,,,,,,,,,,,,,,,,
"Hour factor PHS production[M6,H6]",7.24749E-05,,,,,,,,,,,,,,,,,,,,,,,,,,,,,,,,,,,,,,
"Hour factor PHS production[M6,H7]",0.000129285,,,,,,,,,,,,,,,,,,,,,,,,,,,,,,,,,,,,,,
"Hour factor PHS production[M6,H8]",0.000201304,,,,,,,,,,,,,,,,,,,,,,,,,,,,,,,,,,,,,,
"Hour factor PHS production[M6,H9]",0.000213092,,,,,,,,,,,,,,,,,,,,,,,,,,,,,,,,,,,,,,
"Hour factor PHS production[M6,H10]",0.000177479,,,,,,,,,,,,,,,,,,,,,,,,,,,,,,,,,,,,,,
"Hour factor PHS production[M6,H11]",0.00014242,,,,,,,,,,,,,,,,,,,,,,,,,,,,,,,,,,,,,,
"Hour factor PHS production[M6,H12]",0.000128846,,,,,,,,,,,,,,,,,,,,,,,,,,,,,,,,,,,,,,
"Hour factor PHS production[M6,H13]",0.000108579,,,,,,,,,,,,,,,,,,,,,,,,,,,,,,,,,,,,,,
"Hour factor PHS production[M6,H14]",9.79846E-05,,,,,,,,,,,,,,,,,,,,,,,,,,,,,,,,,,,,,,
"Hour factor PHS production[M6,H15]",9.26816E-05,,,,,,,,,,,,,,,,,,,,,,,,,,,,,,,,,,,,,,
"Hour factor PHS production[M6,H16]",9.11566E-05,,,,,,,,,,,,,,,,,,,,,,,,,,,,,,,,,,,,,,
"Hour factor PHS production[M6,H17]",0.000103043,,,,,,,,,,,,,,,,,,,,,,,,,,,,,,,,,,,,,,
"Hour factor PHS production[M6,H18]",0.000139915,,,,,,,,,,,,,,,,,,,,,,,,,,,,,,,,,,,,,,
"Hour factor PHS production[M6,H19]",0.000202098,,,,,,,,,,,,,,,,,,,,,,,,,,,,,,,,,,,,,,
"Hour factor PHS production[M6,H20]",0.000265943,,,,,,,,,,,,,,,,,,,,,,,,,,,,,,,,,,,,,,
"Hour factor PHS production[M6,H21]",0.000272423,,,,,,,,,,,,,,,,,,,,,,,,,,,,,,,,,,,,,,
"Hour factor PHS production[M6,H22]",0.000259706,,,,,,,,,,,,,,,,,,,,,,,,,,,,,,,,,,,,,,
"Hour factor PHS production[M6,H23]",0.000250803,,,,,,,,,,,,,,,,,,,,,,,,,,,,,,,,,,,,,,
"Hour factor PHS production[M6,H24]",0.000196597,,,,,,,,,,,,,,,,,,,,,,,,,,,,,,,,,,,,,,
"Hour factor PHS production[M7,H1]",0.000104241,,,,,,,,,,,,,,,,,,,,,,,,,,,,,,,,,,,,,,
"Hour factor PHS production[M7,H2]",7.40742E-05,,,,,,,,,,,,,,,,,,,,,,,,,,,,,,,,,,,,,,
"Hour factor PHS production[M7,H3]",5.89561E-05,,,,,,,,,,,,,,,,,,,,,,,,,,,,,,,,,,,,,,
"Hour factor PHS production[M7,H4]",4.97794E-05,,,,,,,,,,,,,,,,,,,,,,,,,,,,,,,,,,,,,,
"Hour factor PHS production[M7,H5]",4.78637E-05,,,,,,,,,,,,,,,,,,,,,,,,,,,,,,,,,,,,,,
"Hour factor PHS production[M7,H6]",6.3176E-05,,,,,,,,,,,,,,,,,,,,,,,,,,,,,,,,,,,,,,
"Hour factor PHS production[M7,H7]",0.000115601,,,,,,,,,,,,,,,,,,,,,,,,,,,,,,,,,,,,,,
"Hour factor PHS production[M7,H8]",0.000186057,,,,,,,,,,,,,,,,,,,,,,,,,,,,,,,,,,,,,,
"Hour factor PHS production[M7,H9]",0.000202373,,,,,,,,,,,,,,,,,,,,,,,,,,,,,,,,,,,,,,
"Hour factor PHS production[M7,H10]",0.000170668,,,,,,,,,,,,,,,,,,,,,,,,,,,,,,,,,,,,,,
"Hour factor PHS production[M7,H11]",0.000139147,,,,,,,,,,,,,,,,,,,,,,,,,,,,,,,,,,,,,,
"Hour factor PHS production[M7,H12]",0.000122902,,,,,,,,,,,,,,,,,,,,,,,,,,,,,,,,,,,,,,
"Hour factor PHS production[M7,H13]",0.000100664,,,,,,,,,,,,,,,,,,,,,,,,,,,,,,,,,,,,,,
"Hour factor PHS production[M7,H14]",8.74464E-05,,,,,,,,,,,,,,,,,,,,,,,,,,,,,,,,,,,,,,
"Hour factor PHS production[M7,H15]",8.14143E-05,,,,,,,,,,,,,,,,,,,,,,,,,,,,,,,,,,,,,,
"Hour factor PHS production[M7,H16]",8.26544E-05,,,,,,,,,,,,,,,,,,,,,,,,,,,,,,,,,,,,,,
"Hour factor PHS production[M7,H17]",9.03884E-05,,,,,,,,,,,,,,,,,,,,,,,,,,,,,,,,,,,,,,
"Hour factor PHS production[M7,H18]",0.000125203,,,,,,,,,,,,,,,,,,,,,,,,,,,,,,,,,,,,,,
"Hour factor PHS production[M7,H19]",0.000189267,,,,,,,,,,,,,,,,,,,,,,,,,,,,,,,,,,,,,,
"Hour factor PHS production[M7,H20]",0.000246438,,,,,,,,,,,,,,,,,,,,,,,,,,,,,,,,,,,,,,
"Hour factor PHS production[M7,H21]",0.00025446,,,,,,,,,,,,,,,,,,,,,,,,,,,,,,,,,,,,,,
"Hour factor PHS production[M7,H22]",0.00024385,,,,,,,,,,,,,,,,,,,,,,,,,,,,,,,,,,,,,,
"Hour factor PHS production[M7,H23]",0.000230858,,,,,,,,,,,,,,,,,,,,,,,,,,,,,,,,,,,,,,
"Hour factor PHS production[M7,H24]",0.000181821,,,,,,,,,,,,,,,,,,,,,,,,,,,,,,,,,,,,,,
"Hour factor PHS production[M8,H1]",8.35341E-05,,,,,,,,,,,,,,,,,,,,,,,,,,,,,,,,,,,,,,
"Hour factor PHS production[M8,H2]",5.76243E-05,,,,,,,,,,,,,,,,,,,,,,,,,,,,,,,,,,,,,,
"Hour factor PHS production[M8,H3]",4.6972E-05,,,,,,,,,,,,,,,,,,,,,,,,,,,,,,,,,,,,,,
"Hour factor PHS production[M8,H4]",4.17586E-05,,,,,,,,,,,,,,,,,,,,,,,,,,,,,,,,,,,,,,
"Hour factor PHS production[M8,H5]",4.1524E-05,,,,,,,,,,,,,,,,,,,,,,,,,,,,,,,,,,,,,,
"Hour factor PHS production[M8,H6]",6.04915E-05,,,,,,,,,,,,,,,,,,,,,,,,,,,,,,,,,,,,,,
"Hour factor PHS production[M8,H7]",0.000111294,,,,,,,,,,,,,,,,,,,,,,,,,,,,,,,,,,,,,,
"Hour factor PHS production[M8,H8]",0.000166278,,,,,,,,,,,,,,,,,,,,,,,,,,,,,,,,,,,,,,
"Hour factor PHS production[M8,H9]",0.000187496,,,,,,,,,,,,,,,,,,,,,,,,,,,,,,,,,,,,,,
"Hour factor PHS production[M8,H10]",0.000158246,,,,,,,,,,,,,,,,,,,,,,,,,,,,,,,,,,,,,,
"Hour factor PHS production[M8,H11]",0.000128326,,,,,,,,,,,,,,,,,,,,,,,,,,,,,,,,,,,,,,
"Hour factor PHS production[M8,H12]",0.000112582,,,,,,,,,,,,,,,,,,,,,,,,,,,,,,,,,,,,,,
"Hour factor PHS production[M8,H13]",9.20151E-05,,,,,,,,,,,,,,,,,,,,,,,,,,,,,,,,,,,,,,
"Hour factor PHS production[M8,H14]",7.89368E-05,,,,,,,,,,,,,,,,,,,,,,,,,,,,,,,,,,,,,,
"Hour factor PHS production[M8,H15]",7.2555E-05,,,,,,,,,,,,,,,,,,,,,,,,,,,,,,,,,,,,,,
"Hour factor PHS production[M8,H16]",7.35801E-05,,,,,,,,,,,,,,,,,,,,,,,,,,,,,,,,,,,,,,
"Hour factor PHS production[M8,H17]",8.60133E-05,,,,,,,,,,,,,,,,,,,,,,,,,,,,,,,,,,,,,,
"Hour factor PHS production[M8,H18]",0.000130018,,,,,,,,,,,,,,,,,,,,,,,,,,,,,,,,,,,,,,
"Hour factor PHS production[M8,H19]",0.000206288,,,,,,,,,,,,,,,,,,,,,,,,,,,,,,,,,,,,,,
"Hour factor PHS production[M8,H20]",0.000265705,,,,,,,,,,,,,,,,,,,,,,,,,,,,,,,,,,,,,,
"Hour factor PHS production[M8,H21]",0.000272503,,,,,,,,,,,,,,,,,,,,,,,,,,,,,,,,,,,,,,
"Hour factor PHS production[M8,H22]",0.000249756,,,,,,,,,,,,,,,,,,,,,,,,,,,,,,,,,,,,,,
"Hour factor PHS production[M8,H23]",0.000202918,,,,,,,,,,,,,,,,,,,,,,,,,,,,,,,,,,,,,,
"Hour factor PHS production[M8,H24]",0.000151868,,,,,,,,,,,,,,,,,,,,,,,,,,,,,,,,,,,,,,
"Hour factor PHS production[M9,H1]",4.1504E-05,,,,,,,,,,,,,,,,,,,,,,,,,,,,,,,,,,,,,,
"Hour factor PHS production[M9,H2]",3.02796E-05,,,,,,,,,,,,,,,,,,,,,,,,,,,,,,,,,,,,,,
"Hour factor PHS production[M9,H3]",2.55146E-05,,,,,,,,,,,,,,,,,,,,,,,,,,,,,,,,,,,,,,
"Hour factor PHS production[M9,H4]",2.37293E-05,,,,,,,,,,,,,,,,,,,,,,,,,,,,,,,,,,,,,,
"Hour factor PHS production[M9,H5]",2.41407E-05,,,,,,,,,,,,,,,,,,,,,,,,,,,,,,,,,,,,,,
"Hour factor PHS production[M9,H6]",3.89093E-05,,,,,,,,,,,,,,,,,,,,,,,,,,,,,,,,,,,,,,
"Hour factor PHS production[M9,H7]",0.000115121,,,,,,,,,,,,,,,,,,,,,,,,,,,,,,,,,,,,,,
"Hour factor PHS production[M9,H8]",0.000203095,,,,,,,,,,,,,,,,,,,,,,,,,,,,,,,,,,,,,,
"Hour factor PHS production[M9,H9]",0.000221296,,,,,,,,,,,,,,,,,,,,,,,,,,,,,,,,,,,,,,
"Hour factor PHS production[M9,H10]",0.000175478,,,,,,,,,,,,,,,,,,,,,,,,,,,,,,,,,,,,,,
"Hour factor PHS production[M9,H11]",0.000126638,,,,,,,,,,,,,,,,,,,,,,,,,,,,,,,,,,,,,,
"Hour factor PHS production[M9,H12]",0.000104687,,,,,,,,,,,,,,,,,,,,,,,,,,,,,,,,,,,,,,
"Hour factor PHS production[M9,H13]",7.87153E-05,,,,,,,,,,,,,,,,,,,,,,,,,,,,,,,,,,,,,,
"Hour factor PHS production[M9,H14]",6.51754E-05,,,,,,,,,,,,,,,,,,,,,,,,,,,,,,,,,,,,,,
"Hour factor PHS production[M9,H15]",6.10061E-05,,,,,,,,,,,,,,,,,,,,,,,,,,,,,,,,,,,,,,
"Hour factor PHS production[M9,H16]",6.33285E-05,,,,,,,,,,,,,,,,,,,,,,,,,,,,,,,,,,,,,,
"Hour factor PHS production[M9,H17]",8.03866E-05,,,,,,,,,,,,,,,,,,,,,,,,,,,,,,,,,,,,,,
"Hour factor PHS production[M9,H18]",0.000138354,,,,,,,,,,,,,,,,,,,,,,,,,,,,,,,,,,,,,,
"Hour factor PHS production[M9,H19]",0.000226931,,,,,,,,,,,,,,,,,,,,,,,,,,,,,,,,,,,,,,
"Hour factor PHS production[M9,H20]",0.000293374,,,,,,,,,,,,,,,,,,,,,,,,,,,,,,,,,,,,,,
"Hour factor PHS production[M9,H21]",0.000274521,,,,,,,,,,,,,,,,,,,,,,,,,,,,,,,,,,,,,,
"Hour factor PHS production[M9,H22]",0.00017209,,,,,,,,,,,,,,,,,,,,,,,,,,,,,,,,,,,,,,
"Hour factor PHS production[M9,H23]",0.000106831,,,,,,,,,,,,,,,,,,,,,,,,,,,,,,,,,,,,,,
"Hour factor PHS production[M9,H24]",7.1447E-05,,,,,,,,,,,,,,,,,,,,,,,,,,,,,,,,,,,,,,
"Hour factor PHS production[M10,H1]",3.42756E-05,,,,,,,,,,,,,,,,,,,,,,,,,,,,,,,,,,,,,,
"Hour factor PHS production[M10,H2]",2.79354E-05,,,,,,,,,,,,,,,,,,,,,,,,,,,,,,,,,,,,,,
"Hour factor PHS production[M10,H3]",2.48798E-05,,,,,,,,,,,,,,,,,,,,,,,,,,,,,,,,,,,,,,
"Hour factor PHS production[M10,H4]",2.40695E-05,,,,,,,,,,,,,,,,,,,,,,,,,,,,,,,,,,,,,,
"Hour factor PHS production[M10,H5]",2.43435E-05,,,,,,,,,,,,,,,,,,,,,,,,,,,,,,,,,,,,,,
"Hour factor PHS production[M10,H6]",3.52067E-05,,,,,,,,,,,,,,,,,,,,,,,,,,,,,,,,,,,,,,
"Hour factor PHS production[M10,H7]",8.66062E-05,,,,,,,,,,,,,,,,,,,,,,,,,,,,,,,,,,,,,,
"Hour factor PHS production[M10,H8]",0.000180574,,,,,,,,,,,,,,,,,,,,,,,,,,,,,,,,,,,,,,
"Hour factor PHS production[M10,H9]",0.000211406,,,,,,,,,,,,,,,,,,,,,,,,,,,,,,,,,,,,,,
"Hour factor PHS production[M10,H10]",0.000181323,,,,,,,,,,,,,,,,,,,,,,,,,,,,,,,,,,,,,,
"Hour factor PHS production[M10,H11]",0.000131933,,,,,,,,,,,,,,,,,,,,,,,,,,,,,,,,,,,,,,
"Hour factor PHS production[M10,H12]",0.000108347,,,,,,,,,,,,,,,,,,,,,,,,,,,,,,,,,,,,,,
"Hour factor PHS production[M10,H13]",7.99167E-05,,,,,,,,,,,,,,,,,,,,,,,,,,,,,,,,,,,,,,
"Hour factor PHS production[M10,H14]",6.81174E-05,,,,,,,,,,,,,,,,,,,,,,,,,,,,,,,,,,,,,,
"Hour factor PHS production[M10,H15]",6.45798E-05,,,,,,,,,,,,,,,,,,,,,,,,,,,,,,,,,,,,,,
"Hour factor PHS production[M10,H16]",7.76511E-05,,,,,,,,,,,,,,,,,,,,,,,,,,,,,,,,,,,,,,
"Hour factor PHS production[M10,H17]",0.000104763,,,,,,,,,,,,,,,,,,,,,,,,,,,,,,,,,,,,,,
"Hour factor PHS production[M10,H18]",0.000160484,,,,,,,,,,,,,,,,,,,,,,,,,,,,,,,,,,,,,,
"Hour factor PHS production[M10,H19]",0.000238129,,,,,,,,,,,,,,,,,,,,,,,,,,,,,,,,,,,,,,
"Hour factor PHS production[M10,H20]",0.000274301,,,,,,,,,,,,,,,,,,,,,,,,,,,,,,,,,,,,,,
"Hour factor PHS production[M10,H21]",0.000191147,,,,,,,,,,,,,,,,,,,,,,,,,,,,,,,,,,,,,,
"Hour factor PHS production[M10,H22]",9.9207E-05,,,,,,,,,,,,,,,,,,,,,,,,,,,,,,,,,,,,,,
"Hour factor PHS production[M10,H23]",6.66055E-05,,,,,,,,,,,,,,,,,,,,,,,,,,,,,,,,,,,,,,
"Hour factor PHS production[M10,H24]",4.89128E-05,,,,,,,,,,,,,,,,,,,,,,,,,,,,,,,,,,,,,,
"Hour factor PHS production[M11,H1]",2.19755E-05,,,,,,,,,,,,,,,,,,,,,,,,,,,,,,,,,,,,,,
"Hour factor PHS production[M11,H2]",1.69499E-05,,,,,,,,,,,,,,,,,,,,,,,,,,,,,,,,,,,,,,
"Hour factor PHS production[M11,H3]",1.42163E-05,,,,,,,,,,,,,,,,,,,,,,,,,,,,,,,,,,,,,,
"Hour factor PHS production[M11,H4]",1.28441E-05,,,,,,,,,,,,,,,,,,,,,,,,,,,,,,,,,,,,,,
"Hour factor PHS production[M11,H5]",1.39093E-05,,,,,,,,,,,,,,,,,,,,,,,,,,,,,,,,,,,,,,
"Hour factor PHS production[M11,H6]",2.25516E-05,,,,,,,,,,,,,,,,,,,,,,,,,,,,,,,,,,,,,,
"Hour factor PHS production[M11,H7]",7.20074E-05,,,,,,,,,,,,,,,,,,,,,,,,,,,,,,,,,,,,,,
"Hour factor PHS production[M11,H8]",0.000156931,,,,,,,,,,,,,,,,,,,,,,,,,,,,,,,,,,,,,,
"Hour factor PHS production[M11,H9]",0.000185731,,,,,,,,,,,,,,,,,,,,,,,,,,,,,,,,,,,,,,
"Hour factor PHS production[M11,H10]",0.000166779,,,,,,,,,,,,,,,,,,,,,,,,,,,,,,,,,,,,,,
"Hour factor PHS production[M11,H11]",0.000139501,,,,,,,,,,,,,,,,,,,,,,,,,,,,,,,,,,,,,,
"Hour factor PHS production[M11,H12]",0.000127768,,,,,,,,,,,,,,,,,,,,,,,,,,,,,,,,,,,,,,
"Hour factor PHS production[M11,H13]",0.000106585,,,,,,,,,,,,,,,,,,,,,,,,,,,,,,,,,,,,,,
"Hour factor PHS production[M11,H14]",0.000103461,,,,,,,,,,,,,,,,,,,,,,,,,,,,,,,,,,,,,,
"Hour factor PHS production[M11,H15]",0.000119666,,,,,,,,,,,,,,,,,,,,,,,,,,,,,,,,,,,,,,
"Hour factor PHS production[M11,H16]",0.000151516,,,,,,,,,,,,,,,,,,,,,,,,,,,,,,,,,,,,,,
"Hour factor PHS production[M11,H17]",0.000194442,,,,,,,,,,,,,,,,,,,,,,,,,,,,,,,,,,,,,,
"Hour factor PHS production[M11,H18]",0.00025759,,,,,,,,,,,,,,,,,,,,,,,,,,,,,,,,,,,,,,
"Hour factor PHS production[M11,H19]",0.000267259,,,,,,,,,,,,,,,,,,,,,,,,,,,,,,,,,,,,,,
"Hour factor PHS production[M11,H20]",0.00022104,,,,,,,,,,,,,,,,,,,,,,,,,,,,,,,,,,,,,,
"Hour factor PHS production[M11,H21]",0.000137545,,,,,,,,,,,,,,,,,,,,,,,,,,,,,,,,,,,,,,
"Hour factor PHS production[M11,H22]",6.86974E-05,,,,,,,,,,,,,,,,,,,,,,,,,,,,,,,,,,,,,,
"Hour factor PHS production[M11,H23]",4.75668E-05,,,,,,,,,,,,,,,,,,,,,,,,,,,,,,,,,,,,,,
"Hour factor PHS production[M11,H24]",3.21983E-05,,,,,,,,,,,,,,,,,,,,,,,,,,,,,,,,,,,,,,
"Hour factor PHS production[M12,H1]",2.64309E-05,,,,,,,,,,,,,,,,,,,,,,,,,,,,,,,,,,,,,,
"Hour factor PHS production[M12,H2]",2.01058E-05,,,,,,,,,,,,,,,,,,,,,,,,,,,,,,,,,,,,,,
"Hour factor PHS production[M12,H3]",1.76998E-05,,,,,,,,,,,,,,,,,,,,,,,,,,,,,,,,,,,,,,
"Hour factor PHS production[M12,H4]",1.50324E-05,,,,,,,,,,,,,,,,,,,,,,,,,,,,,,,,,,,,,,
"Hour factor PHS production[M12,H5]",1.54236E-05,,,,,,,,,,,,,,,,,,,,,,,,,,,,,,,,,,,,,,
"Hour factor PHS production[M12,H6]",2.3084E-05,,,,,,,,,,,,,,,,,,,,,,,,,,,,,,,,,,,,,,
"Hour factor PHS production[M12,H7]",6.15583E-05,,,,,,,,,,,,,,,,,,,,,,,,,,,,,,,,,,,,,,
"Hour factor PHS production[M12,H8]",0.00014151,,,,,,,,,,,,,,,,,,,,,,,,,,,,,,,,,,,,,,
"Hour factor PHS production[M12,H9]",0.000179791,,,,,,,,,,,,,,,,,,,,,,,,,,,,,,,,,,,,,,
"Hour factor PHS production[M12,H10]",0.000175792,,,,,,,,,,,,,,,,,,,,,,,,,,,,,,,,,,,,,,
"Hour factor PHS production[M12,H11]",0.000153058,,,,,,,,,,,,,,,,,,,,,,,,,,,,,,,,,,,,,,
"Hour factor PHS production[M12,H12]",0.000143028,,,,,,,,,,,,,,,,,,,,,,,,,,,,,,,,,,,,,,
"Hour factor PHS production[M12,H13]",0.000125378,,,,,,,,,,,,,,,,,,,,,,,,,,,,,,,,,,,,,,
"Hour factor PHS production[M12,H14]",0.000117468,,,,,,,,,,,,,,,,,,,,,,,,,,,,,,,,,,,,,,
"Hour factor PHS production[M12,H15]",0.000126113,,,,,,,,,,,,,,,,,,,,,,,,,,,,,,,,,,,,,,
"Hour factor PHS production[M12,H16]",0.00014715,,,,,,,,,,,,,,,,,,,,,,,,,,,,,,,,,,,,,,
"Hour factor PHS production[M12,H17]",0.000180816,,,,,,,,,,,,,,,,,,,,,,,,,,,,,,,,,,,,,,
"Hour factor PHS production[M12,H18]",0.000225131,,,,,,,,,,,,,,,,,,,,,,,,,,,,,,,,,,,,,,
"Hour factor PHS production[M12,H19]",0.000229271,,,,,,,,,,,,,,,,,,,,,,,,,,,,,,,,,,,,,,
"Hour factor PHS production[M12,H20]",0.00019368,,,,,,,,,,,,,,,,,,,,,,,,,,,,,,,,,,,,,,
"Hour factor PHS production[M12,H21]",0.000124836,,,,,,,,,,,,,,,,,,,,,,,,,,,,,,,,,,,,,,
"Hour factor PHS production[M12,H22]",6.96492E-05,,,,,,,,,,,,,,,,,,,,,,,,,,,,,,,,,,,,,,
"Hour factor PHS production[M12,H23]",5.37872E-05,,,,,,,,,,,,,,,,,,,,,,,,,,,,,,,,,,,,,,
"Hour factor PHS production[M12,H24]",3.72043E-05,,,,,,,,,,,,,,,,,,,,,,,,,,,,,,,,,,,,,,
"Hour factor Process Heat[M1,H1]",0.000127123,,,,,,,,,,,,,,,,,,,,,,,,,,,,,,,,,,,,,,
"Hour factor Process Heat[M1,H2]",0.00012789,,,,,,,,,,,,,,,,,,,,,,,,,,,,,,,,,,,,,,
"Hour factor Process Heat[M1,H3]",0.000129753,,,,,,,,,,,,,,,,,,,,,,,,,,,,,,,,,,,,,,
"Hour factor Process Heat[M1,H4]",0.000131288,,,,,,,,,,,,,,,,,,,,,,,,,,,,,,,,,,,,,,
"Hour factor Process Heat[M1,H5]",0.000140603,,,,,,,,,,,,,,,,,,,,,,,,,,,,,,,,,,,,,,
"Hour factor Process Heat[M1,H6]",0.000165808,,,,,,,,,,,,,,,,,,,,,,,,,,,,,,,,,,,,,,
"Hour factor Process Heat[M1,H7]",0.000177753,,,,,,,,,,,,,,,,,,,,,,,,,,,,,,,,,,,,,,
"Hour factor Process Heat[M1,H8]",0.000183671,,,,,,,,,,,,,,,,,,,,,,,,,,,,,,,,,,,,,,
"Hour factor Process Heat[M1,H9]",0.000173699,,,,,,,,,,,,,,,,,,,,,,,,,,,,,,,,,,,,,,
"Hour factor Process Heat[M1,H10]",0.000162521,,,,,,,,,,,,,,,,,,,,,,,,,,,,,,,,,,,,,,
"Hour factor Process Heat[M1,H11]",0.000155726,,,,,,,,,,,,,,,,,,,,,,,,,,,,,,,,,,,,,,
"Hour factor Process Heat[M1,H12]",0.000145753,,,,,,,,,,,,,,,,,,,,,,,,,,,,,,,,,,,,,,
"Hour factor Process Heat[M1,H13]",0.000139945,,,,,,,,,,,,,,,,,,,,,,,,,,,,,,,,,,,,,,
"Hour factor Process Heat[M1,H14]",0.000140712,,,,,,,,,,,,,,,,,,,,,,,,,,,,,,,,,,,,,,
"Hour factor Process Heat[M1,H15]",0.000137863,,,,,,,,,,,,,,,,,,,,,,,,,,,,,,,,,,,,,,
"Hour factor Process Heat[M1,H16]",0.000138301,,,,,,,,,,,,,,,,,,,,,,,,,,,,,,,,,,,,,,
"Hour factor Process Heat[M1,H17]",0.000126466,,,,,,,,,,,,,,,,,,,,,,,,,,,,,,,,,,,,,,
"Hour factor Process Heat[M1,H18]",0.000122959,,,,,,,,,,,,,,,,,,,,,,,,,,,,,,,,,,,,,,
"Hour factor Process Heat[M1,H19]",0.000121973,,,,,,,,,,,,,,,,,,,,,,,,,,,,,,,,,,,,,,
"Hour factor Process Heat[M1,H20]",0.000125041,,,,,,,,,,,,,,,,,,,,,,,,,,,,,,,,,,,,,,
"Hour factor Process Heat[M1,H21]",0.000127014,,,,,,,,,,,,,,,,,,,,,,,,,,,,,,,,,,,,,,
"Hour factor Process Heat[M1,H22]",0.000123726,,,,,,,,,,,,,,,,,,,,,,,,,,,,,,,,,,,,,,
"Hour factor Process Heat[M1,H23]",0.000124274,,,,,,,,,,,,,,,,,,,,,,,,,,,,,,,,,,,,,,
"Hour factor Process Heat[M1,H24]",0.000124164,,,,,,,,,,,,,,,,,,,,,,,,,,,,,,,,,,,,,,
"Hour factor Process Heat[M2,H1]",0.000127123,,,,,,,,,,,,,,,,,,,,,,,,,,,,,,,,,,,,,,
"Hour factor Process Heat[M2,H2]",0.00012789,,,,,,,,,,,,,,,,,,,,,,,,,,,,,,,,,,,,,,
"Hour factor Process Heat[M2,H3]",0.000129753,,,,,,,,,,,,,,,,,,,,,,,,,,,,,,,,,,,,,,
"Hour factor Process Heat[M2,H4]",0.000131288,,,,,,,,,,,,,,,,,,,,,,,,,,,,,,,,,,,,,,
"Hour factor Process Heat[M2,H5]",0.000140603,,,,,,,,,,,,,,,,,,,,,,,,,,,,,,,,,,,,,,
"Hour factor Process Heat[M2,H6]",0.000165808,,,,,,,,,,,,,,,,,,,,,,,,,,,,,,,,,,,,,,
"Hour factor Process Heat[M2,H7]",0.000177753,,,,,,,,,,,,,,,,,,,,,,,,,,,,,,,,,,,,,,
"Hour factor Process Heat[M2,H8]",0.000183671,,,,,,,,,,,,,,,,,,,,,,,,,,,,,,,,,,,,,,
"Hour factor Process Heat[M2,H9]",0.000173699,,,,,,,,,,,,,,,,,,,,,,,,,,,,,,,,,,,,,,
"Hour factor Process Heat[M2,H10]",0.000162521,,,,,,,,,,,,,,,,,,,,,,,,,,,,,,,,,,,,,,
"Hour factor Process Heat[M2,H11]",0.000155726,,,,,,,,,,,,,,,,,,,,,,,,,,,,,,,,,,,,,,
"Hour factor Process Heat[M2,H12]",0.000145753,,,,,,,,,,,,,,,,,,,,,,,,,,,,,,,,,,,,,,
"Hour factor Process Heat[M2,H13]",0.000139945,,,,,,,,,,,,,,,,,,,,,,,,,,,,,,,,,,,,,,
"Hour factor Process Heat[M2,H14]",0.000140712,,,,,,,,,,,,,,,,,,,,,,,,,,,,,,,,,,,,,,
"Hour factor Process Heat[M2,H15]",0.000137863,,,,,,,,,,,,,,,,,,,,,,,,,,,,,,,,,,,,,,
"Hour factor Process Heat[M2,H16]",0.000138301,,,,,,,,,,,,,,,,,,,,,,,,,,,,,,,,,,,,,,
"Hour factor Process Heat[M2,H17]",0.000126466,,,,,,,,,,,,,,,,,,,,,,,,,,,,,,,,,,,,,,
"Hour factor Process Heat[M2,H18]",0.000122959,,,,,,,,,,,,,,,,,,,,,,,,,,,,,,,,,,,,,,
"Hour factor Process Heat[M2,H19]",0.000121973,,,,,,,,,,,,,,,,,,,,,,,,,,,,,,,,,,,,,,
"Hour factor Process Heat[M2,H20]",0.000125041,,,,,,,,,,,,,,,,,,,,,,,,,,,,,,,,,,,,,,
"Hour factor Process Heat[M2,H21]",0.000127014,,,,,,,,,,,,,,,,,,,,,,,,,,,,,,,,,,,,,,
"Hour factor Process Heat[M2,H22]",0.000123726,,,,,,,,,,,,,,,,,,,,,,,,,,,,,,,,,,,,,,
"Hour factor Process Heat[M2,H23]",0.000124274,,,,,,,,,,,,,,,,,,,,,,,,,,,,,,,,,,,,,,
"Hour factor Process Heat[M2,H24]",0.000124164,,,,,,,,,,,,,,,,,,,,,,,,,,,,,,,,,,,,,,
"Hour factor Process Heat[M3,H1]",0.000127123,,,,,,,,,,,,,,,,,,,,,,,,,,,,,,,,,,,,,,
"Hour factor Process Heat[M3,H2]",0.00012789,,,,,,,,,,,,,,,,,,,,,,,,,,,,,,,,,,,,,,
"Hour factor Process Heat[M3,H3]",0.000129753,,,,,,,,,,,,,,,,,,,,,,,,,,,,,,,,,,,,,,
"Hour factor Process Heat[M3,H4]",0.000131288,,,,,,,,,,,,,,,,,,,,,,,,,,,,,,,,,,,,,,
"Hour factor Process Heat[M3,H5]",0.000140603,,,,,,,,,,,,,,,,,,,,,,,,,,,,,,,,,,,,,,
"Hour factor Process Heat[M3,H6]",0.000165808,,,,,,,,,,,,,,,,,,,,,,,,,,,,,,,,,,,,,,
"Hour factor Process Heat[M3,H7]",0.000177753,,,,,,,,,,,,,,,,,,,,,,,,,,,,,,,,,,,,,,
"Hour factor Process Heat[M3,H8]",0.000183671,,,,,,,,,,,,,,,,,,,,,,,,,,,,,,,,,,,,,,
"Hour factor Process Heat[M3,H9]",0.000173699,,,,,,,,,,,,,,,,,,,,,,,,,,,,,,,,,,,,,,
"Hour factor Process Heat[M3,H10]",0.000162521,,,,,,,,,,,,,,,,,,,,,,,,,,,,,,,,,,,,,,
"Hour factor Process Heat[M3,H11]",0.000155726,,,,,,,,,,,,,,,,,,,,,,,,,,,,,,,,,,,,,,
"Hour factor Process Heat[M3,H12]",0.000145753,,,,,,,,,,,,,,,,,,,,,,,,,,,,,,,,,,,,,,
"Hour factor Process Heat[M3,H13]",0.000139945,,,,,,,,,,,,,,,,,,,,,,,,,,,,,,,,,,,,,,
"Hour factor Process Heat[M3,H14]",0.000140712,,,,,,,,,,,,,,,,,,,,,,,,,,,,,,,,,,,,,,
"Hour factor Process Heat[M3,H15]",0.000137863,,,,,,,,,,,,,,,,,,,,,,,,,,,,,,,,,,,,,,
"Hour factor Process Heat[M3,H16]",0.000138301,,,,,,,,,,,,,,,,,,,,,,,,,,,,,,,,,,,,,,
"Hour factor Process Heat[M3,H17]",0.000126466,,,,,,,,,,,,,,,,,,,,,,,,,,,,,,,,,,,,,,
"Hour factor Process Heat[M3,H18]",0.000122959,,,,,,,,,,,,,,,,,,,,,,,,,,,,,,,,,,,,,,
"Hour factor Process Heat[M3,H19]",0.000121973,,,,,,,,,,,,,,,,,,,,,,,,,,,,,,,,,,,,,,
"Hour factor Process Heat[M3,H20]",0.000125041,,,,,,,,,,,,,,,,,,,,,,,,,,,,,,,,,,,,,,
"Hour factor Process Heat[M3,H21]",0.000127014,,,,,,,,,,,,,,,,,,,,,,,,,,,,,,,,,,,,,,
"Hour factor Process Heat[M3,H22]",0.000123726,,,,,,,,,,,,,,,,,,,,,,,,,,,,,,,,,,,,,,
"Hour factor Process Heat[M3,H23]",0.000124274,,,,,,,,,,,,,,,,,,,,,,,,,,,,,,,,,,,,,,
"Hour factor Process Heat[M3,H24]",0.000124164,,,,,,,,,,,,,,,,,,,,,,,,,,,,,,,,,,,,,,
"Hour factor Process Heat[M4,H1]",9.8411E-05,,,,,,,,,,,,,,,,,,,,,,,,,,,,,,,,,,,,,,
"Hour factor Process Heat[M4,H2]",0.000101151,,,,,,,,,,,,,,,,,,,,,,,,,,,,,,,,,,,,,,
"Hour factor Process Heat[M4,H3]",0.00010263,,,,,,,,,,,,,,,,,,,,,,,,,,,,,,,,,,,,,,
"Hour factor Process Heat[M4,H4]",0.000113479,,,,,,,,,,,,,,,,,,,,,,,,,,,,,,,,,,,,,,
"Hour factor Process Heat[M4,H5]",0.000122959,,,,,,,,,,,,,,,,,,,,,,,,,,,,,,,,,,,,,,
"Hour factor Process Heat[M4,H6]",0.000148493,,,,,,,,,,,,,,,,,,,,,,,,,,,,,,,,,,,,,,
"Hour factor Process Heat[M4,H7]",0.000168877,,,,,,,,,,,,,,,,,,,,,,,,,,,,,,,,,,,,,,
"Hour factor Process Heat[M4,H8]",0.000168329,,,,,,,,,,,,,,,,,,,,,,,,,,,,,,,,,,,,,,
"Hour factor Process Heat[M4,H9]",0.000154137,,,,,,,,,,,,,,,,,,,,,,,,,,,,,,,,,,,,,,
"Hour factor Process Heat[M4,H10]",0.000137205,,,,,,,,,,,,,,,,,,,,,,,,,,,,,,,,,,,,,,
"Hour factor Process Heat[M4,H11]",0.000125918,,,,,,,,,,,,,,,,,,,,,,,,,,,,,,,,,,,,,,
"Hour factor Process Heat[M4,H12]",0.000114411,,,,,,,,,,,,,,,,,,,,,,,,,,,,,,,,,,,,,,
"Hour factor Process Heat[M4,H13]",0.000106795,,,,,,,,,,,,,,,,,,,,,,,,,,,,,,,,,,,,,,
"Hour factor Process Heat[M4,H14]",0.000111288,,,,,,,,,,,,,,,,,,,,,,,,,,,,,,,,,,,,,,
"Hour factor Process Heat[M4,H15]",0.000108164,,,,,,,,,,,,,,,,,,,,,,,,,,,,,,,,,,,,,,
"Hour factor Process Heat[M4,H16]",0.000105096,,,,,,,,,,,,,,,,,,,,,,,,,,,,,,,,,,,,,,
"Hour factor Process Heat[M4,H17]",9.48493E-05,,,,,,,,,,,,,,,,,,,,,,,,,,,,,,,,,,,,,,
"Hour factor Process Heat[M4,H18]",8.87123E-05,,,,,,,,,,,,,,,,,,,,,,,,,,,,,,,,,,,,,,
"Hour factor Process Heat[M4,H19]",9.12877E-05,,,,,,,,,,,,,,,,,,,,,,,,,,,,,,,,,,,,,,
"Hour factor Process Heat[M4,H20]",9.34247E-05,,,,,,,,,,,,,,,,,,,,,,,,,,,,,,,,,,,,,,
"Hour factor Process Heat[M4,H21]",9.90137E-05,,,,,,,,,,,,,,,,,,,,,,,,,,,,,,,,,,,,,,
"Hour factor Process Heat[M4,H22]",9.34795E-05,,,,,,,,,,,,,,,,,,,,,,,,,,,,,,,,,,,,,,
"Hour factor Process Heat[M4,H23]",9.30411E-05,,,,,,,,,,,,,,,,,,,,,,,,,,,,,,,,,,,,,,
"Hour factor Process Heat[M4,H24]",9.66575E-05,,,,,,,,,,,,,,,,,,,,,,,,,,,,,,,,,,,,,,
"Hour factor Process Heat[M5,H1]",9.8411E-05,,,,,,,,,,,,,,,,,,,,,,,,,,,,,,,,,,,,,,
"Hour factor Process Heat[M5,H2]",0.000101151,,,,,,,,,,,,,,,,,,,,,,,,,,,,,,,,,,,,,,
"Hour factor Process Heat[M5,H3]",0.00010263,,,,,,,,,,,,,,,,,,,,,,,,,,,,,,,,,,,,,,
"Hour factor Process Heat[M5,H4]",0.000113479,,,,,,,,,,,,,,,,,,,,,,,,,,,,,,,,,,,,,,
"Hour factor Process Heat[M5,H5]",0.000122959,,,,,,,,,,,,,,,,,,,,,,,,,,,,,,,,,,,,,,
"Hour factor Process Heat[M5,H6]",0.000148493,,,,,,,,,,,,,,,,,,,,,,,,,,,,,,,,,,,,,,
"Hour factor Process Heat[M5,H7]",0.000168877,,,,,,,,,,,,,,,,,,,,,,,,,,,,,,,,,,,,,,
"Hour factor Process Heat[M5,H8]",0.000168329,,,,,,,,,,,,,,,,,,,,,,,,,,,,,,,,,,,,,,
"Hour factor Process Heat[M5,H9]",0.000154137,,,,,,,,,,,,,,,,,,,,,,,,,,,,,,,,,,,,,,
"Hour factor Process Heat[M5,H10]",0.000137205,,,,,,,,,,,,,,,,,,,,,,,,,,,,,,,,,,,,,,
"Hour factor Process Heat[M5,H11]",0.000125918,,,,,,,,,,,,,,,,,,,,,,,,,,,,,,,,,,,,,,
"Hour factor Process Heat[M5,H12]",0.000114411,,,,,,,,,,,,,,,,,,,,,,,,,,,,,,,,,,,,,,
"Hour factor Process Heat[M5,H13]",0.000106795,,,,,,,,,,,,,,,,,,,,,,,,,,,,,,,,,,,,,,
"Hour factor Process Heat[M5,H14]",0.000111288,,,,,,,,,,,,,,,,,,,,,,,,,,,,,,,,,,,,,,
"Hour factor Process Heat[M5,H15]",0.000108164,,,,,,,,,,,,,,,,,,,,,,,,,,,,,,,,,,,,,,
"Hour factor Process Heat[M5,H16]",0.000105096,,,,,,,,,,,,,,,,,,,,,,,,,,,,,,,,,,,,,,
"Hour factor Process Heat[M5,H17]",9.48493E-05,,,,,,,,,,,,,,,,,,,,,,,,,,,,,,,,,,,,,,
"Hour factor Process Heat[M5,H18]",8.87123E-05,,,,,,,,,,,,,,,,,,,,,,,,,,,,,,,,,,,,,,
"Hour factor Process Heat[M5,H19]",9.12877E-05,,,,,,,,,,,,,,,,,,,,,,,,,,,,,,,,,,,,,,
"Hour factor Process Heat[M5,H20]",9.34247E-05,,,,,,,,,,,,,,,,,,,,,,,,,,,,,,,,,,,,,,
"Hour factor Process Heat[M5,H21]",9.90137E-05,,,,,,,,,,,,,,,,,,,,,,,,,,,,,,,,,,,,,,
"Hour factor Process Heat[M5,H22]",9.34795E-05,,,,,,,,,,,,,,,,,,,,,,,,,,,,,,,,,,,,,,
"Hour factor Process Heat[M5,H23]",9.30411E-05,,,,,,,,,,,,,,,,,,,,,,,,,,,,,,,,,,,,,,
"Hour factor Process Heat[M5,H24]",9.66575E-05,,,,,,,,,,,,,,,,,,,,,,,,,,,,,,,,,,,,,,
"Hour factor Process Heat[M6,H1]",9.8411E-05,,,,,,,,,,,,,,,,,,,,,,,,,,,,,,,,,,,,,,
"Hour factor Process Heat[M6,H2]",0.000101151,,,,,,,,,,,,,,,,,,,,,,,,,,,,,,,,,,,,,,
"Hour factor Process Heat[M6,H3]",0.00010263,,,,,,,,,,,,,,,,,,,,,,,,,,,,,,,,,,,,,,
"Hour factor Process Heat[M6,H4]",0.000113479,,,,,,,,,,,,,,,,,,,,,,,,,,,,,,,,,,,,,,
"Hour factor Process Heat[M6,H5]",0.000122959,,,,,,,,,,,,,,,,,,,,,,,,,,,,,,,,,,,,,,
"Hour factor Process Heat[M6,H6]",0.000148493,,,,,,,,,,,,,,,,,,,,,,,,,,,,,,,,,,,,,,
"Hour factor Process Heat[M6,H7]",0.000168877,,,,,,,,,,,,,,,,,,,,,,,,,,,,,,,,,,,,,,
"Hour factor Process Heat[M6,H8]",0.000168329,,,,,,,,,,,,,,,,,,,,,,,,,,,,,,,,,,,,,,
"Hour factor Process Heat[M6,H9]",0.000154137,,,,,,,,,,,,,,,,,,,,,,,,,,,,,,,,,,,,,,
"Hour factor Process Heat[M6,H10]",0.000137205,,,,,,,,,,,,,,,,,,,,,,,,,,,,,,,,,,,,,,
"Hour factor Process Heat[M6,H11]",0.000125918,,,,,,,,,,,,,,,,,,,,,,,,,,,,,,,,,,,,,,
"Hour factor Process Heat[M6,H12]",0.000114411,,,,,,,,,,,,,,,,,,,,,,,,,,,,,,,,,,,,,,
"Hour factor Process Heat[M6,H13]",0.000106795,,,,,,,,,,,,,,,,,,,,,,,,,,,,,,,,,,,,,,
"Hour factor Process Heat[M6,H14]",0.000111288,,,,,,,,,,,,,,,,,,,,,,,,,,,,,,,,,,,,,,
"Hour factor Process Heat[M6,H15]",0.000108164,,,,,,,,,,,,,,,,,,,,,,,,,,,,,,,,,,,,,,
"Hour factor Process Heat[M6,H16]",0.000105096,,,,,,,,,,,,,,,,,,,,,,,,,,,,,,,,,,,,,,
"Hour factor Process Heat[M6,H17]",9.48493E-05,,,,,,,,,,,,,,,,,,,,,,,,,,,,,,,,,,,,,,
"Hour factor Process Heat[M6,H18]",8.87123E-05,,,,,,,,,,,,,,,,,,,,,,,,,,,,,,,,,,,,,,
"Hour factor Process Heat[M6,H19]",9.12877E-05,,,,,,,,,,,,,,,,,,,,,,,,,,,,,,,,,,,,,,
"Hour factor Process Heat[M6,H20]",9.34247E-05,,,,,,,,,,,,,,,,,,,,,,,,,,,,,,,,,,,,,,
"Hour factor Process Heat[M6,H21]",9.90137E-05,,,,,,,,,,,,,,,,,,,,,,,,,,,,,,,,,,,,,,
"Hour factor Process Heat[M6,H22]",9.34795E-05,,,,,,,,,,,,,,,,,,,,,,,,,,,,,,,,,,,,,,
"Hour factor Process Heat[M6,H23]",9.30411E-05,,,,,,,,,,,,,,,,,,,,,,,,,,,,,,,,,,,,,,
"Hour factor Process Heat[M6,H24]",9.66575E-05,,,,,,,,,,,,,,,,,,,,,,,,,,,,,,,,,,,,,,
"Hour factor Process Heat[M7,H1]",8.62466E-05,,,,,,,,,,,,,,,,,,,,,,,,,,,,,,,,,,,,,,
"Hour factor Process Heat[M7,H2]",8.25205E-05,,,,,,,,,,,,,,,,,,,,,,,,,,,,,,,,,,,,,,
"Hour factor Process Heat[M7,H3]",8.83288E-05,,,,,,,,,,,,,,,,,,,,,,,,,,,,,,,,,,,,,,
"Hour factor Process Heat[M7,H4]",0.000100493,,,,,,,,,,,,,,,,,,,,,,,,,,,,,,,,,,,,,,
"Hour factor Process Heat[M7,H5]",0.000104548,,,,,,,,,,,,,,,,,,,,,,,,,,,,,,,,,,,,,,
"Hour factor Process Heat[M7,H6]",0.000120329,,,,,,,,,,,,,,,,,,,,,,,,,,,,,,,,,,,,,,
"Hour factor Process Heat[M7,H7]",0.000149918,,,,,,,,,,,,,,,,,,,,,,,,,,,,,,,,,,,,,,
"Hour factor Process Heat[M7,H8]",0.000130521,,,,,,,,,,,,,,,,,,,,,,,,,,,,,,,,,,,,,,
"Hour factor Process Heat[M7,H9]",0.00011989,,,,,,,,,,,,,,,,,,,,,,,,,,,,,,,,,,,,,,
"Hour factor Process Heat[M7,H10]",0.000107726,,,,,,,,,,,,,,,,,,,,,,,,,,,,,,,,,,,,,,
"Hour factor Process Heat[M7,H11]",0.000102247,,,,,,,,,,,,,,,,,,,,,,,,,,,,,,,,,,,,,,
"Hour factor Process Heat[M7,H12]",8.16438E-05,,,,,,,,,,,,,,,,,,,,,,,,,,,,,,,,,,,,,,
"Hour factor Process Heat[M7,H13]",7.12329E-05,,,,,,,,,,,,,,,,,,,,,,,,,,,,,,,,,,,,,,
"Hour factor Process Heat[M7,H14]",7.6274E-05,,,,,,,,,,,,,,,,,,,,,,,,,,,,,,,,,,,,,,
"Hour factor Process Heat[M7,H15]",7.07945E-05,,,,,,,,,,,,,,,,,,,,,,,,,,,,,,,,,,,,,,
"Hour factor Process Heat[M7,H16]",7.35342E-05,,,,,,,,,,,,,,,,,,,,,,,,,,,,,,,,,,,,,,
"Hour factor Process Heat[M7,H17]",6.12603E-05,,,,,,,,,,,,,,,,,,,,,,,,,,,,,,,,,,,,,,
"Hour factor Process Heat[M7,H18]",5.96164E-05,,,,,,,,,,,,,,,,,,,,,,,,,,,,,,,,,,,,,,
"Hour factor Process Heat[M7,H19]",6.26849E-05,,,,,,,,,,,,,,,,,,,,,,,,,,,,,,,,,,,,,,
"Hour factor Process Heat[M7,H20]",6.54247E-05,,,,,,,,,,,,,,,,,,,,,,,,,,,,,,,,,,,,,,
"Hour factor Process Heat[M7,H21]",7.23288E-05,,,,,,,,,,,,,,,,,,,,,,,,,,,,,,,,,,,,,,
"Hour factor Process Heat[M7,H22]",7.13425E-05,,,,,,,,,,,,,,,,,,,,,,,,,,,,,,,,,,,,,,
"Hour factor Process Heat[M7,H23]",6.89315E-05,,,,,,,,,,,,,,,,,,,,,,,,,,,,,,,,,,,,,,
"Hour factor Process Heat[M7,H24]",8.14247E-05,,,,,,,,,,,,,,,,,,,,,,,,,,,,,,,,,,,,,,
"Hour factor Process Heat[M8,H1]",8.62466E-05,,,,,,,,,,,,,,,,,,,,,,,,,,,,,,,,,,,,,,
"Hour factor Process Heat[M8,H2]",8.25205E-05,,,,,,,,,,,,,,,,,,,,,,,,,,,,,,,,,,,,,,
"Hour factor Process Heat[M8,H3]",8.83288E-05,,,,,,,,,,,,,,,,,,,,,,,,,,,,,,,,,,,,,,
"Hour factor Process Heat[M8,H4]",0.000100493,,,,,,,,,,,,,,,,,,,,,,,,,,,,,,,,,,,,,,
"Hour factor Process Heat[M8,H5]",0.000104548,,,,,,,,,,,,,,,,,,,,,,,,,,,,,,,,,,,,,,
"Hour factor Process Heat[M8,H6]",0.000120329,,,,,,,,,,,,,,,,,,,,,,,,,,,,,,,,,,,,,,
"Hour factor Process Heat[M8,H7]",0.000149918,,,,,,,,,,,,,,,,,,,,,,,,,,,,,,,,,,,,,,
"Hour factor Process Heat[M8,H8]",0.000130521,,,,,,,,,,,,,,,,,,,,,,,,,,,,,,,,,,,,,,
"Hour factor Process Heat[M8,H9]",0.00011989,,,,,,,,,,,,,,,,,,,,,,,,,,,,,,,,,,,,,,
"Hour factor Process Heat[M8,H10]",0.000107726,,,,,,,,,,,,,,,,,,,,,,,,,,,,,,,,,,,,,,
"Hour factor Process Heat[M8,H11]",0.000102247,,,,,,,,,,,,,,,,,,,,,,,,,,,,,,,,,,,,,,
"Hour factor Process Heat[M8,H12]",8.16438E-05,,,,,,,,,,,,,,,,,,,,,,,,,,,,,,,,,,,,,,
"Hour factor Process Heat[M8,H13]",7.12329E-05,,,,,,,,,,,,,,,,,,,,,,,,,,,,,,,,,,,,,,
"Hour factor Process Heat[M8,H14]",7.6274E-05,,,,,,,,,,,,,,,,,,,,,,,,,,,,,,,,,,,,,,
"Hour factor Process Heat[M8,H15]",7.07945E-05,,,,,,,,,,,,,,,,,,,,,,,,,,,,,,,,,,,,,,
"Hour factor Process Heat[M8,H16]",7.35342E-05,,,,,,,,,,,,,,,,,,,,,,,,,,,,,,,,,,,,,,
"Hour factor Process Heat[M8,H17]",6.12603E-05,,,,,,,,,,,,,,,,,,,,,,,,,,,,,,,,,,,,,,
"Hour factor Process Heat[M8,H18]",5.96164E-05,,,,,,,,,,,,,,,,,,,,,,,,,,,,,,,,,,,,,,
"Hour factor Process Heat[M8,H19]",6.26849E-05,,,,,,,,,,,,,,,,,,,,,,,,,,,,,,,,,,,,,,
"Hour factor Process Heat[M8,H20]",6.54247E-05,,,,,,,,,,,,,,,,,,,,,,,,,,,,,,,,,,,,,,
"Hour factor Process Heat[M8,H21]",7.23288E-05,,,,,,,,,,,,,,,,,,,,,,,,,,,,,,,,,,,,,,
"Hour factor Process Heat[M8,H22]",7.13425E-05,,,,,,,,,,,,,,,,,,,,,,,,,,,,,,,,,,,,,,
"Hour factor Process Heat[M8,H23]",6.89315E-05,,,,,,,,,,,,,,,,,,,,,,,,,,,,,,,,,,,,,,
"Hour factor Process Heat[M8,H24]",8.14247E-05,,,,,,,,,,,,,,,,,,,,,,,,,,,,,,,,,,,,,,
"Hour factor Process Heat[M9,H1]",8.62466E-05,,,,,,,,,,,,,,,,,,,,,,,,,,,,,,,,,,,,,,
"Hour factor Process Heat[M9,H2]",8.25205E-05,,,,,,,,,,,,,,,,,,,,,,,,,,,,,,,,,,,,,,
"Hour factor Process Heat[M9,H3]",8.83288E-05,,,,,,,,,,,,,,,,,,,,,,,,,,,,,,,,,,,,,,
"Hour factor Process Heat[M9,H4]",0.000100493,,,,,,,,,,,,,,,,,,,,,,,,,,,,,,,,,,,,,,
"Hour factor Process Heat[M9,H5]",0.000104548,,,,,,,,,,,,,,,,,,,,,,,,,,,,,,,,,,,,,,
"Hour factor Process Heat[M9,H6]",0.000120329,,,,,,,,,,,,,,,,,,,,,,,,,,,,,,,,,,,,,,
"Hour factor Process Heat[M9,H7]",0.000149918,,,,,,,,,,,,,,,,,,,,,,,,,,,,,,,,,,,,,,
"Hour factor Process Heat[M9,H8]",0.000130521,,,,,,,,,,,,,,,,,,,,,,,,,,,,,,,,,,,,,,
"Hour factor Process Heat[M9,H9]",0.00011989,,,,,,,,,,,,,,,,,,,,,,,,,,,,,,,,,,,,,,
"Hour factor Process Heat[M9,H10]",0.000107726,,,,,,,,,,,,,,,,,,,,,,,,,,,,,,,,,,,,,,
"Hour factor Process Heat[M9,H11]",0.000102247,,,,,,,,,,,,,,,,,,,,,,,,,,,,,,,,,,,,,,
"Hour factor Process Heat[M9,H12]",8.16438E-05,,,,,,,,,,,,,,,,,,,,,,,,,,,,,,,,,,,,,,
"Hour factor Process Heat[M9,H13]",7.12329E-05,,,,,,,,,,,,,,,,,,,,,,,,,,,,,,,,,,,,,,
"Hour factor Process Heat[M9,H14]",7.6274E-05,,,,,,,,,,,,,,,,,,,,,,,,,,,,,,,,,,,,,,
"Hour factor Process Heat[M9,H15]",7.07945E-05,,,,,,,,,,,,,,,,,,,,,,,,,,,,,,,,,,,,,,
"Hour factor Process Heat[M9,H16]",7.35342E-05,,,,,,,,,,,,,,,,,,,,,,,,,,,,,,,,,,,,,,
"Hour factor Process Heat[M9,H17]",6.12603E-05,,,,,,,,,,,,,,,,,,,,,,,,,,,,,,,,,,,,,,
"Hour factor Process Heat[M9,H18]",5.96164E-05,,,,,,,,,,,,,,,,,,,,,,,,,,,,,,,,,,,,,,
"Hour factor Process Heat[M9,H19]",6.26849E-05,,,,,,,,,,,,,,,,,,,,,,,,,,,,,,,,,,,,,,
"Hour factor Process Heat[M9,H20]",6.54247E-05,,,,,,,,,,,,,,,,,,,,,,,,,,,,,,,,,,,,,,
"Hour factor Process Heat[M9,H21]",7.23288E-05,,,,,,,,,,,,,,,,,,,,,,,,,,,,,,,,,,,,,,
"Hour factor Process Heat[M9,H22]",7.13425E-05,,,,,,,,,,,,,,,,,,,,,,,,,,,,,,,,,,,,,,
"Hour factor Process Heat[M9,H23]",6.89315E-05,,,,,,,,,,,,,,,,,,,,,,,,,,,,,,,,,,,,,,
"Hour factor Process Heat[M9,H24]",8.14247E-05,,,,,,,,,,,,,,,,,,,,,,,,,,,,,,,,,,,,,,
"Hour factor Process Heat[M10,H1]",9.8411E-05,,,,,,,,,,,,,,,,,,,,,,,,,,,,,,,,,,,,,,
"Hour factor Process Heat[M10,H2]",0.000101151,,,,,,,,,,,,,,,,,,,,,,,,,,,,,,,,,,,,,,
"Hour factor Process Heat[M10,H3]",0.00010263,,,,,,,,,,,,,,,,,,,,,,,,,,,,,,,,,,,,,,
"Hour factor Process Heat[M10,H4]",0.000113479,,,,,,,,,,,,,,,,,,,,,,,,,,,,,,,,,,,,,,
"Hour factor Process Heat[M10,H5]",0.000122959,,,,,,,,,,,,,,,,,,,,,,,,,,,,,,,,,,,,,,
"Hour factor Process Heat[M10,H6]",0.000148493,,,,,,,,,,,,,,,,,,,,,,,,,,,,,,,,,,,,,,
"Hour factor Process Heat[M10,H7]",0.000168877,,,,,,,,,,,,,,,,,,,,,,,,,,,,,,,,,,,,,,
"Hour factor Process Heat[M10,H8]",0.000168329,,,,,,,,,,,,,,,,,,,,,,,,,,,,,,,,,,,,,,
"Hour factor Process Heat[M10,H9]",0.000154137,,,,,,,,,,,,,,,,,,,,,,,,,,,,,,,,,,,,,,
"Hour factor Process Heat[M10,H10]",0.000137205,,,,,,,,,,,,,,,,,,,,,,,,,,,,,,,,,,,,,,
"Hour factor Process Heat[M10,H11]",0.000125918,,,,,,,,,,,,,,,,,,,,,,,,,,,,,,,,,,,,,,
"Hour factor Process Heat[M10,H12]",0.000114411,,,,,,,,,,,,,,,,,,,,,,,,,,,,,,,,,,,,,,
"Hour factor Process Heat[M10,H13]",0.000106795,,,,,,,,,,,,,,,,,,,,,,,,,,,,,,,,,,,,,,
"Hour factor Process Heat[M10,H14]",0.000111288,,,,,,,,,,,,,,,,,,,,,,,,,,,,,,,,,,,,,,
"Hour factor Process Heat[M10,H15]",0.000108164,,,,,,,,,,,,,,,,,,,,,,,,,,,,,,,,,,,,,,
"Hour factor Process Heat[M10,H16]",0.000105096,,,,,,,,,,,,,,,,,,,,,,,,,,,,,,,,,,,,,,
"Hour factor Process Heat[M10,H17]",9.48493E-05,,,,,,,,,,,,,,,,,,,,,,,,,,,,,,,,,,,,,,
"Hour factor Process Heat[M10,H18]",8.87123E-05,,,,,,,,,,,,,,,,,,,,,,,,,,,,,,,,,,,,,,
"Hour factor Process Heat[M10,H19]",9.12877E-05,,,,,,,,,,,,,,,,,,,,,,,,,,,,,,,,,,,,,,
"Hour factor Process Heat[M10,H20]",9.34247E-05,,,,,,,,,,,,,,,,,,,,,,,,,,,,,,,,,,,,,,
"Hour factor Process Heat[M10,H21]",9.90137E-05,,,,,,,,,,,,,,,,,,,,,,,,,,,,,,,,,,,,,,
"Hour factor Process Heat[M10,H22]",9.34795E-05,,,,,,,,,,,,,,,,,,,,,,,,,,,,,,,,,,,,,,
"Hour factor Process Heat[M10,H23]",9.30411E-05,,,,,,,,,,,,,,,,,,,,,,,,,,,,,,,,,,,,,,
"Hour factor Process Heat[M10,H24]",9.66575E-05,,,,,,,,,,,,,,,,,,,,,,,,,,,,,,,,,,,,,,
"Hour factor Process Heat[M11,H1]",9.8411E-05,,,,,,,,,,,,,,,,,,,,,,,,,,,,,,,,,,,,,,
"Hour factor Process Heat[M11,H2]",0.000101151,,,,,,,,,,,,,,,,,,,,,,,,,,,,,,,,,,,,,,
"Hour factor Process Heat[M11,H3]",0.00010263,,,,,,,,,,,,,,,,,,,,,,,,,,,,,,,,,,,,,,
"Hour factor Process Heat[M11,H4]",0.000113479,,,,,,,,,,,,,,,,,,,,,,,,,,,,,,,,,,,,,,
"Hour factor Process Heat[M11,H5]",0.000122959,,,,,,,,,,,,,,,,,,,,,,,,,,,,,,,,,,,,,,
"Hour factor Process Heat[M11,H6]",0.000148493,,,,,,,,,,,,,,,,,,,,,,,,,,,,,,,,,,,,,,
"Hour factor Process Heat[M11,H7]",0.000168877,,,,,,,,,,,,,,,,,,,,,,,,,,,,,,,,,,,,,,
"Hour factor Process Heat[M11,H8]",0.000168329,,,,,,,,,,,,,,,,,,,,,,,,,,,,,,,,,,,,,,
"Hour factor Process Heat[M11,H9]",0.000154137,,,,,,,,,,,,,,,,,,,,,,,,,,,,,,,,,,,,,,
"Hour factor Process Heat[M11,H10]",0.000137205,,,,,,,,,,,,,,,,,,,,,,,,,,,,,,,,,,,,,,
"Hour factor Process Heat[M11,H11]",0.000125918,,,,,,,,,,,,,,,,,,,,,,,,,,,,,,,,,,,,,,
"Hour factor Process Heat[M11,H12]",0.000114411,,,,,,,,,,,,,,,,,,,,,,,,,,,,,,,,,,,,,,
"Hour factor Process Heat[M11,H13]",0.000106795,,,,,,,,,,,,,,,,,,,,,,,,,,,,,,,,,,,,,,
"Hour factor Process Heat[M11,H14]",0.000111288,,,,,,,,,,,,,,,,,,,,,,,,,,,,,,,,,,,,,,
"Hour factor Process Heat[M11,H15]",0.000108164,,,,,,,,,,,,,,,,,,,,,,,,,,,,,,,,,,,,,,
"Hour factor Process Heat[M11,H16]",0.000105096,,,,,,,,,,,,,,,,,,,,,,,,,,,,,,,,,,,,,,
"Hour factor Process Heat[M11,H17]",9.48493E-05,,,,,,,,,,,,,,,,,,,,,,,,,,,,,,,,,,,,,,
"Hour factor Process Heat[M11,H18]",8.87123E-05,,,,,,,,,,,,,,,,,,,,,,,,,,,,,,,,,,,,,,
"Hour factor Process Heat[M11,H19]",9.12877E-05,,,,,,,,,,,,,,,,,,,,,,,,,,,,,,,,,,,,,,
"Hour factor Process Heat[M11,H20]",9.34247E-05,,,,,,,,,,,,,,,,,,,,,,,,,,,,,,,,,,,,,,
"Hour factor Process Heat[M11,H21]",9.90137E-05,,,,,,,,,,,,,,,,,,,,,,,,,,,,,,,,,,,,,,
"Hour factor Process Heat[M11,H22]",9.34795E-05,,,,,,,,,,,,,,,,,,,,,,,,,,,,,,,,,,,,,,
"Hour factor Process Heat[M11,H23]",9.30411E-05,,,,,,,,,,,,,,,,,,,,,,,,,,,,,,,,,,,,,,
"Hour factor Process Heat[M11,H24]",9.66575E-05,,,,,,,,,,,,,,,,,,,,,,,,,,,,,,,,,,,,,,
"Hour factor Process Heat[M12,H1]",9.8411E-05,,,,,,,,,,,,,,,,,,,,,,,,,,,,,,,,,,,,,,
"Hour factor Process Heat[M12,H2]",0.000101151,,,,,,,,,,,,,,,,,,,,,,,,,,,,,,,,,,,,,,
"Hour factor Process Heat[M12,H3]",0.00010263,,,,,,,,,,,,,,,,,,,,,,,,,,,,,,,,,,,,,,
"Hour factor Process Heat[M12,H4]",0.000113479,,,,,,,,,,,,,,,,,,,,,,,,,,,,,,,,,,,,,,
"Hour factor Process Heat[M12,H5]",0.000122959,,,,,,,,,,,,,,,,,,,,,,,,,,,,,,,,,,,,,,
"Hour factor Process Heat[M12,H6]",0.000148493,,,,,,,,,,,,,,,,,,,,,,,,,,,,,,,,,,,,,,
"Hour factor Process Heat[M12,H7]",0.000168877,,,,,,,,,,,,,,,,,,,,,,,,,,,,,,,,,,,,,,
"Hour factor Process Heat[M12,H8]",0.000168329,,,,,,,,,,,,,,,,,,,,,,,,,,,,,,,,,,,,,,
"Hour factor Process Heat[M12,H9]",0.000154137,,,,,,,,,,,,,,,,,,,,,,,,,,,,,,,,,,,,,,
"Hour factor Process Heat[M12,H10]",0.000137205,,,,,,,,,,,,,,,,,,,,,,,,,,,,,,,,,,,,,,
"Hour factor Process Heat[M12,H11]",0.000125918,,,,,,,,,,,,,,,,,,,,,,,,,,,,,,,,,,,,,,
"Hour factor Process Heat[M12,H12]",0.000114411,,,,,,,,,,,,,,,,,,,,,,,,,,,,,,,,,,,,,,
"Hour factor Process Heat[M12,H13]",0.000106795,,,,,,,,,,,,,,,,,,,,,,,,,,,,,,,,,,,,,,
"Hour factor Process Heat[M12,H14]",0.000111288,,,,,,,,,,,,,,,,,,,,,,,,,,,,,,,,,,,,,,
"Hour factor Process Heat[M12,H15]",0.000108164,,,,,,,,,,,,,,,,,,,,,,,,,,,,,,,,,,,,,,
"Hour factor Process Heat[M12,H16]",0.000105096,,,,,,,,,,,,,,,,,,,,,,,,,,,,,,,,,,,,,,
"Hour factor Process Heat[M12,H17]",9.48493E-05,,,,,,,,,,,,,,,,,,,,,,,,,,,,,,,,,,,,,,
"Hour factor Process Heat[M12,H18]",8.87123E-05,,,,,,,,,,,,,,,,,,,,,,,,,,,,,,,,,,,,,,
"Hour factor Process Heat[M12,H19]",9.12877E-05,,,,,,,,,,,,,,,,,,,,,,,,,,,,,,,,,,,,,,
"Hour factor Process Heat[M12,H20]",9.34247E-05,,,,,,,,,,,,,,,,,,,,,,,,,,,,,,,,,,,,,,
"Hour factor Process Heat[M12,H21]",9.90137E-05,,,,,,,,,,,,,,,,,,,,,,,,,,,,,,,,,,,,,,
"Hour factor Process Heat[M12,H22]",9.34795E-05,,,,,,,,,,,,,,,,,,,,,,,,,,,,,,,,,,,,,,
"Hour factor Process Heat[M12,H23]",9.30411E-05,,,,,,,,,,,,,,,,,,,,,,,,,,,,,,,,,,,,,,
"Hour factor Process Heat[M12,H24]",9.66575E-05,,,,,,,,,,,,,,,,,,,,,,,,,,,,,,,,,,,,,,
"Hour factor PV[M1,H1]",0,,,,,,,,,,,,,,,,,,,,,,,,,,,,,,,,,,,,,,
"Hour factor PV[M1,H2]",0,,,,,,,,,,,,,,,,,,,,,,,,,,,,,,,,,,,,,,
"Hour factor PV[M1,H3]",0,,,,,,,,,,,,,,,,,,,,,,,,,,,,,,,,,,,,,,
"Hour factor PV[M1,H4]",0,,,,,,,,,,,,,,,,,,,,,,,,,,,,,,,,,,,,,,
"Hour factor PV[M1,H5]",0,,,,,,,,,,,,,,,,,,,,,,,,,,,,,,,,,,,,,,
"Hour factor PV[M1,H6]",0,,,,,,,,,,,,,,,,,,,,,,,,,,,,,,,,,,,,,,
"Hour factor PV[M1,H7]",0,,,,,,,,,,,,,,,,,,,,,,,,,,,,,,,,,,,,,,
"Hour factor PV[M1,H8]",0,,,,,,,,,,,,,,,,,,,,,,,,,,,,,,,,,,,,,,
"Hour factor PV[M1,H9]",2.26918E-05,,,,,,,,,,,,,,,,,,,,,,,,,,,,,,,,,,,,,,
"Hour factor PV[M1,H10]",0.000126306,,,,,,,,,,,,,,,,,,,,,,,,,,,,,,,,,,,,,,
"Hour factor PV[M1,H11]",0.000152375,,,,,,,,,,,,,,,,,,,,,,,,,,,,,,,,,,,,,,
"Hour factor PV[M1,H12]",0.000180524,,,,,,,,,,,,,,,,,,,,,,,,,,,,,,,,,,,,,,
"Hour factor PV[M1,H13]",0.000190628,,,,,,,,,,,,,,,,,,,,,,,,,,,,,,,,,,,,,,
"Hour factor PV[M1,H14]",0.000165829,,,,,,,,,,,,,,,,,,,,,,,,,,,,,,,,,,,,,,
"Hour factor PV[M1,H15]",0.000109879,,,,,,,,,,,,,,,,,,,,,,,,,,,,,,,,,,,,,,
"Hour factor PV[M1,H16]",2.50302E-05,,,,,,,,,,,,,,,,,,,,,,,,,,,,,,,,,,,,,,
"Hour factor PV[M1,H17]",0,,,,,,,,,,,,,,,,,,,,,,,,,,,,,,,,,,,,,,
"Hour factor PV[M1,H18]",0,,,,,,,,,,,,,,,,,,,,,,,,,,,,,,,,,,,,,,
"Hour factor PV[M1,H19]",0,,,,,,,,,,,,,,,,,,,,,,,,,,,,,,,,,,,,,,
"Hour factor PV[M1,H20]",0,,,,,,,,,,,,,,,,,,,,,,,,,,,,,,,,,,,,,,
"Hour factor PV[M1,H21]",0,,,,,,,,,,,,,,,,,,,,,,,,,,,,,,,,,,,,,,
"Hour factor PV[M1,H22]",0,,,,,,,,,,,,,,,,,,,,,,,,,,,,,,,,,,,,,,
"Hour factor PV[M1,H23]",0,,,,,,,,,,,,,,,,,,,,,,,,,,,,,,,,,,,,,,
"Hour factor PV[M1,H24]",0,,,,,,,,,,,,,,,,,,,,,,,,,,,,,,,,,,,,,,
"Hour factor PV[M2,H1]",0,,,,,,,,,,,,,,,,,,,,,,,,,,,,,,,,,,,,,,
"Hour factor PV[M2,H2]",0,,,,,,,,,,,,,,,,,,,,,,,,,,,,,,,,,,,,,,
"Hour factor PV[M2,H3]",0,,,,,,,,,,,,,,,,,,,,,,,,,,,,,,,,,,,,,,
"Hour factor PV[M2,H4]",0,,,,,,,,,,,,,,,,,,,,,,,,,,,,,,,,,,,,,,
"Hour factor PV[M2,H5]",0,,,,,,,,,,,,,,,,,,,,,,,,,,,,,,,,,,,,,,
"Hour factor PV[M2,H6]",0,,,,,,,,,,,,,,,,,,,,,,,,,,,,,,,,,,,,,,
"Hour factor PV[M2,H7]",0,,,,,,,,,,,,,,,,,,,,,,,,,,,,,,,,,,,,,,
"Hour factor PV[M2,H8]",1.24017E-05,,,,,,,,,,,,,,,,,,,,,,,,,,,,,,,,,,,,,,
"Hour factor PV[M2,H9]",0.000116154,,,,,,,,,,,,,,,,,,,,,,,,,,,,,,,,,,,,,,
"Hour factor PV[M2,H10]",0.000184076,,,,,,,,,,,,,,,,,,,,,,,,,,,,,,,,,,,,,,
"Hour factor PV[M2,H11]",0.000218468,,,,,,,,,,,,,,,,,,,,,,,,,,,,,,,,,,,,,,
"Hour factor PV[M2,H12]",0.000235345,,,,,,,,,,,,,,,,,,,,,,,,,,,,,,,,,,,,,,
"Hour factor PV[M2,H13]",0.000246819,,,,,,,,,,,,,,,,,,,,,,,,,,,,,,,,,,,,,,
"Hour factor PV[M2,H14]",0.000222687,,,,,,,,,,,,,,,,,,,,,,,,,,,,,,,,,,,,,,
"Hour factor PV[M2,H15]",0.000180975,,,,,,,,,,,,,,,,,,,,,,,,,,,,,,,,,,,,,,
"Hour factor PV[M2,H16]",0.000117944,,,,,,,,,,,,,,,,,,,,,,,,,,,,,,,,,,,,,,
"Hour factor PV[M2,H17]",1.45752E-05,,,,,,,,,,,,,,,,,,,,,,,,,,,,,,,,,,,,,,
"Hour factor PV[M2,H18]",0,,,,,,,,,,,,,,,,,,,,,,,,,,,,,,,,,,,,,,
"Hour factor PV[M2,H19]",0,,,,,,,,,,,,,,,,,,,,,,,,,,,,,,,,,,,,,,
"Hour factor PV[M2,H20]",0,,,,,,,,,,,,,,,,,,,,,,,,,,,,,,,,,,,,,,
"Hour factor PV[M2,H21]",0,,,,,,,,,,,,,,,,,,,,,,,,,,,,,,,,,,,,,,
"Hour factor PV[M2,H22]",0,,,,,,,,,,,,,,,,,,,,,,,,,,,,,,,,,,,,,,
"Hour factor PV[M2,H23]",0,,,,,,,,,,,,,,,,,,,,,,,,,,,,,,,,,,,,,,
"Hour factor PV[M2,H24]",0,,,,,,,,,,,,,,,,,,,,,,,,,,,,,,,,,,,,,,
"Hour factor PV[M3,H1]",0,,,,,,,,,,,,,,,,,,,,,,,,,,,,,,,,,,,,,,
"Hour factor PV[M3,H2]",0,,,,,,,,,,,,,,,,,,,,,,,,,,,,,,,,,,,,,,
"Hour factor PV[M3,H3]",0,,,,,,,,,,,,,,,,,,,,,,,,,,,,,,,,,,,,,,
"Hour factor PV[M3,H4]",0,,,,,,,,,,,,,,,,,,,,,,,,,,,,,,,,,,,,,,
"Hour factor PV[M3,H5]",0,,,,,,,,,,,,,,,,,,,,,,,,,,,,,,,,,,,,,,
"Hour factor PV[M3,H6]",0,,,,,,,,,,,,,,,,,,,,,,,,,,,,,,,,,,,,,,
"Hour factor PV[M3,H7]",1.12304E-05,,,,,,,,,,,,,,,,,,,,,,,,,,,,,,,,,,,,,,
"Hour factor PV[M3,H8]",0.000141925,,,,,,,,,,,,,,,,,,,,,,,,,,,,,,,,,,,,,,
"Hour factor PV[M3,H9]",0.000290027,,,,,,,,,,,,,,,,,,,,,,,,,,,,,,,,,,,,,,
"Hour factor PV[M3,H10]",0.000369333,,,,,,,,,,,,,,,,,,,,,,,,,,,,,,,,,,,,,,
"Hour factor PV[M3,H11]",0.000414803,,,,,,,,,,,,,,,,,,,,,,,,,,,,,,,,,,,,,,
"Hour factor PV[M3,H12]",0.000430451,,,,,,,,,,,,,,,,,,,,,,,,,,,,,,,,,,,,,,
"Hour factor PV[M3,H13]",0.000408683,,,,,,,,,,,,,,,,,,,,,,,,,,,,,,,,,,,,,,
"Hour factor PV[M3,H14]",0.000391476,,,,,,,,,,,,,,,,,,,,,,,,,,,,,,,,,,,,,,
"Hour factor PV[M3,H15]",0.000366937,,,,,,,,,,,,,,,,,,,,,,,,,,,,,,,,,,,,,,
"Hour factor PV[M3,H16]",0.000274871,,,,,,,,,,,,,,,,,,,,,,,,,,,,,,,,,,,,,,
"Hour factor PV[M3,H17]",0.000123073,,,,,,,,,,,,,,,,,,,,,,,,,,,,,,,,,,,,,,
"Hour factor PV[M3,H18]",7.33296E-06,,,,,,,,,,,,,,,,,,,,,,,,,,,,,,,,,,,,,,
"Hour factor PV[M3,H19]",0,,,,,,,,,,,,,,,,,,,,,,,,,,,,,,,,,,,,,,
"Hour factor PV[M3,H20]",0,,,,,,,,,,,,,,,,,,,,,,,,,,,,,,,,,,,,,,
"Hour factor PV[M3,H21]",0,,,,,,,,,,,,,,,,,,,,,,,,,,,,,,,,,,,,,,
"Hour factor PV[M3,H22]",0,,,,,,,,,,,,,,,,,,,,,,,,,,,,,,,,,,,,,,
"Hour factor PV[M3,H23]",0,,,,,,,,,,,,,,,,,,,,,,,,,,,,,,,,,,,,,,
"Hour factor PV[M3,H24]",0,,,,,,,,,,,,,,,,,,,,,,,,,,,,,,,,,,,,,,
"Hour factor PV[M4,H1]",0,,,,,,,,,,,,,,,,,,,,,,,,,,,,,,,,,,,,,,
"Hour factor PV[M4,H2]",0,,,,,,,,,,,,,,,,,,,,,,,,,,,,,,,,,,,,,,
"Hour factor PV[M4,H3]",0,,,,,,,,,,,,,,,,,,,,,,,,,,,,,,,,,,,,,,
"Hour factor PV[M4,H4]",0,,,,,,,,,,,,,,,,,,,,,,,,,,,,,,,,,,,,,,
"Hour factor PV[M4,H5]",0,,,,,,,,,,,,,,,,,,,,,,,,,,,,,,,,,,,,,,
"Hour factor PV[M4,H6]",3.72903E-06,,,,,,,,,,,,,,,,,,,,,,,,,,,,,,,,,,,,,,
"Hour factor PV[M4,H7]",7.35664E-05,,,,,,,,,,,,,,,,,,,,,,,,,,,,,,,,,,,,,,
"Hour factor PV[M4,H8]",0.000177293,,,,,,,,,,,,,,,,,,,,,,,,,,,,,,,,,,,,,,
"Hour factor PV[M4,H9]",0.000262255,,,,,,,,,,,,,,,,,,,,,,,,,,,,,,,,,,,,,,
"Hour factor PV[M4,H10]",0.000334181,,,,,,,,,,,,,,,,,,,,,,,,,,,,,,,,,,,,,,
"Hour factor PV[M4,H11]",0.000376632,,,,,,,,,,,,,,,,,,,,,,,,,,,,,,,,,,,,,,
"Hour factor PV[M4,H12]",0.000398768,,,,,,,,,,,,,,,,,,,,,,,,,,,,,,,,,,,,,,
"Hour factor PV[M4,H13]",0.000378154,,,,,,,,,,,,,,,,,,,,,,,,,,,,,,,,,,,,,,
"Hour factor PV[M4,H14]",0.000361478,,,,,,,,,,,,,,,,,,,,,,,,,,,,,,,,,,,,,,
"Hour factor PV[M4,H15]",0.000303484,,,,,,,,,,,,,,,,,,,,,,,,,,,,,,,,,,,,,,
"Hour factor PV[M4,H16]",0.000229917,,,,,,,,,,,,,,,,,,,,,,,,,,,,,,,,,,,,,,
"Hour factor PV[M4,H17]",0.000137795,,,,,,,,,,,,,,,,,,,,,,,,,,,,,,,,,,,,,,
"Hour factor PV[M4,H18]",3.39491E-05,,,,,,,,,,,,,,,,,,,,,,,,,,,,,,,,,,,,,,
"Hour factor PV[M4,H19]",1.73027E-06,,,,,,,,,,,,,,,,,,,,,,,,,,,,,,,,,,,,,,
"Hour factor PV[M4,H20]",0,,,,,,,,,,,,,,,,,,,,,,,,,,,,,,,,,,,,,,
"Hour factor PV[M4,H21]",0,,,,,,,,,,,,,,,,,,,,,,,,,,,,,,,,,,,,,,
"Hour factor PV[M4,H22]",0,,,,,,,,,,,,,,,,,,,,,,,,,,,,,,,,,,,,,,
"Hour factor PV[M4,H23]",0,,,,,,,,,,,,,,,,,,,,,,,,,,,,,,,,,,,,,,
"Hour factor PV[M4,H24]",0,,,,,,,,,,,,,,,,,,,,,,,,,,,,,,,,,,,,,,
"Hour factor PV[M5,H1]",0,,,,,,,,,,,,,,,,,,,,,,,,,,,,,,,,,,,,,,
"Hour factor PV[M5,H2]",0,,,,,,,,,,,,,,,,,,,,,,,,,,,,,,,,,,,,,,
"Hour factor PV[M5,H3]",0,,,,,,,,,,,,,,,,,,,,,,,,,,,,,,,,,,,,,,
"Hour factor PV[M5,H4]",0,,,,,,,,,,,,,,,,,,,,,,,,,,,,,,,,,,,,,,
"Hour factor PV[M5,H5]",1.53011E-06,,,,,,,,,,,,,,,,,,,,,,,,,,,,,,,,,,,,,,
"Hour factor PV[M5,H6]",4.7491E-05,,,,,,,,,,,,,,,,,,,,,,,,,,,,,,,,,,,,,,
"Hour factor PV[M5,H7]",0.00016453,,,,,,,,,,,,,,,,,,,,,,,,,,,,,,,,,,,,,,
"Hour factor PV[M5,H8]",0.000275794,,,,,,,,,,,,,,,,,,,,,,,,,,,,,,,,,,,,,,
"Hour factor PV[M5,H9]",0.000372335,,,,,,,,,,,,,,,,,,,,,,,,,,,,,,,,,,,,,,
"Hour factor PV[M5,H10]",0.000447513,,,,,,,,,,,,,,,,,,,,,,,,,,,,,,,,,,,,,,
"Hour factor PV[M5,H11]",0.0004767,,,,,,,,,,,,,,,,,,,,,,,,,,,,,,,,,,,,,,
"Hour factor PV[M5,H12]",0.000501615,,,,,,,,,,,,,,,,,,,,,,,,,,,,,,,,,,,,,,
"Hour factor PV[M5,H13]",0.000476729,,,,,,,,,,,,,,,,,,,,,,,,,,,,,,,,,,,,,,
"Hour factor PV[M5,H14]",0.000438043,,,,,,,,,,,,,,,,,,,,,,,,,,,,,,,,,,,,,,
"Hour factor PV[M5,H15]",0.000376637,,,,,,,,,,,,,,,,,,,,,,,,,,,,,,,,,,,,,,
"Hour factor PV[M5,H16]",0.000297764,,,,,,,,,,,,,,,,,,,,,,,,,,,,,,,,,,,,,,
"Hour factor PV[M5,H17]",0.00019721,,,,,,,,,,,,,,,,,,,,,,,,,,,,,,,,,,,,,,
"Hour factor PV[M5,H18]",9.20662E-05,,,,,,,,,,,,,,,,,,,,,,,,,,,,,,,,,,,,,,
"Hour factor PV[M5,H19]",7.33296E-06,,,,,,,,,,,,,,,,,,,,,,,,,,,,,,,,,,,,,,
"Hour factor PV[M5,H20]",0,,,,,,,,,,,,,,,,,,,,,,,,,,,,,,,,,,,,,,
"Hour factor PV[M5,H21]",0,,,,,,,,,,,,,,,,,,,,,,,,,,,,,,,,,,,,,,
"Hour factor PV[M5,H22]",0,,,,,,,,,,,,,,,,,,,,,,,,,,,,,,,,,,,,,,
"Hour factor PV[M5,H23]",0,,,,,,,,,,,,,,,,,,,,,,,,,,,,,,,,,,,,,,
"Hour factor PV[M5,H24]",0,,,,,,,,,,,,,,,,,,,,,,,,,,,,,,,,,,,,,,
"Hour factor PV[M6,H1]",0,,,,,,,,,,,,,,,,,,,,,,,,,,,,,,,,,,,,,,
"Hour factor PV[M6,H2]",0,,,,,,,,,,,,,,,,,,,,,,,,,,,,,,,,,,,,,,
"Hour factor PV[M6,H3]",0,,,,,,,,,,,,,,,,,,,,,,,,,,,,,,,,,,,,,,
"Hour factor PV[M6,H4]",0,,,,,,,,,,,,,,,,,,,,,,,,,,,,,,,,,,,,,,
"Hour factor PV[M6,H5]",9.90431E-06,,,,,,,,,,,,,,,,,,,,,,,,,,,,,,,,,,,,,,
"Hour factor PV[M6,H6]",5.80237E-05,,,,,,,,,,,,,,,,,,,,,,,,,,,,,,,,,,,,,,
"Hour factor PV[M6,H7]",0.000161601,,,,,,,,,,,,,,,,,,,,,,,,,,,,,,,,,,,,,,
"Hour factor PV[M6,H8]",0.000265298,,,,,,,,,,,,,,,,,,,,,,,,,,,,,,,,,,,,,,
"Hour factor PV[M6,H9]",0.000358763,,,,,,,,,,,,,,,,,,,,,,,,,,,,,,,,,,,,,,
"Hour factor PV[M6,H10]",0.000429167,,,,,,,,,,,,,,,,,,,,,,,,,,,,,,,,,,,,,,
"Hour factor PV[M6,H11]",0.0004678,,,,,,,,,,,,,,,,,,,,,,,,,,,,,,,,,,,,,,
"Hour factor PV[M6,H12]",0.000484297,,,,,,,,,,,,,,,,,,,,,,,,,,,,,,,,,,,,,,
"Hour factor PV[M6,H13]",0.000468933,,,,,,,,,,,,,,,,,,,,,,,,,,,,,,,,,,,,,,
"Hour factor PV[M6,H14]",0.000428332,,,,,,,,,,,,,,,,,,,,,,,,,,,,,,,,,,,,,,
"Hour factor PV[M6,H15]",0.000376513,,,,,,,,,,,,,,,,,,,,,,,,,,,,,,,,,,,,,,
"Hour factor PV[M6,H16]",0.000298024,,,,,,,,,,,,,,,,,,,,,,,,,,,,,,,,,,,,,,
"Hour factor PV[M6,H17]",0.000203754,,,,,,,,,,,,,,,,,,,,,,,,,,,,,,,,,,,,,,
"Hour factor PV[M6,H18]",0.000106829,,,,,,,,,,,,,,,,,,,,,,,,,,,,,,,,,,,,,,
"Hour factor PV[M6,H19]",2.10019E-05,,,,,,,,,,,,,,,,,,,,,,,,,,,,,,,,,,,,,,
"Hour factor PV[M6,H20]",0,,,,,,,,,,,,,,,,,,,,,,,,,,,,,,,,,,,,,,
"Hour factor PV[M6,H21]",0,,,,,,,,,,,,,,,,,,,,,,,,,,,,,,,,,,,,,,
"Hour factor PV[M6,H22]",0,,,,,,,,,,,,,,,,,,,,,,,,,,,,,,,,,,,,,,
"Hour factor PV[M6,H23]",0,,,,,,,,,,,,,,,,,,,,,,,,,,,,,,,,,,,,,,
"Hour factor PV[M6,H24]",0,,,,,,,,,,,,,,,,,,,,,,,,,,,,,,,,,,,,,,
"Hour factor PV[M7,H1]",0,,,,,,,,,,,,,,,,,,,,,,,,,,,,,,,,,,,,,,
"Hour factor PV[M7,H2]",0,,,,,,,,,,,,,,,,,,,,,,,,,,,,,,,,,,,,,,
"Hour factor PV[M7,H3]",0,,,,,,,,,,,,,,,,,,,,,,,,,,,,,,,,,,,,,,
"Hour factor PV[M7,H4]",0,,,,,,,,,,,,,,,,,,,,,,,,,,,,,,,,,,,,,,
"Hour factor PV[M7,H5]",1.81881E-06,,,,,,,,,,,,,,,,,,,,,,,,,,,,,,,,,,,,,,
"Hour factor PV[M7,H6]",4.5499E-05,,,,,,,,,,,,,,,,,,,,,,,,,,,,,,,,,,,,,,
"Hour factor PV[M7,H7]",0.000158092,,,,,,,,,,,,,,,,,,,,,,,,,,,,,,,,,,,,,,
"Hour factor PV[M7,H8]",0.000275304,,,,,,,,,,,,,,,,,,,,,,,,,,,,,,,,,,,,,,
"Hour factor PV[M7,H9]",0.000384028,,,,,,,,,,,,,,,,,,,,,,,,,,,,,,,,,,,,,,
"Hour factor PV[M7,H10]",0.000462092,,,,,,,,,,,,,,,,,,,,,,,,,,,,,,,,,,,,,,
"Hour factor PV[M7,H11]",0.000492521,,,,,,,,,,,,,,,,,,,,,,,,,,,,,,,,,,,,,,
"Hour factor PV[M7,H12]",0.000505224,,,,,,,,,,,,,,,,,,,,,,,,,,,,,,,,,,,,,,
"Hour factor PV[M7,H13]",0.000496447,,,,,,,,,,,,,,,,,,,,,,,,,,,,,,,,,,,,,,
"Hour factor PV[M7,H14]",0.000439718,,,,,,,,,,,,,,,,,,,,,,,,,,,,,,,,,,,,,,
"Hour factor PV[M7,H15]",0.000374992,,,,,,,,,,,,,,,,,,,,,,,,,,,,,,,,,,,,,,
"Hour factor PV[M7,H16]",0.000308389,,,,,,,,,,,,,,,,,,,,,,,,,,,,,,,,,,,,,,
"Hour factor PV[M7,H17]",0.000209653,,,,,,,,,,,,,,,,,,,,,,,,,,,,,,,,,,,,,,
"Hour factor PV[M7,H18]",0.000111871,,,,,,,,,,,,,,,,,,,,,,,,,,,,,,,,,,,,,,
"Hour factor PV[M7,H19]",1.85056E-05,,,,,,,,,,,,,,,,,,,,,,,,,,,,,,,,,,,,,,
"Hour factor PV[M7,H20]",6.64008E-07,,,,,,,,,,,,,,,,,,,,,,,,,,,,,,,,,,,,,,
"Hour factor PV[M7,H21]",0,,,,,,,,,,,,,,,,,,,,,,,,,,,,,,,,,,,,,,
"Hour factor PV[M7,H22]",0,,,,,,,,,,,,,,,,,,,,,,,,,,,,,,,,,,,,,,
"Hour factor PV[M7,H23]",0,,,,,,,,,,,,,,,,,,,,,,,,,,,,,,,,,,,,,,
"Hour factor PV[M7,H24]",0,,,,,,,,,,,,,,,,,,,,,,,,,,,,,,,,,,,,,,
"Hour factor PV[M8,H1]",0,,,,,,,,,,,,,,,,,,,,,,,,,,,,,,,,,,,,,,
"Hour factor PV[M8,H2]",0,,,,,,,,,,,,,,,,,,,,,,,,,,,,,,,,,,,,,,
"Hour factor PV[M8,H3]",0,,,,,,,,,,,,,,,,,,,,,,,,,,,,,,,,,,,,,,
"Hour factor PV[M8,H4]",0,,,,,,,,,,,,,,,,,,,,,,,,,,,,,,,,,,,,,,
"Hour factor PV[M8,H5]",0,,,,,,,,,,,,,,,,,,,,,,,,,,,,,,,,,,,,,,
"Hour factor PV[M8,H6]",0,,,,,,,,,,,,,,,,,,,,,,,,,,,,,,,,,,,,,,
"Hour factor PV[M8,H7]",5.4593E-05,,,,,,,,,,,,,,,,,,,,,,,,,,,,,,,,,,,,,,
"Hour factor PV[M8,H8]",0.000193522,,,,,,,,,,,,,,,,,,,,,,,,,,,,,,,,,,,,,,
"Hour factor PV[M8,H9]",0.000297249,,,,,,,,,,,,,,,,,,,,,,,,,,,,,,,,,,,,,,
"Hour factor PV[M8,H10]",0.000381525,,,,,,,,,,,,,,,,,,,,,,,,,,,,,,,,,,,,,,
"Hour factor PV[M8,H11]",0.000427854,,,,,,,,,,,,,,,,,,,,,,,,,,,,,,,,,,,,,,
"Hour factor PV[M8,H12]",0.000438713,,,,,,,,,,,,,,,,,,,,,,,,,,,,,,,,,,,,,,
"Hour factor PV[M8,H13]",0.000416309,,,,,,,,,,,,,,,,,,,,,,,,,,,,,,,,,,,,,,
"Hour factor PV[M8,H14]",0.000366549,,,,,,,,,,,,,,,,,,,,,,,,,,,,,,,,,,,,,,
"Hour factor PV[M8,H15]",0.000290894,,,,,,,,,,,,,,,,,,,,,,,,,,,,,,,,,,,,,,
"Hour factor PV[M8,H16]",0.000202114,,,,,,,,,,,,,,,,,,,,,,,,,,,,,,,,,,,,,,
"Hour factor PV[M8,H17]",9.11376E-05,,,,,,,,,,,,,,,,,,,,,,,,,,,,,,,,,,,,,,
"Hour factor PV[M8,H18]",5.01182E-06,,,,,,,,,,,,,,,,,,,,,,,,,,,,,,,,,,,,,,
"Hour factor PV[M8,H19]",0,,,,,,,,,,,,,,,,,,,,,,,,,,,,,,,,,,,,,,
"Hour factor PV[M8,H20]",0,,,,,,,,,,,,,,,,,,,,,,,,,,,,,,,,,,,,,,
"Hour factor PV[M8,H21]",0,,,,,,,,,,,,,,,,,,,,,,,,,,,,,,,,,,,,,,
"Hour factor PV[M8,H22]",0,,,,,,,,,,,,,,,,,,,,,,,,,,,,,,,,,,,,,,
"Hour factor PV[M8,H23]",0,,,,,,,,,,,,,,,,,,,,,,,,,,,,,,,,,,,,,,
"Hour factor PV[M8,H24]",0,,,,,,,,,,,,,,,,,,,,,,,,,,,,,,,,,,,,,,
"Hour factor PV[M9,H1]",0,,,,,,,,,,,,,,,,,,,,,,,,,,,,,,,,,,,,,,
"Hour factor PV[M9,H2]",0,,,,,,,,,,,,,,,,,,,,,,,,,,,,,,,,,,,,,,
"Hour factor PV[M9,H3]",0,,,,,,,,,,,,,,,,,,,,,,,,,,,,,,,,,,,,,,
"Hour factor PV[M9,H4]",0,,,,,,,,,,,,,,,,,,,,,,,,,,,,,,,,,,,,,,
"Hour factor PV[M9,H5]",0,,,,,,,,,,,,,,,,,,,,,,,,,,,,,,,,,,,,,,
"Hour factor PV[M9,H6]",9.75804E-06,,,,,,,,,,,,,,,,,,,,,,,,,,,,,,,,,,,,,,
"Hour factor PV[M9,H7]",0.000135111,,,,,,,,,,,,,,,,,,,,,,,,,,,,,,,,,,,,,,
"Hour factor PV[M9,H8]",0.000271146,,,,,,,,,,,,,,,,,,,,,,,,,,,,,,,,,,,,,,
"Hour factor PV[M9,H9]",0.000398723,,,,,,,,,,,,,,,,,,,,,,,,,,,,,,,,,,,,,,
"Hour factor PV[M9,H10]",0.000490385,,,,,,,,,,,,,,,,,,,,,,,,,,,,,,,,,,,,,,
"Hour factor PV[M9,H11]",0.000535653,,,,,,,,,,,,,,,,,,,,,,,,,,,,,,,,,,,,,,
"Hour factor PV[M9,H12]",0.000539319,,,,,,,,,,,,,,,,,,,,,,,,,,,,,,,,,,,,,,
"Hour factor PV[M9,H13]",0.000512095,,,,,,,,,,,,,,,,,,,,,,,,,,,,,,,,,,,,,,
"Hour factor PV[M9,H14]",0.000464835,,,,,,,,,,,,,,,,,,,,,,,,,,,,,,,,,,,,,,
"Hour factor PV[M9,H15]",0.000386684,,,,,,,,,,,,,,,,,,,,,,,,,,,,,,,,,,,,,,
"Hour factor PV[M9,H16]",0.000299468,,,,,,,,,,,,,,,,,,,,,,,,,,,,,,,,,,,,,,
"Hour factor PV[M9,H17]",0.000194554,,,,,,,,,,,,,,,,,,,,,,,,,,,,,,,,,,,,,,
"Hour factor PV[M9,H18]",7.48886E-05,,,,,,,,,,,,,,,,,,,,,,,,,,,,,,,,,,,,,,
"Hour factor PV[M9,H19]",3.60874E-06,,,,,,,,,,,,,,,,,,,,,,,,,,,,,,,,,,,,,,
"Hour factor PV[M9,H20]",0,,,,,,,,,,,,,,,,,,,,,,,,,,,,,,,,,,,,,,
"Hour factor PV[M9,H21]",0,,,,,,,,,,,,,,,,,,,,,,,,,,,,,,,,,,,,,,
"Hour factor PV[M9,H22]",0,,,,,,,,,,,,,,,,,,,,,,,,,,,,,,,,,,,,,,
"Hour factor PV[M9,H23]",0,,,,,,,,,,,,,,,,,,,,,,,,,,,,,,,,,,,,,,
"Hour factor PV[M9,H24]",0,,,,,,,,,,,,,,,,,,,,,,,,,,,,,,,,,,,,,,
"Hour factor PV[M10,H1]",0,,,,,,,,,,,,,,,,,,,,,,,,,,,,,,,,,,,,,,
"Hour factor PV[M10,H2]",0,,,,,,,,,,,,,,,,,,,,,,,,,,,,,,,,,,,,,,
"Hour factor PV[M10,H3]",0,,,,,,,,,,,,,,,,,,,,,,,,,,,,,,,,,,,,,,
"Hour factor PV[M10,H4]",0,,,,,,,,,,,,,,,,,,,,,,,,,,,,,,,,,,,,,,
"Hour factor PV[M10,H5]",0,,,,,,,,,,,,,,,,,,,,,,,,,,,,,,,,,,,,,,
"Hour factor PV[M10,H6]",0,,,,,,,,,,,,,,,,,,,,,,,,,,,,,,,,,,,,,,
"Hour factor PV[M10,H7]",6.61121E-06,,,,,,,,,,,,,,,,,,,,,,,,,,,,,,,,,,,,,,
"Hour factor PV[M10,H8]",0.000101131,,,,,,,,,,,,,,,,,,,,,,,,,,,,,,,,,,,,,,
"Hour factor PV[M10,H9]",0.000202551,,,,,,,,,,,,,,,,,,,,,,,,,,,,,,,,,,,,,,
"Hour factor PV[M10,H10]",0.000258501,,,,,,,,,,,,,,,,,,,,,,,,,,,,,,,,,,,,,,
"Hour factor PV[M10,H11]",0.000299814,,,,,,,,,,,,,,,,,,,,,,,,,,,,,,,,,,,,,,
"Hour factor PV[M10,H12]",0.000308793,,,,,,,,,,,,,,,,,,,,,,,,,,,,,,,,,,,,,,
"Hour factor PV[M10,H13]",0.000288006,,,,,,,,,,,,,,,,,,,,,,,,,,,,,,,,,,,,,,
"Hour factor PV[M10,H14]",0.000252843,,,,,,,,,,,,,,,,,,,,,,,,,,,,,,,,,,,,,,
"Hour factor PV[M10,H15]",0.000195074,,,,,,,,,,,,,,,,,,,,,,,,,,,,,,,,,,,,,,
"Hour factor PV[M10,H16]",0.000103066,,,,,,,,,,,,,,,,,,,,,,,,,,,,,,,,,,,,,,
"Hour factor PV[M10,H17]",7.18861E-06,,,,,,,,,,,,,,,,,,,,,,,,,,,,,,,,,,,,,,
"Hour factor PV[M10,H18]",0,,,,,,,,,,,,,,,,,,,,,,,,,,,,,,,,,,,,,,
"Hour factor PV[M10,H19]",0,,,,,,,,,,,,,,,,,,,,,,,,,,,,,,,,,,,,,,
"Hour factor PV[M10,H20]",0,,,,,,,,,,,,,,,,,,,,,,,,,,,,,,,,,,,,,,
"Hour factor PV[M10,H21]",0,,,,,,,,,,,,,,,,,,,,,,,,,,,,,,,,,,,,,,
"Hour factor PV[M10,H22]",0,,,,,,,,,,,,,,,,,,,,,,,,,,,,,,,,,,,,,,
"Hour factor PV[M10,H23]",0,,,,,,,,,,,,,,,,,,,,,,,,,,,,,,,,,,,,,,
"Hour factor PV[M10,H24]",0,,,,,,,,,,,,,,,,,,,,,,,,,,,,,,,,,,,,,,
"Hour factor PV[M11,H1]",0,,,,,,,,,,,,,,,,,,,,,,,,,,,,,,,,,,,,,,
"Hour factor PV[M11,H2]",0,,,,,,,,,,,,,,,,,,,,,,,,,,,,,,,,,,,,,,
"Hour factor PV[M11,H3]",0,,,,,,,,,,,,,,,,,,,,,,,,,,,,,,,,,,,,,,
"Hour factor PV[M11,H4]",0,,,,,,,,,,,,,,,,,,,,,,,,,,,,,,,,,,,,,,
"Hour factor PV[M11,H5]",0,,,,,,,,,,,,,,,,,,,,,,,,,,,,,,,,,,,,,,
"Hour factor PV[M11,H6]",0,,,,,,,,,,,,,,,,,,,,,,,,,,,,,,,,,,,,,,
"Hour factor PV[M11,H7]",0,,,,,,,,,,,,,,,,,,,,,,,,,,,,,,,,,,,,,,
"Hour factor PV[M11,H8]",1.60498E-05,,,,,,,,,,,,,,,,,,,,,,,,,,,,,,,,,,,,,,
"Hour factor PV[M11,H9]",0.000108947,,,,,,,,,,,,,,,,,,,,,,,,,,,,,,,,,,,,,,
"Hour factor PV[M11,H10]",0.000184871,,,,,,,,,,,,,,,,,,,,,,,,,,,,,,,,,,,,,,
"Hour factor PV[M11,H11]",0.0002224,,,,,,,,,,,,,,,,,,,,,,,,,,,,,,,,,,,,,,
"Hour factor PV[M11,H12]",0.000233825,,,,,,,,,,,,,,,,,,,,,,,,,,,,,,,,,,,,,,
"Hour factor PV[M11,H13]",0.000227053,,,,,,,,,,,,,,,,,,,,,,,,,,,,,,,,,,,,,,
"Hour factor PV[M11,H14]",0.000187347,,,,,,,,,,,,,,,,,,,,,,,,,,,,,,,,,,,,,,
"Hour factor PV[M11,H15]",0.000102504,,,,,,,,,,,,,,,,,,,,,,,,,,,,,,,,,,,,,,
"Hour factor PV[M11,H16]",2.21654E-05,,,,,,,,,,,,,,,,,,,,,,,,,,,,,,,,,,,,,,
"Hour factor PV[M11,H17]",2.98323E-08,,,,,,,,,,,,,,,,,,,,,,,,,,,,,,,,,,,,,,
"Hour factor PV[M11,H18]",0,,,,,,,,,,,,,,,,,,,,,,,,,,,,,,,,,,,,,,
"Hour factor PV[M11,H19]",0,,,,,,,,,,,,,,,,,,,,,,,,,,,,,,,,,,,,,,
"Hour factor PV[M11,H20]",0,,,,,,,,,,,,,,,,,,,,,,,,,,,,,,,,,,,,,,
"Hour factor PV[M11,H21]",0,,,,,,,,,,,,,,,,,,,,,,,,,,,,,,,,,,,,,,
"Hour factor PV[M11,H22]",0,,,,,,,,,,,,,,,,,,,,,,,,,,,,,,,,,,,,,,
"Hour factor PV[M11,H23]",0,,,,,,,,,,,,,,,,,,,,,,,,,,,,,,,,,,,,,,
"Hour factor PV[M11,H24]",0,,,,,,,,,,,,,,,,,,,,,,,,,,,,,,,,,,,,,,
"Hour factor PV[M12,H1]",0,,,,,,,,,,,,,,,,,,,,,,,,,,,,,,,,,,,,,,
"Hour factor PV[M12,H2]",0,,,,,,,,,,,,,,,,,,,,,,,,,,,,,,,,,,,,,,
"Hour factor PV[M12,H3]",0,,,,,,,,,,,,,,,,,,,,,,,,,,,,,,,,,,,,,,
"Hour factor PV[M12,H4]",0,,,,,,,,,,,,,,,,,,,,,,,,,,,,,,,,,,,,,,
"Hour factor PV[M12,H5]",0,,,,,,,,,,,,,,,,,,,,,,,,,,,,,,,,,,,,,,
"Hour factor PV[M12,H6]",0,,,,,,,,,,,,,,,,,,,,,,,,,,,,,,,,,,,,,,
"Hour factor PV[M12,H7]",0,,,,,,,,,,,,,,,,,,,,,,,,,,,,,,,,,,,,,,
"Hour factor PV[M12,H8]",1.40212E-06,,,,,,,,,,,,,,,,,,,,,,,,,,,,,,,,,,,,,,
"Hour factor PV[M12,H9]",1.8317E-05,,,,,,,,,,,,,,,,,,,,,,,,,,,,,,,,,,,,,,
"Hour factor PV[M12,H10]",9.59107E-05,,,,,,,,,,,,,,,,,,,,,,,,,,,,,,,,,,,,,,
"Hour factor PV[M12,H11]",0.000116913,,,,,,,,,,,,,,,,,,,,,,,,,,,,,,,,,,,,,,
"Hour factor PV[M12,H12]",0.000130516,,,,,,,,,,,,,,,,,,,,,,,,,,,,,,,,,,,,,,
"Hour factor PV[M12,H13]",0.000130785,,,,,,,,,,,,,,,,,,,,,,,,,,,,,,,,,,,,,,
"Hour factor PV[M12,H14]",0.000102563,,,,,,,,,,,,,,,,,,,,,,,,,,,,,,,,,,,,,,
"Hour factor PV[M12,H15]",4.32269E-05,,,,,,,,,,,,,,,,,,,,,,,,,,,,,,,,,,,,,,
"Hour factor PV[M12,H16]",4.47484E-06,,,,,,,,,,,,,,,,,,,,,,,,,,,,,,,,,,,,,,
"Hour factor PV[M12,H17]",0,,,,,,,,,,,,,,,,,,,,,,,,,,,,,,,,,,,,,,
"Hour factor PV[M12,H18]",0,,,,,,,,,,,,,,,,,,,,,,,,,,,,,,,,,,,,,,
"Hour factor PV[M12,H19]",0,,,,,,,,,,,,,,,,,,,,,,,,,,,,,,,,,,,,,,
"Hour factor PV[M12,H20]",0,,,,,,,,,,,,,,,,,,,,,,,,,,,,,,,,,,,,,,
"Hour factor PV[M12,H21]",0,,,,,,,,,,,,,,,,,,,,,,,,,,,,,,,,,,,,,,
"Hour factor PV[M12,H22]",0,,,,,,,,,,,,,,,,,,,,,,,,,,,,,,,,,,,,,,
"Hour factor PV[M12,H23]",0,,,,,,,,,,,,,,,,,,,,,,,,,,,,,,,,,,,,,,
"Hour factor PV[M12,H24]",0,,,,,,,,,,,,,,,,,,,,,,,,,,,,,,,,,,,,,,
"Hour factor RR[M1,H1]",7.07924E-05,,,,,,,,,,,,,,,,,,,,,,,,,,,,,,,,,,,,,,
"Hour factor RR[M1,H2]",7.07924E-05,,,,,,,,,,,,,,,,,,,,,,,,,,,,,,,,,,,,,,
"Hour factor RR[M1,H3]",7.07924E-05,,,,,,,,,,,,,,,,,,,,,,,,,,,,,,,,,,,,,,
"Hour factor RR[M1,H4]",7.07924E-05,,,,,,,,,,,,,,,,,,,,,,,,,,,,,,,,,,,,,,
"Hour factor RR[M1,H5]",7.07924E-05,,,,,,,,,,,,,,,,,,,,,,,,,,,,,,,,,,,,,,
"Hour factor RR[M1,H6]",7.07924E-05,,,,,,,,,,,,,,,,,,,,,,,,,,,,,,,,,,,,,,
"Hour factor RR[M1,H7]",7.07924E-05,,,,,,,,,,,,,,,,,,,,,,,,,,,,,,,,,,,,,,
"Hour factor RR[M1,H8]",7.07924E-05,,,,,,,,,,,,,,,,,,,,,,,,,,,,,,,,,,,,,,
"Hour factor RR[M1,H9]",7.07924E-05,,,,,,,,,,,,,,,,,,,,,,,,,,,,,,,,,,,,,,
"Hour factor RR[M1,H10]",7.07924E-05,,,,,,,,,,,,,,,,,,,,,,,,,,,,,,,,,,,,,,
"Hour factor RR[M1,H11]",7.07924E-05,,,,,,,,,,,,,,,,,,,,,,,,,,,,,,,,,,,,,,
"Hour factor RR[M1,H12]",7.07924E-05,,,,,,,,,,,,,,,,,,,,,,,,,,,,,,,,,,,,,,
"Hour factor RR[M1,H13]",7.07924E-05,,,,,,,,,,,,,,,,,,,,,,,,,,,,,,,,,,,,,,
"Hour factor RR[M1,H14]",7.07924E-05,,,,,,,,,,,,,,,,,,,,,,,,,,,,,,,,,,,,,,
"Hour factor RR[M1,H15]",7.07924E-05,,,,,,,,,,,,,,,,,,,,,,,,,,,,,,,,,,,,,,
"Hour factor RR[M1,H16]",7.07924E-05,,,,,,,,,,,,,,,,,,,,,,,,,,,,,,,,,,,,,,
"Hour factor RR[M1,H17]",7.07924E-05,,,,,,,,,,,,,,,,,,,,,,,,,,,,,,,,,,,,,,
"Hour factor RR[M1,H18]",7.07924E-05,,,,,,,,,,,,,,,,,,,,,,,,,,,,,,,,,,,,,,
"Hour factor RR[M1,H19]",7.07924E-05,,,,,,,,,,,,,,,,,,,,,,,,,,,,,,,,,,,,,,
"Hour factor RR[M1,H20]",7.07924E-05,,,,,,,,,,,,,,,,,,,,,,,,,,,,,,,,,,,,,,
"Hour factor RR[M1,H21]",7.07924E-05,,,,,,,,,,,,,,,,,,,,,,,,,,,,,,,,,,,,,,
"Hour factor RR[M1,H22]",7.07924E-05,,,,,,,,,,,,,,,,,,,,,,,,,,,,,,,,,,,,,,
"Hour factor RR[M1,H23]",7.07924E-05,,,,,,,,,,,,,,,,,,,,,,,,,,,,,,,,,,,,,,
"Hour factor RR[M1,H24]",7.07924E-05,,,,,,,,,,,,,,,,,,,,,,,,,,,,,,,,,,,,,,
"Hour factor RR[M2,H1]",6.10409E-05,,,,,,,,,,,,,,,,,,,,,,,,,,,,,,,,,,,,,,
"Hour factor RR[M2,H2]",6.10409E-05,,,,,,,,,,,,,,,,,,,,,,,,,,,,,,,,,,,,,,
"Hour factor RR[M2,H3]",6.10409E-05,,,,,,,,,,,,,,,,,,,,,,,,,,,,,,,,,,,,,,
"Hour factor RR[M2,H4]",6.10409E-05,,,,,,,,,,,,,,,,,,,,,,,,,,,,,,,,,,,,,,
"Hour factor RR[M2,H5]",6.10409E-05,,,,,,,,,,,,,,,,,,,,,,,,,,,,,,,,,,,,,,
"Hour factor RR[M2,H6]",6.10409E-05,,,,,,,,,,,,,,,,,,,,,,,,,,,,,,,,,,,,,,
"Hour factor RR[M2,H7]",6.10409E-05,,,,,,,,,,,,,,,,,,,,,,,,,,,,,,,,,,,,,,
"Hour factor RR[M2,H8]",6.10409E-05,,,,,,,,,,,,,,,,,,,,,,,,,,,,,,,,,,,,,,
"Hour factor RR[M2,H9]",6.10409E-05,,,,,,,,,,,,,,,,,,,,,,,,,,,,,,,,,,,,,,
"Hour factor RR[M2,H10]",6.10409E-05,,,,,,,,,,,,,,,,,,,,,,,,,,,,,,,,,,,,,,
"Hour factor RR[M2,H11]",6.10409E-05,,,,,,,,,,,,,,,,,,,,,,,,,,,,,,,,,,,,,,
"Hour factor RR[M2,H12]",6.10409E-05,,,,,,,,,,,,,,,,,,,,,,,,,,,,,,,,,,,,,,
"Hour factor RR[M2,H13]",6.10409E-05,,,,,,,,,,,,,,,,,,,,,,,,,,,,,,,,,,,,,,
"Hour factor RR[M2,H14]",6.10409E-05,,,,,,,,,,,,,,,,,,,,,,,,,,,,,,,,,,,,,,
"Hour factor RR[M2,H15]",6.10409E-05,,,,,,,,,,,,,,,,,,,,,,,,,,,,,,,,,,,,,,
"Hour factor RR[M2,H16]",6.10409E-05,,,,,,,,,,,,,,,,,,,,,,,,,,,,,,,,,,,,,,
"Hour factor RR[M2,H17]",6.10409E-05,,,,,,,,,,,,,,,,,,,,,,,,,,,,,,,,,,,,,,
"Hour factor RR[M2,H18]",6.10409E-05,,,,,,,,,,,,,,,,,,,,,,,,,,,,,,,,,,,,,,
"Hour factor RR[M2,H19]",6.10409E-05,,,,,,,,,,,,,,,,,,,,,,,,,,,,,,,,,,,,,,
"Hour factor RR[M2,H20]",6.10409E-05,,,,,,,,,,,,,,,,,,,,,,,,,,,,,,,,,,,,,,
"Hour factor RR[M2,H21]",6.10409E-05,,,,,,,,,,,,,,,,,,,,,,,,,,,,,,,,,,,,,,
"Hour factor RR[M2,H22]",6.10409E-05,,,,,,,,,,,,,,,,,,,,,,,,,,,,,,,,,,,,,,
"Hour factor RR[M2,H23]",6.10409E-05,,,,,,,,,,,,,,,,,,,,,,,,,,,,,,,,,,,,,,
"Hour factor RR[M2,H24]",6.10409E-05,,,,,,,,,,,,,,,,,,,,,,,,,,,,,,,,,,,,,,
"Hour factor RR[M3,H1]",7.45379E-05,,,,,,,,,,,,,,,,,,,,,,,,,,,,,,,,,,,,,,
"Hour factor RR[M3,H2]",7.45379E-05,,,,,,,,,,,,,,,,,,,,,,,,,,,,,,,,,,,,,,
"Hour factor RR[M3,H3]",7.45379E-05,,,,,,,,,,,,,,,,,,,,,,,,,,,,,,,,,,,,,,
"Hour factor RR[M3,H4]",7.45379E-05,,,,,,,,,,,,,,,,,,,,,,,,,,,,,,,,,,,,,,
"Hour factor RR[M3,H5]",7.45379E-05,,,,,,,,,,,,,,,,,,,,,,,,,,,,,,,,,,,,,,
"Hour factor RR[M3,H6]",7.45379E-05,,,,,,,,,,,,,,,,,,,,,,,,,,,,,,,,,,,,,,
"Hour factor RR[M3,H7]",7.45379E-05,,,,,,,,,,,,,,,,,,,,,,,,,,,,,,,,,,,,,,
"Hour factor RR[M3,H8]",7.45379E-05,,,,,,,,,,,,,,,,,,,,,,,,,,,,,,,,,,,,,,
"Hour factor RR[M3,H9]",7.45379E-05,,,,,,,,,,,,,,,,,,,,,,,,,,,,,,,,,,,,,,
"Hour factor RR[M3,H10]",7.45379E-05,,,,,,,,,,,,,,,,,,,,,,,,,,,,,,,,,,,,,,
"Hour factor RR[M3,H11]",7.45379E-05,,,,,,,,,,,,,,,,,,,,,,,,,,,,,,,,,,,,,,
"Hour factor RR[M3,H12]",7.45379E-05,,,,,,,,,,,,,,,,,,,,,,,,,,,,,,,,,,,,,,
"Hour factor RR[M3,H13]",7.45379E-05,,,,,,,,,,,,,,,,,,,,,,,,,,,,,,,,,,,,,,
"Hour factor RR[M3,H14]",7.45379E-05,,,,,,,,,,,,,,,,,,,,,,,,,,,,,,,,,,,,,,
"Hour factor RR[M3,H15]",7.45379E-05,,,,,,,,,,,,,,,,,,,,,,,,,,,,,,,,,,,,,,
"Hour factor RR[M3,H16]",7.45379E-05,,,,,,,,,,,,,,,,,,,,,,,,,,,,,,,,,,,,,,
"Hour factor RR[M3,H17]",7.45379E-05,,,,,,,,,,,,,,,,,,,,,,,,,,,,,,,,,,,,,,
"Hour factor RR[M3,H18]",7.45379E-05,,,,,,,,,,,,,,,,,,,,,,,,,,,,,,,,,,,,,,
"Hour factor RR[M3,H19]",7.45379E-05,,,,,,,,,,,,,,,,,,,,,,,,,,,,,,,,,,,,,,
"Hour factor RR[M3,H20]",7.45379E-05,,,,,,,,,,,,,,,,,,,,,,,,,,,,,,,,,,,,,,
"Hour factor RR[M3,H21]",7.45379E-05,,,,,,,,,,,,,,,,,,,,,,,,,,,,,,,,,,,,,,
"Hour factor RR[M3,H22]",7.45379E-05,,,,,,,,,,,,,,,,,,,,,,,,,,,,,,,,,,,,,,
"Hour factor RR[M3,H23]",7.45379E-05,,,,,,,,,,,,,,,,,,,,,,,,,,,,,,,,,,,,,,
"Hour factor RR[M3,H24]",7.45379E-05,,,,,,,,,,,,,,,,,,,,,,,,,,,,,,,,,,,,,,
"Hour factor RR[M4,H1]",0.0001151,,,,,,,,,,,,,,,,,,,,,,,,,,,,,,,,,,,,,,
"Hour factor RR[M4,H2]",0.0001151,,,,,,,,,,,,,,,,,,,,,,,,,,,,,,,,,,,,,,
"Hour factor RR[M4,H3]",0.0001151,,,,,,,,,,,,,,,,,,,,,,,,,,,,,,,,,,,,,,
"Hour factor RR[M4,H4]",0.0001151,,,,,,,,,,,,,,,,,,,,,,,,,,,,,,,,,,,,,,
"Hour factor RR[M4,H5]",0.0001151,,,,,,,,,,,,,,,,,,,,,,,,,,,,,,,,,,,,,,
"Hour factor RR[M4,H6]",0.0001151,,,,,,,,,,,,,,,,,,,,,,,,,,,,,,,,,,,,,,
"Hour factor RR[M4,H7]",0.0001151,,,,,,,,,,,,,,,,,,,,,,,,,,,,,,,,,,,,,,
"Hour factor RR[M4,H8]",0.0001151,,,,,,,,,,,,,,,,,,,,,,,,,,,,,,,,,,,,,,
"Hour factor RR[M4,H9]",0.0001151,,,,,,,,,,,,,,,,,,,,,,,,,,,,,,,,,,,,,,
"Hour factor RR[M4,H10]",0.0001151,,,,,,,,,,,,,,,,,,,,,,,,,,,,,,,,,,,,,,
"Hour factor RR[M4,H11]",0.0001151,,,,,,,,,,,,,,,,,,,,,,,,,,,,,,,,,,,,,,
"Hour factor RR[M4,H12]",0.0001151,,,,,,,,,,,,,,,,,,,,,,,,,,,,,,,,,,,,,,
"Hour factor RR[M4,H13]",0.0001151,,,,,,,,,,,,,,,,,,,,,,,,,,,,,,,,,,,,,,
"Hour factor RR[M4,H14]",0.0001151,,,,,,,,,,,,,,,,,,,,,,,,,,,,,,,,,,,,,,
"Hour factor RR[M4,H15]",0.0001151,,,,,,,,,,,,,,,,,,,,,,,,,,,,,,,,,,,,,,
"Hour factor RR[M4,H16]",0.0001151,,,,,,,,,,,,,,,,,,,,,,,,,,,,,,,,,,,,,,
"Hour factor RR[M4,H17]",0.0001151,,,,,,,,,,,,,,,,,,,,,,,,,,,,,,,,,,,,,,
"Hour factor RR[M4,H18]",0.0001151,,,,,,,,,,,,,,,,,,,,,,,,,,,,,,,,,,,,,,
"Hour factor RR[M4,H19]",0.0001151,,,,,,,,,,,,,,,,,,,,,,,,,,,,,,,,,,,,,,
"Hour factor RR[M4,H20]",0.0001151,,,,,,,,,,,,,,,,,,,,,,,,,,,,,,,,,,,,,,
"Hour factor RR[M4,H21]",0.0001151,,,,,,,,,,,,,,,,,,,,,,,,,,,,,,,,,,,,,,
"Hour factor RR[M4,H22]",0.0001151,,,,,,,,,,,,,,,,,,,,,,,,,,,,,,,,,,,,,,
"Hour factor RR[M4,H23]",0.0001151,,,,,,,,,,,,,,,,,,,,,,,,,,,,,,,,,,,,,,
"Hour factor RR[M4,H24]",0.0001151,,,,,,,,,,,,,,,,,,,,,,,,,,,,,,,,,,,,,,
"Hour factor RR[M5,H1]",0.000198389,,,,,,,,,,,,,,,,,,,,,,,,,,,,,,,,,,,,,,
"Hour factor RR[M5,H2]",0.000198389,,,,,,,,,,,,,,,,,,,,,,,,,,,,,,,,,,,,,,
"Hour factor RR[M5,H3]",0.000198389,,,,,,,,,,,,,,,,,,,,,,,,,,,,,,,,,,,,,,
"Hour factor RR[M5,H4]",0.000198389,,,,,,,,,,,,,,,,,,,,,,,,,,,,,,,,,,,,,,
"Hour factor RR[M5,H5]",0.000198389,,,,,,,,,,,,,,,,,,,,,,,,,,,,,,,,,,,,,,
"Hour factor RR[M5,H6]",0.000198389,,,,,,,,,,,,,,,,,,,,,,,,,,,,,,,,,,,,,,
"Hour factor RR[M5,H7]",0.000198389,,,,,,,,,,,,,,,,,,,,,,,,,,,,,,,,,,,,,,
"Hour factor RR[M5,H8]",0.000198389,,,,,,,,,,,,,,,,,,,,,,,,,,,,,,,,,,,,,,
"Hour factor RR[M5,H9]",0.000198389,,,,,,,,,,,,,,,,,,,,,,,,,,,,,,,,,,,,,,
"Hour factor RR[M5,H10]",0.000198389,,,,,,,,,,,,,,,,,,,,,,,,,,,,,,,,,,,,,,
"Hour factor RR[M5,H11]",0.000198389,,,,,,,,,,,,,,,,,,,,,,,,,,,,,,,,,,,,,,
"Hour factor RR[M5,H12]",0.000198389,,,,,,,,,,,,,,,,,,,,,,,,,,,,,,,,,,,,,,
"Hour factor RR[M5,H13]",0.000198389,,,,,,,,,,,,,,,,,,,,,,,,,,,,,,,,,,,,,,
"Hour factor RR[M5,H14]",0.000198389,,,,,,,,,,,,,,,,,,,,,,,,,,,,,,,,,,,,,,
"Hour factor RR[M5,H15]",0.000198389,,,,,,,,,,,,,,,,,,,,,,,,,,,,,,,,,,,,,,
"Hour factor RR[M5,H16]",0.000198389,,,,,,,,,,,,,,,,,,,,,,,,,,,,,,,,,,,,,,
"Hour factor RR[M5,H17]",0.000198389,,,,,,,,,,,,,,,,,,,,,,,,,,,,,,,,,,,,,,
"Hour factor RR[M5,H18]",0.000198389,,,,,,,,,,,,,,,,,,,,,,,,,,,,,,,,,,,,,,
"Hour factor RR[M5,H19]",0.000198389,,,,,,,,,,,,,,,,,,,,,,,,,,,,,,,,,,,,,,
"Hour factor RR[M5,H20]",0.000198389,,,,,,,,,,,,,,,,,,,,,,,,,,,,,,,,,,,,,,
"Hour factor RR[M5,H21]",0.000198389,,,,,,,,,,,,,,,,,,,,,,,,,,,,,,,,,,,,,,
"Hour factor RR[M5,H22]",0.000198389,,,,,,,,,,,,,,,,,,,,,,,,,,,,,,,,,,,,,,
"Hour factor RR[M5,H23]",0.000198389,,,,,,,,,,,,,,,,,,,,,,,,,,,,,,,,,,,,,,
"Hour factor RR[M5,H24]",0.000198389,,,,,,,,,,,,,,,,,,,,,,,,,,,,,,,,,,,,,,
"Hour factor RR[M6,H1]",0.000198012,,,,,,,,,,,,,,,,,,,,,,,,,,,,,,,,,,,,,,
"Hour factor RR[M6,H2]",0.000198012,,,,,,,,,,,,,,,,,,,,,,,,,,,,,,,,,,,,,,
"Hour factor RR[M6,H3]",0.000198012,,,,,,,,,,,,,,,,,,,,,,,,,,,,,,,,,,,,,,
"Hour factor RR[M6,H4]",0.000198012,,,,,,,,,,,,,,,,,,,,,,,,,,,,,,,,,,,,,,
"Hour factor RR[M6,H5]",0.000198012,,,,,,,,,,,,,,,,,,,,,,,,,,,,,,,,,,,,,,
"Hour factor RR[M6,H6]",0.000198012,,,,,,,,,,,,,,,,,,,,,,,,,,,,,,,,,,,,,,
"Hour factor RR[M6,H7]",0.000198012,,,,,,,,,,,,,,,,,,,,,,,,,,,,,,,,,,,,,,
"Hour factor RR[M6,H8]",0.000198012,,,,,,,,,,,,,,,,,,,,,,,,,,,,,,,,,,,,,,
"Hour factor RR[M6,H9]",0.000198012,,,,,,,,,,,,,,,,,,,,,,,,,,,,,,,,,,,,,,
"Hour factor RR[M6,H10]",0.000198012,,,,,,,,,,,,,,,,,,,,,,,,,,,,,,,,,,,,,,
"Hour factor RR[M6,H11]",0.000198012,,,,,,,,,,,,,,,,,,,,,,,,,,,,,,,,,,,,,,
"Hour factor RR[M6,H12]",0.000198012,,,,,,,,,,,,,,,,,,,,,,,,,,,,,,,,,,,,,,
"Hour factor RR[M6,H13]",0.000198012,,,,,,,,,,,,,,,,,,,,,,,,,,,,,,,,,,,,,,
"Hour factor RR[M6,H14]",0.000198012,,,,,,,,,,,,,,,,,,,,,,,,,,,,,,,,,,,,,,
"Hour factor RR[M6,H15]",0.000198012,,,,,,,,,,,,,,,,,,,,,,,,,,,,,,,,,,,,,,
"Hour factor RR[M6,H16]",0.000198012,,,,,,,,,,,,,,,,,,,,,,,,,,,,,,,,,,,,,,
"Hour factor RR[M6,H17]",0.000198012,,,,,,,,,,,,,,,,,,,,,,,,,,,,,,,,,,,,,,
"Hour factor RR[M6,H18]",0.000198012,,,,,,,,,,,,,,,,,,,,,,,,,,,,,,,,,,,,,,
"Hour factor RR[M6,H19]",0.000198012,,,,,,,,,,,,,,,,,,,,,,,,,,,,,,,,,,,,,,
"Hour factor RR[M6,H20]",0.000198012,,,,,,,,,,,,,,,,,,,,,,,,,,,,,,,,,,,,,,
"Hour factor RR[M6,H21]",0.000198012,,,,,,,,,,,,,,,,,,,,,,,,,,,,,,,,,,,,,,
"Hour factor RR[M6,H22]",0.000198012,,,,,,,,,,,,,,,,,,,,,,,,,,,,,,,,,,,,,,
"Hour factor RR[M6,H23]",0.000198012,,,,,,,,,,,,,,,,,,,,,,,,,,,,,,,,,,,,,,
"Hour factor RR[M6,H24]",0.000198012,,,,,,,,,,,,,,,,,,,,,,,,,,,,,,,,,,,,,,
"Hour factor RR[M7,H1]",0.000147685,,,,,,,,,,,,,,,,,,,,,,,,,,,,,,,,,,,,,,
"Hour factor RR[M7,H2]",0.000147685,,,,,,,,,,,,,,,,,,,,,,,,,,,,,,,,,,,,,,
"Hour factor RR[M7,H3]",0.000147685,,,,,,,,,,,,,,,,,,,,,,,,,,,,,,,,,,,,,,
"Hour factor RR[M7,H4]",0.000147685,,,,,,,,,,,,,,,,,,,,,,,,,,,,,,,,,,,,,,
"Hour factor RR[M7,H5]",0.000147685,,,,,,,,,,,,,,,,,,,,,,,,,,,,,,,,,,,,,,
"Hour factor RR[M7,H6]",0.000147685,,,,,,,,,,,,,,,,,,,,,,,,,,,,,,,,,,,,,,
"Hour factor RR[M7,H7]",0.000147685,,,,,,,,,,,,,,,,,,,,,,,,,,,,,,,,,,,,,,
"Hour factor RR[M7,H8]",0.000147685,,,,,,,,,,,,,,,,,,,,,,,,,,,,,,,,,,,,,,
"Hour factor RR[M7,H9]",0.000147685,,,,,,,,,,,,,,,,,,,,,,,,,,,,,,,,,,,,,,
"Hour factor RR[M7,H10]",0.000147685,,,,,,,,,,,,,,,,,,,,,,,,,,,,,,,,,,,,,,
"Hour factor RR[M7,H11]",0.000147685,,,,,,,,,,,,,,,,,,,,,,,,,,,,,,,,,,,,,,
"Hour factor RR[M7,H12]",0.000147685,,,,,,,,,,,,,,,,,,,,,,,,,,,,,,,,,,,,,,
"Hour factor RR[M7,H13]",0.000147685,,,,,,,,,,,,,,,,,,,,,,,,,,,,,,,,,,,,,,
"Hour factor RR[M7,H14]",0.000147685,,,,,,,,,,,,,,,,,,,,,,,,,,,,,,,,,,,,,,
"Hour factor RR[M7,H15]",0.000147685,,,,,,,,,,,,,,,,,,,,,,,,,,,,,,,,,,,,,,
"Hour factor RR[M7,H16]",0.000147685,,,,,,,,,,,,,,,,,,,,,,,,,,,,,,,,,,,,,,
"Hour factor RR[M7,H17]",0.000147685,,,,,,,,,,,,,,,,,,,,,,,,,,,,,,,,,,,,,,
"Hour factor RR[M7,H18]",0.000147685,,,,,,,,,,,,,,,,,,,,,,,,,,,,,,,,,,,,,,
"Hour factor RR[M7,H19]",0.000147685,,,,,,,,,,,,,,,,,,,,,,,,,,,,,,,,,,,,,,
"Hour factor RR[M7,H20]",0.000147685,,,,,,,,,,,,,,,,,,,,,,,,,,,,,,,,,,,,,,
"Hour factor RR[M7,H21]",0.000147685,,,,,,,,,,,,,,,,,,,,,,,,,,,,,,,,,,,,,,
"Hour factor RR[M7,H22]",0.000147685,,,,,,,,,,,,,,,,,,,,,,,,,,,,,,,,,,,,,,
"Hour factor RR[M7,H23]",0.000147685,,,,,,,,,,,,,,,,,,,,,,,,,,,,,,,,,,,,,,
"Hour factor RR[M7,H24]",0.000147685,,,,,,,,,,,,,,,,,,,,,,,,,,,,,,,,,,,,,,
"Hour factor RR[M8,H1]",0.000110231,,,,,,,,,,,,,,,,,,,,,,,,,,,,,,,,,,,,,,
"Hour factor RR[M8,H2]",0.000110231,,,,,,,,,,,,,,,,,,,,,,,,,,,,,,,,,,,,,,
"Hour factor RR[M8,H3]",0.000110231,,,,,,,,,,,,,,,,,,,,,,,,,,,,,,,,,,,,,,
"Hour factor RR[M8,H4]",0.000110231,,,,,,,,,,,,,,,,,,,,,,,,,,,,,,,,,,,,,,
"Hour factor RR[M8,H5]",0.000110231,,,,,,,,,,,,,,,,,,,,,,,,,,,,,,,,,,,,,,
"Hour factor RR[M8,H6]",0.000110231,,,,,,,,,,,,,,,,,,,,,,,,,,,,,,,,,,,,,,
"Hour factor RR[M8,H7]",0.000110231,,,,,,,,,,,,,,,,,,,,,,,,,,,,,,,,,,,,,,
"Hour factor RR[M8,H8]",0.000110231,,,,,,,,,,,,,,,,,,,,,,,,,,,,,,,,,,,,,,
"Hour factor RR[M8,H9]",0.000110231,,,,,,,,,,,,,,,,,,,,,,,,,,,,,,,,,,,,,,
"Hour factor RR[M8,H10]",0.000110231,,,,,,,,,,,,,,,,,,,,,,,,,,,,,,,,,,,,,,
"Hour factor RR[M8,H11]",0.000110231,,,,,,,,,,,,,,,,,,,,,,,,,,,,,,,,,,,,,,
"Hour factor RR[M8,H12]",0.000110231,,,,,,,,,,,,,,,,,,,,,,,,,,,,,,,,,,,,,,
"Hour factor RR[M8,H13]",0.000110231,,,,,,,,,,,,,,,,,,,,,,,,,,,,,,,,,,,,,,
"Hour factor RR[M8,H14]",0.000110231,,,,,,,,,,,,,,,,,,,,,,,,,,,,,,,,,,,,,,
"Hour factor RR[M8,H15]",0.000110231,,,,,,,,,,,,,,,,,,,,,,,,,,,,,,,,,,,,,,
"Hour factor RR[M8,H16]",0.000110231,,,,,,,,,,,,,,,,,,,,,,,,,,,,,,,,,,,,,,
"Hour factor RR[M8,H17]",0.000110231,,,,,,,,,,,,,,,,,,,,,,,,,,,,,,,,,,,,,,
"Hour factor RR[M8,H18]",0.000110231,,,,,,,,,,,,,,,,,,,,,,,,,,,,,,,,,,,,,,
"Hour factor RR[M8,H19]",0.000110231,,,,,,,,,,,,,,,,,,,,,,,,,,,,,,,,,,,,,,
"Hour factor RR[M8,H20]",0.000110231,,,,,,,,,,,,,,,,,,,,,,,,,,,,,,,,,,,,,,
"Hour factor RR[M8,H21]",0.000110231,,,,,,,,,,,,,,,,,,,,,,,,,,,,,,,,,,,,,,
"Hour factor RR[M8,H22]",0.000110231,,,,,,,,,,,,,,,,,,,,,,,,,,,,,,,,,,,,,,
"Hour factor RR[M8,H23]",0.000110231,,,,,,,,,,,,,,,,,,,,,,,,,,,,,,,,,,,,,,
"Hour factor RR[M8,H24]",0.000110231,,,,,,,,,,,,,,,,,,,,,,,,,,,,,,,,,,,,,,
"Hour factor RR[M9,H1]",0.000103096,,,,,,,,,,,,,,,,,,,,,,,,,,,,,,,,,,,,,,
"Hour factor RR[M9,H2]",0.000103096,,,,,,,,,,,,,,,,,,,,,,,,,,,,,,,,,,,,,,
"Hour factor RR[M9,H3]",0.000103096,,,,,,,,,,,,,,,,,,,,,,,,,,,,,,,,,,,,,,
"Hour factor RR[M9,H4]",0.000103096,,,,,,,,,,,,,,,,,,,,,,,,,,,,,,,,,,,,,,
"Hour factor RR[M9,H5]",0.000103096,,,,,,,,,,,,,,,,,,,,,,,,,,,,,,,,,,,,,,
"Hour factor RR[M9,H6]",0.000103096,,,,,,,,,,,,,,,,,,,,,,,,,,,,,,,,,,,,,,
"Hour factor RR[M9,H7]",0.000103096,,,,,,,,,,,,,,,,,,,,,,,,,,,,,,,,,,,,,,
"Hour factor RR[M9,H8]",0.000103096,,,,,,,,,,,,,,,,,,,,,,,,,,,,,,,,,,,,,,
"Hour factor RR[M9,H9]",0.000103096,,,,,,,,,,,,,,,,,,,,,,,,,,,,,,,,,,,,,,
"Hour factor RR[M9,H10]",0.000103096,,,,,,,,,,,,,,,,,,,,,,,,,,,,,,,,,,,,,,
"Hour factor RR[M9,H11]",0.000103096,,,,,,,,,,,,,,,,,,,,,,,,,,,,,,,,,,,,,,
"Hour factor RR[M9,H12]",0.000103096,,,,,,,,,,,,,,,,,,,,,,,,,,,,,,,,,,,,,,
"Hour factor RR[M9,H13]",0.000103096,,,,,,,,,,,,,,,,,,,,,,,,,,,,,,,,,,,,,,
"Hour factor RR[M9,H14]",0.000103096,,,,,,,,,,,,,,,,,,,,,,,,,,,,,,,,,,,,,,
"Hour factor RR[M9,H15]",0.000103096,,,,,,,,,,,,,,,,,,,,,,,,,,,,,,,,,,,,,,
"Hour factor RR[M9,H16]",0.000103096,,,,,,,,,,,,,,,,,,,,,,,,,,,,,,,,,,,,,,
"Hour factor RR[M9,H17]",0.000103096,,,,,,,,,,,,,,,,,,,,,,,,,,,,,,,,,,,,,,
"Hour factor RR[M9,H18]",0.000103096,,,,,,,,,,,,,,,,,,,,,,,,,,,,,,,,,,,,,,
"Hour factor RR[M9,H19]",0.000103096,,,,,,,,,,,,,,,,,,,,,,,,,,,,,,,,,,,,,,
"Hour factor RR[M9,H20]",0.000103096,,,,,,,,,,,,,,,,,,,,,,,,,,,,,,,,,,,,,,
"Hour factor RR[M9,H21]",0.000103096,,,,,,,,,,,,,,,,,,,,,,,,,,,,,,,,,,,,,,
"Hour factor RR[M9,H22]",0.000103096,,,,,,,,,,,,,,,,,,,,,,,,,,,,,,,,,,,,,,
"Hour factor RR[M9,H23]",0.000103096,,,,,,,,,,,,,,,,,,,,,,,,,,,,,,,,,,,,,,
"Hour factor RR[M9,H24]",0.000103096,,,,,,,,,,,,,,,,,,,,,,,,,,,,,,,,,,,,,,
"Hour factor RR[M10,H1]",0.000114162,,,,,,,,,,,,,,,,,,,,,,,,,,,,,,,,,,,,,,
"Hour factor RR[M10,H2]",0.000114162,,,,,,,,,,,,,,,,,,,,,,,,,,,,,,,,,,,,,,
"Hour factor RR[M10,H3]",0.000114162,,,,,,,,,,,,,,,,,,,,,,,,,,,,,,,,,,,,,,
"Hour factor RR[M10,H4]",0.000114162,,,,,,,,,,,,,,,,,,,,,,,,,,,,,,,,,,,,,,
"Hour factor RR[M10,H5]",0.000114162,,,,,,,,,,,,,,,,,,,,,,,,,,,,,,,,,,,,,,
"Hour factor RR[M10,H6]",0.000114162,,,,,,,,,,,,,,,,,,,,,,,,,,,,,,,,,,,,,,
"Hour factor RR[M10,H7]",0.000114162,,,,,,,,,,,,,,,,,,,,,,,,,,,,,,,,,,,,,,
"Hour factor RR[M10,H8]",0.000114162,,,,,,,,,,,,,,,,,,,,,,,,,,,,,,,,,,,,,,
"Hour factor RR[M10,H9]",0.000114162,,,,,,,,,,,,,,,,,,,,,,,,,,,,,,,,,,,,,,
"Hour factor RR[M10,H10]",0.000114162,,,,,,,,,,,,,,,,,,,,,,,,,,,,,,,,,,,,,,
"Hour factor RR[M10,H11]",0.000114162,,,,,,,,,,,,,,,,,,,,,,,,,,,,,,,,,,,,,,
"Hour factor RR[M10,H12]",0.000114162,,,,,,,,,,,,,,,,,,,,,,,,,,,,,,,,,,,,,,
"Hour factor RR[M10,H13]",0.000114162,,,,,,,,,,,,,,,,,,,,,,,,,,,,,,,,,,,,,,
"Hour factor RR[M10,H14]",0.000114162,,,,,,,,,,,,,,,,,,,,,,,,,,,,,,,,,,,,,,
"Hour factor RR[M10,H15]",0.000114162,,,,,,,,,,,,,,,,,,,,,,,,,,,,,,,,,,,,,,
"Hour factor RR[M10,H16]",0.000114162,,,,,,,,,,,,,,,,,,,,,,,,,,,,,,,,,,,,,,
"Hour factor RR[M10,H17]",0.000114162,,,,,,,,,,,,,,,,,,,,,,,,,,,,,,,,,,,,,,
"Hour factor RR[M10,H18]",0.000114162,,,,,,,,,,,,,,,,,,,,,,,,,,,,,,,,,,,,,,
"Hour factor RR[M10,H19]",0.000114162,,,,,,,,,,,,,,,,,,,,,,,,,,,,,,,,,,,,,,
"Hour factor RR[M10,H20]",0.000114162,,,,,,,,,,,,,,,,,,,,,,,,,,,,,,,,,,,,,,
"Hour factor RR[M10,H21]",0.000114162,,,,,,,,,,,,,,,,,,,,,,,,,,,,,,,,,,,,,,
"Hour factor RR[M10,H22]",0.000114162,,,,,,,,,,,,,,,,,,,,,,,,,,,,,,,,,,,,,,
"Hour factor RR[M10,H23]",0.000114162,,,,,,,,,,,,,,,,,,,,,,,,,,,,,,,,,,,,,,
"Hour factor RR[M10,H24]",0.000114162,,,,,,,,,,,,,,,,,,,,,,,,,,,,,,,,,,,,,,
"Hour factor RR[M11,H1]",9.71637E-05,,,,,,,,,,,,,,,,,,,,,,,,,,,,,,,,,,,,,,
"Hour factor RR[M11,H2]",9.71637E-05,,,,,,,,,,,,,,,,,,,,,,,,,,,,,,,,,,,,,,
"Hour factor RR[M11,H3]",9.71637E-05,,,,,,,,,,,,,,,,,,,,,,,,,,,,,,,,,,,,,,
"Hour factor RR[M11,H4]",9.71637E-05,,,,,,,,,,,,,,,,,,,,,,,,,,,,,,,,,,,,,,
"Hour factor RR[M11,H5]",9.71637E-05,,,,,,,,,,,,,,,,,,,,,,,,,,,,,,,,,,,,,,
"Hour factor RR[M11,H6]",9.71637E-05,,,,,,,,,,,,,,,,,,,,,,,,,,,,,,,,,,,,,,
"Hour factor RR[M11,H7]",9.71637E-05,,,,,,,,,,,,,,,,,,,,,,,,,,,,,,,,,,,,,,
"Hour factor RR[M11,H8]",9.71637E-05,,,,,,,,,,,,,,,,,,,,,,,,,,,,,,,,,,,,,,
"Hour factor RR[M11,H9]",9.71637E-05,,,,,,,,,,,,,,,,,,,,,,,,,,,,,,,,,,,,,,
"Hour factor RR[M11,H10]",9.71637E-05,,,,,,,,,,,,,,,,,,,,,,,,,,,,,,,,,,,,,,
"Hour factor RR[M11,H11]",9.71637E-05,,,,,,,,,,,,,,,,,,,,,,,,,,,,,,,,,,,,,,
"Hour factor RR[M11,H12]",9.71637E-05,,,,,,,,,,,,,,,,,,,,,,,,,,,,,,,,,,,,,,
"Hour factor RR[M11,H13]",9.71637E-05,,,,,,,,,,,,,,,,,,,,,,,,,,,,,,,,,,,,,,
"Hour factor RR[M11,H14]",9.71637E-05,,,,,,,,,,,,,,,,,,,,,,,,,,,,,,,,,,,,,,
"Hour factor RR[M11,H15]",9.71637E-05,,,,,,,,,,,,,,,,,,,,,,,,,,,,,,,,,,,,,,
"Hour factor RR[M11,H16]",9.71637E-05,,,,,,,,,,,,,,,,,,,,,,,,,,,,,,,,,,,,,,
"Hour factor RR[M11,H17]",9.71637E-05,,,,,,,,,,,,,,,,,,,,,,,,,,,,,,,,,,,,,,
"Hour factor RR[M11,H18]",9.71637E-05,,,,,,,,,,,,,,,,,,,,,,,,,,,,,,,,,,,,,,
"Hour factor RR[M11,H19]",9.71637E-05,,,,,,,,,,,,,,,,,,,,,,,,,,,,,,,,,,,,,,
"Hour factor RR[M11,H20]",9.71637E-05,,,,,,,,,,,,,,,,,,,,,,,,,,,,,,,,,,,,,,
"Hour factor RR[M11,H21]",9.71637E-05,,,,,,,,,,,,,,,,,,,,,,,,,,,,,,,,,,,,,,
"Hour factor RR[M11,H22]",9.71637E-05,,,,,,,,,,,,,,,,,,,,,,,,,,,,,,,,,,,,,,
"Hour factor RR[M11,H23]",9.71637E-05,,,,,,,,,,,,,,,,,,,,,,,,,,,,,,,,,,,,,,
"Hour factor RR[M11,H24]",9.71637E-05,,,,,,,,,,,,,,,,,,,,,,,,,,,,,,,,,,,,,,
"Hour factor RR[M12,H1]",7.96528E-05,,,,,,,,,,,,,,,,,,,,,,,,,,,,,,,,,,,,,,
"Hour factor RR[M12,H2]",7.96528E-05,,,,,,,,,,,,,,,,,,,,,,,,,,,,,,,,,,,,,,
"Hour factor RR[M12,H3]",7.96528E-05,,,,,,,,,,,,,,,,,,,,,,,,,,,,,,,,,,,,,,
"Hour factor RR[M12,H4]",7.96528E-05,,,,,,,,,,,,,,,,,,,,,,,,,,,,,,,,,,,,,,
"Hour factor RR[M12,H5]",7.96528E-05,,,,,,,,,,,,,,,,,,,,,,,,,,,,,,,,,,,,,,
"Hour factor RR[M12,H6]",7.96528E-05,,,,,,,,,,,,,,,,,,,,,,,,,,,,,,,,,,,,,,
"Hour factor RR[M12,H7]",7.96528E-05,,,,,,,,,,,,,,,,,,,,,,,,,,,,,,,,,,,,,,
"Hour factor RR[M12,H8]",7.96528E-05,,,,,,,,,,,,,,,,,,,,,,,,,,,,,,,,,,,,,,
"Hour factor RR[M12,H9]",7.96528E-05,,,,,,,,,,,,,,,,,,,,,,,,,,,,,,,,,,,,,,
"Hour factor RR[M12,H10]",7.96528E-05,,,,,,,,,,,,,,,,,,,,,,,,,,,,,,,,,,,,,,
"Hour factor RR[M12,H11]",7.96528E-05,,,,,,,,,,,,,,,,,,,,,,,,,,,,,,,,,,,,,,
"Hour factor RR[M12,H12]",7.96528E-05,,,,,,,,,,,,,,,,,,,,,,,,,,,,,,,,,,,,,,
"Hour factor RR[M12,H13]",7.96528E-05,,,,,,,,,,,,,,,,,,,,,,,,,,,,,,,,,,,,,,
"Hour factor RR[M12,H14]",7.96528E-05,,,,,,,,,,,,,,,,,,,,,,,,,,,,,,,,,,,,,,
"Hour factor RR[M12,H15]",7.96528E-05,,,,,,,,,,,,,,,,,,,,,,,,,,,,,,,,,,,,,,
"Hour factor RR[M12,H16]",7.96528E-05,,,,,,,,,,,,,,,,,,,,,,,,,,,,,,,,,,,,,,
"Hour factor RR[M12,H17]",7.96528E-05,,,,,,,,,,,,,,,,,,,,,,,,,,,,,,,,,,,,,,
"Hour factor RR[M12,H18]",7.96528E-05,,,,,,,,,,,,,,,,,,,,,,,,,,,,,,,,,,,,,,
"Hour factor RR[M12,H19]",7.96528E-05,,,,,,,,,,,,,,,,,,,,,,,,,,,,,,,,,,,,,,
"Hour factor RR[M12,H20]",7.96528E-05,,,,,,,,,,,,,,,,,,,,,,,,,,,,,,,,,,,,,,
"Hour factor RR[M12,H21]",7.96528E-05,,,,,,,,,,,,,,,,,,,,,,,,,,,,,,,,,,,,,,
"Hour factor RR[M12,H22]",7.96528E-05,,,,,,,,,,,,,,,,,,,,,,,,,,,,,,,,,,,,,,
"Hour factor RR[M12,H23]",7.96528E-05,,,,,,,,,,,,,,,,,,,,,,,,,,,,,,,,,,,,,,
"Hour factor RR[M12,H24]",7.96528E-05,,,,,,,,,,,,,,,,,,,,,,,,,,,,,,,,,,,,,,
"Hour factor SH industry[M1,H1]",0.000154402,,,,,,,,,,,,,,,,,,,,,,,,,,,,,,,,,,,,,,
"Hour factor SH industry[M1,H2]",4.20895E-05,,,,,,,,,,,,,,,,,,,,,,,,,,,,,,,,,,,,,,
"Hour factor SH industry[M1,H3]",0.000163263,,,,,,,,,,,,,,,,,,,,,,,,,,,,,,,,,,,,,,
"Hour factor SH industry[M1,H4]",0.000178769,,,,,,,,,,,,,,,,,,,,,,,,,,,,,,,,,,,,,,
"Hour factor SH industry[M1,H5]",0.000195605,,,,,,,,,,,,,,,,,,,,,,,,,,,,,,,,,,,,,,
"Hour factor SH industry[M1,H6]",0.00023116,,,,,,,,,,,,,,,,,,,,,,,,,,,,,,,,,,,,,,
"Hour factor SH industry[M1,H7]",0.000251872,,,,,,,,,,,,,,,,,,,,,,,,,,,,,,,,,,,,,,
"Hour factor SH industry[M1,H8]",0.000256524,,,,,,,,,,,,,,,,,,,,,,,,,,,,,,,,,,,,,,
"Hour factor SH industry[M1,H9]",0.000243897,,,,,,,,,,,,,,,,,,,,,,,,,,,,,,,,,,,,,,
"Hour factor SH industry[M1,H10]",0.000228944,,,,,,,,,,,,,,,,,,,,,,,,,,,,,,,,,,,,,,
"Hour factor SH industry[M1,H11]",0.000221634,,,,,,,,,,,,,,,,,,,,,,,,,,,,,,,,,,,,,,
"Hour factor SH industry[M1,H12]",0.000204466,,,,,,,,,,,,,,,,,,,,,,,,,,,,,,,,,,,,,,
"Hour factor SH industry[M1,H13]",0.000196934,,,,,,,,,,,,,,,,,,,,,,,,,,,,,,,,,,,,,,
"Hour factor SH industry[M1,H14]",0.000191396,,,,,,,,,,,,,,,,,,,,,,,,,,,,,,,,,,,,,,
"Hour factor SH industry[M1,H15]",0.000194719,,,,,,,,,,,,,,,,,,,,,,,,,,,,,,,,,,,,,,
"Hour factor SH industry[M1,H16]",0.000193944,,,,,,,,,,,,,,,,,,,,,,,,,,,,,,,,,,,,,,
"Hour factor SH industry[M1,H17]",0.00018896,,,,,,,,,,,,,,,,,,,,,,,,,,,,,,,,,,,,,,
"Hour factor SH industry[M1,H18]",0.00017456,,,,,,,,,,,,,,,,,,,,,,,,,,,,,,,,,,,,,,
"Hour factor SH industry[M1,H19]",0.000168469,,,,,,,,,,,,,,,,,,,,,,,,,,,,,,,,,,,,,,
"Hour factor SH industry[M1,H20]",0.000170352,,,,,,,,,,,,,,,,,,,,,,,,,,,,,,,,,,,,,,
"Hour factor SH industry[M1,H21]",0.000164038,,,,,,,,,,,,,,,,,,,,,,,,,,,,,,,,,,,,,,
"Hour factor SH industry[M1,H22]",0.000151522,,,,,,,,,,,,,,,,,,,,,,,,,,,,,,,,,,,,,,
"Hour factor SH industry[M1,H23]",0.000146095,,,,,,,,,,,,,,,,,,,,,,,,,,,,,,,,,,,,,,
"Hour factor SH industry[M1,H24]",0.000155509,,,,,,,,,,,,,,,,,,,,,,,,,,,,,,,,,,,,,,
"Hour factor SH industry[M2,H1]",0.000154402,,,,,,,,,,,,,,,,,,,,,,,,,,,,,,,,,,,,,,
"Hour factor SH industry[M2,H2]",4.20895E-05,,,,,,,,,,,,,,,,,,,,,,,,,,,,,,,,,,,,,,
"Hour factor SH industry[M2,H3]",0.000163263,,,,,,,,,,,,,,,,,,,,,,,,,,,,,,,,,,,,,,
"Hour factor SH industry[M2,H4]",0.000178769,,,,,,,,,,,,,,,,,,,,,,,,,,,,,,,,,,,,,,
"Hour factor SH industry[M2,H5]",0.000195605,,,,,,,,,,,,,,,,,,,,,,,,,,,,,,,,,,,,,,
"Hour factor SH industry[M2,H6]",0.00023116,,,,,,,,,,,,,,,,,,,,,,,,,,,,,,,,,,,,,,
"Hour factor SH industry[M2,H7]",0.000251872,,,,,,,,,,,,,,,,,,,,,,,,,,,,,,,,,,,,,,
"Hour factor SH industry[M2,H8]",0.000256524,,,,,,,,,,,,,,,,,,,,,,,,,,,,,,,,,,,,,,
"Hour factor SH industry[M2,H9]",0.000243897,,,,,,,,,,,,,,,,,,,,,,,,,,,,,,,,,,,,,,
"Hour factor SH industry[M2,H10]",0.000228944,,,,,,,,,,,,,,,,,,,,,,,,,,,,,,,,,,,,,,
"Hour factor SH industry[M2,H11]",0.000221634,,,,,,,,,,,,,,,,,,,,,,,,,,,,,,,,,,,,,,
"Hour factor SH industry[M2,H12]",0.000204466,,,,,,,,,,,,,,,,,,,,,,,,,,,,,,,,,,,,,,
"Hour factor SH industry[M2,H13]",0.000196934,,,,,,,,,,,,,,,,,,,,,,,,,,,,,,,,,,,,,,
"Hour factor SH industry[M2,H14]",0.000191396,,,,,,,,,,,,,,,,,,,,,,,,,,,,,,,,,,,,,,
"Hour factor SH industry[M2,H15]",0.000194719,,,,,,,,,,,,,,,,,,,,,,,,,,,,,,,,,,,,,,
"Hour factor SH industry[M2,H16]",0.000193944,,,,,,,,,,,,,,,,,,,,,,,,,,,,,,,,,,,,,,
"Hour factor SH industry[M2,H17]",0.00018896,,,,,,,,,,,,,,,,,,,,,,,,,,,,,,,,,,,,,,
"Hour factor SH industry[M2,H18]",0.00017456,,,,,,,,,,,,,,,,,,,,,,,,,,,,,,,,,,,,,,
"Hour factor SH industry[M2,H19]",0.000168469,,,,,,,,,,,,,,,,,,,,,,,,,,,,,,,,,,,,,,
"Hour factor SH industry[M2,H20]",0.000170352,,,,,,,,,,,,,,,,,,,,,,,,,,,,,,,,,,,,,,
"Hour factor SH industry[M2,H21]",0.000164038,,,,,,,,,,,,,,,,,,,,,,,,,,,,,,,,,,,,,,
"Hour factor SH industry[M2,H22]",0.000151522,,,,,,,,,,,,,,,,,,,,,,,,,,,,,,,,,,,,,,
"Hour factor SH industry[M2,H23]",0.000146095,,,,,,,,,,,,,,,,,,,,,,,,,,,,,,,,,,,,,,
"Hour factor SH industry[M2,H24]",0.000155509,,,,,,,,,,,,,,,,,,,,,,,,,,,,,,,,,,,,,,
"Hour factor SH industry[M3,H1]",0.000154402,,,,,,,,,,,,,,,,,,,,,,,,,,,,,,,,,,,,,,
"Hour factor SH industry[M3,H2]",4.20895E-05,,,,,,,,,,,,,,,,,,,,,,,,,,,,,,,,,,,,,,
"Hour factor SH industry[M3,H3]",0.000163263,,,,,,,,,,,,,,,,,,,,,,,,,,,,,,,,,,,,,,
"Hour factor SH industry[M3,H4]",0.000178769,,,,,,,,,,,,,,,,,,,,,,,,,,,,,,,,,,,,,,
"Hour factor SH industry[M3,H5]",0.000195605,,,,,,,,,,,,,,,,,,,,,,,,,,,,,,,,,,,,,,
"Hour factor SH industry[M3,H6]",0.00023116,,,,,,,,,,,,,,,,,,,,,,,,,,,,,,,,,,,,,,
"Hour factor SH industry[M3,H7]",0.000251872,,,,,,,,,,,,,,,,,,,,,,,,,,,,,,,,,,,,,,
"Hour factor SH industry[M3,H8]",0.000256524,,,,,,,,,,,,,,,,,,,,,,,,,,,,,,,,,,,,,,
"Hour factor SH industry[M3,H9]",0.000243897,,,,,,,,,,,,,,,,,,,,,,,,,,,,,,,,,,,,,,
"Hour factor SH industry[M3,H10]",0.000228944,,,,,,,,,,,,,,,,,,,,,,,,,,,,,,,,,,,,,,
"Hour factor SH industry[M3,H11]",0.000221634,,,,,,,,,,,,,,,,,,,,,,,,,,,,,,,,,,,,,,
"Hour factor SH industry[M3,H12]",0.000204466,,,,,,,,,,,,,,,,,,,,,,,,,,,,,,,,,,,,,,
"Hour factor SH industry[M3,H13]",0.000196934,,,,,,,,,,,,,,,,,,,,,,,,,,,,,,,,,,,,,,
"Hour factor SH industry[M3,H14]",0.000191396,,,,,,,,,,,,,,,,,,,,,,,,,,,,,,,,,,,,,,
"Hour factor SH industry[M3,H15]",0.000194719,,,,,,,,,,,,,,,,,,,,,,,,,,,,,,,,,,,,,,
"Hour factor SH industry[M3,H16]",0.000193944,,,,,,,,,,,,,,,,,,,,,,,,,,,,,,,,,,,,,,
"Hour factor SH industry[M3,H17]",0.00018896,,,,,,,,,,,,,,,,,,,,,,,,,,,,,,,,,,,,,,
"Hour factor SH industry[M3,H18]",0.00017456,,,,,,,,,,,,,,,,,,,,,,,,,,,,,,,,,,,,,,
"Hour factor SH industry[M3,H19]",0.000168469,,,,,,,,,,,,,,,,,,,,,,,,,,,,,,,,,,,,,,
"Hour factor SH industry[M3,H20]",0.000170352,,,,,,,,,,,,,,,,,,,,,,,,,,,,,,,,,,,,,,
"Hour factor SH industry[M3,H21]",0.000164038,,,,,,,,,,,,,,,,,,,,,,,,,,,,,,,,,,,,,,
"Hour factor SH industry[M3,H22]",0.000151522,,,,,,,,,,,,,,,,,,,,,,,,,,,,,,,,,,,,,,
"Hour factor SH industry[M3,H23]",0.000146095,,,,,,,,,,,,,,,,,,,,,,,,,,,,,,,,,,,,,,
"Hour factor SH industry[M3,H24]",0.000155509,,,,,,,,,,,,,,,,,,,,,,,,,,,,,,,,,,,,,,
"Hour factor SH industry[M4,H1]",9.44347E-05,,,,,,,,,,,,,,,,,,,,,,,,,,,,,,,,,,,,,,
"Hour factor SH industry[M4,H2]",9.51471E-05,,,,,,,,,,,,,,,,,,,,,,,,,,,,,,,,,,,,,,
"Hour factor SH industry[M4,H3]",0.000100795,,,,,,,,,,,,,,,,,,,,,,,,,,,,,,,,,,,,,,
"Hour factor SH industry[M4,H4]",0.000116913,,,,,,,,,,,,,,,,,,,,,,,,,,,,,,,,,,,,,,
"Hour factor SH industry[M4,H5]",0.000135678,,,,,,,,,,,,,,,,,,,,,,,,,,,,,,,,,,,,,,
"Hour factor SH industry[M4,H6]",0.000158546,,,,,,,,,,,,,,,,,,,,,,,,,,,,,,,,,,,,,,
"Hour factor SH industry[M4,H7]",0.000167122,,,,,,,,,,,,,,,,,,,,,,,,,,,,,,,,,,,,,,
"Hour factor SH industry[M4,H8]",0.000169237,,,,,,,,,,,,,,,,,,,,,,,,,,,,,,,,,,,,,,
"Hour factor SH industry[M4,H9]",0.00015362,,,,,,,,,,,,,,,,,,,,,,,,,,,,,,,,,,,,,,
"Hour factor SH industry[M4,H10]",0.000141402,,,,,,,,,,,,,,,,,,,,,,,,,,,,,,,,,,,,,,
"Hour factor SH industry[M4,H11]",0.000133362,,,,,,,,,,,,,,,,,,,,,,,,,,,,,,,,,,,,,,
"Hour factor SH industry[M4,H12]",0.000123012,,,,,,,,,,,,,,,,,,,,,,,,,,,,,,,,,,,,,,
"Hour factor SH industry[M4,H13]",0.000113891,,,,,,,,,,,,,,,,,,,,,,,,,,,,,,,,,,,,,,
"Hour factor SH industry[M4,H14]",0.000106915,,,,,,,,,,,,,,,,,,,,,,,,,,,,,,,,,,,,,,
"Hour factor SH industry[M4,H15]",0.00010401,,,,,,,,,,,,,,,,,,,,,,,,,,,,,,,,,,,,,,
"Hour factor SH industry[M4,H16]",0.000102743,,,,,,,,,,,,,,,,,,,,,,,,,,,,,,,,,,,,,,
"Hour factor SH industry[M4,H17]",0.00010227,,,,,,,,,,,,,,,,,,,,,,,,,,,,,,,,,,,,,,
"Hour factor SH industry[M4,H18]",9.66198E-05,,,,,,,,,,,,,,,,,,,,,,,,,,,,,,,,,,,,,,
"Hour factor SH industry[M4,H19]",9.65094E-05,,,,,,,,,,,,,,,,,,,,,,,,,,,,,,,,,,,,,,
"Hour factor SH industry[M4,H20]",9.52878E-05,,,,,,,,,,,,,,,,,,,,,,,,,,,,,,,,,,,,,,
"Hour factor SH industry[M4,H21]",9.41665E-05,,,,,,,,,,,,,,,,,,,,,,,,,,,,,,,,,,,,,,
"Hour factor SH industry[M4,H22]",8.65627E-05,,,,,,,,,,,,,,,,,,,,,,,,,,,,,,,,,,,,,,
"Hour factor SH industry[M4,H23]",8.28633E-05,,,,,,,,,,,,,,,,,,,,,,,,,,,,,,,,,,,,,,
"Hour factor SH industry[M4,H24]",9.20904E-05,,,,,,,,,,,,,,,,,,,,,,,,,,,,,,,,,,,,,,
"Hour factor SH industry[M5,H1]",9.44347E-05,,,,,,,,,,,,,,,,,,,,,,,,,,,,,,,,,,,,,,
"Hour factor SH industry[M5,H2]",9.51471E-05,,,,,,,,,,,,,,,,,,,,,,,,,,,,,,,,,,,,,,
"Hour factor SH industry[M5,H3]",0.000100795,,,,,,,,,,,,,,,,,,,,,,,,,,,,,,,,,,,,,,
"Hour factor SH industry[M5,H4]",0.000116913,,,,,,,,,,,,,,,,,,,,,,,,,,,,,,,,,,,,,,
"Hour factor SH industry[M5,H5]",0.000135678,,,,,,,,,,,,,,,,,,,,,,,,,,,,,,,,,,,,,,
"Hour factor SH industry[M5,H6]",0.000158546,,,,,,,,,,,,,,,,,,,,,,,,,,,,,,,,,,,,,,
"Hour factor SH industry[M5,H7]",0.000167122,,,,,,,,,,,,,,,,,,,,,,,,,,,,,,,,,,,,,,
"Hour factor SH industry[M5,H8]",0.000169237,,,,,,,,,,,,,,,,,,,,,,,,,,,,,,,,,,,,,,
"Hour factor SH industry[M5,H9]",0.00015362,,,,,,,,,,,,,,,,,,,,,,,,,,,,,,,,,,,,,,
"Hour factor SH industry[M5,H10]",0.000141402,,,,,,,,,,,,,,,,,,,,,,,,,,,,,,,,,,,,,,
"Hour factor SH industry[M5,H11]",0.000133362,,,,,,,,,,,,,,,,,,,,,,,,,,,,,,,,,,,,,,
"Hour factor SH industry[M5,H12]",0.000123012,,,,,,,,,,,,,,,,,,,,,,,,,,,,,,,,,,,,,,
"Hour factor SH industry[M5,H13]",0.000113891,,,,,,,,,,,,,,,,,,,,,,,,,,,,,,,,,,,,,,
"Hour factor SH industry[M5,H14]",0.000106915,,,,,,,,,,,,,,,,,,,,,,,,,,,,,,,,,,,,,,
"Hour factor SH industry[M5,H15]",0.00010401,,,,,,,,,,,,,,,,,,,,,,,,,,,,,,,,,,,,,,
"Hour factor SH industry[M5,H16]",0.000102743,,,,,,,,,,,,,,,,,,,,,,,,,,,,,,,,,,,,,,
"Hour factor SH industry[M5,H17]",0.00010227,,,,,,,,,,,,,,,,,,,,,,,,,,,,,,,,,,,,,,
"Hour factor SH industry[M5,H18]",9.66198E-05,,,,,,,,,,,,,,,,,,,,,,,,,,,,,,,,,,,,,,
"Hour factor SH industry[M5,H19]",9.65094E-05,,,,,,,,,,,,,,,,,,,,,,,,,,,,,,,,,,,,,,
"Hour factor SH industry[M5,H20]",9.52878E-05,,,,,,,,,,,,,,,,,,,,,,,,,,,,,,,,,,,,,,
"Hour factor SH industry[M5,H21]",9.41665E-05,,,,,,,,,,,,,,,,,,,,,,,,,,,,,,,,,,,,,,
"Hour factor SH industry[M5,H22]",8.65627E-05,,,,,,,,,,,,,,,,,,,,,,,,,,,,,,,,,,,,,,
"Hour factor SH industry[M5,H23]",8.28633E-05,,,,,,,,,,,,,,,,,,,,,,,,,,,,,,,,,,,,,,
"Hour factor SH industry[M5,H24]",9.20904E-05,,,,,,,,,,,,,,,,,,,,,,,,,,,,,,,,,,,,,,
"Hour factor SH industry[M6,H1]",9.44347E-05,,,,,,,,,,,,,,,,,,,,,,,,,,,,,,,,,,,,,,
"Hour factor SH industry[M6,H2]",9.51471E-05,,,,,,,,,,,,,,,,,,,,,,,,,,,,,,,,,,,,,,
"Hour factor SH industry[M6,H3]",0.000100795,,,,,,,,,,,,,,,,,,,,,,,,,,,,,,,,,,,,,,
"Hour factor SH industry[M6,H4]",0.000116913,,,,,,,,,,,,,,,,,,,,,,,,,,,,,,,,,,,,,,
"Hour factor SH industry[M6,H5]",0.000135678,,,,,,,,,,,,,,,,,,,,,,,,,,,,,,,,,,,,,,
"Hour factor SH industry[M6,H6]",0.000158546,,,,,,,,,,,,,,,,,,,,,,,,,,,,,,,,,,,,,,
"Hour factor SH industry[M6,H7]",0.000167122,,,,,,,,,,,,,,,,,,,,,,,,,,,,,,,,,,,,,,
"Hour factor SH industry[M6,H8]",0.000169237,,,,,,,,,,,,,,,,,,,,,,,,,,,,,,,,,,,,,,
"Hour factor SH industry[M6,H9]",0.00015362,,,,,,,,,,,,,,,,,,,,,,,,,,,,,,,,,,,,,,
"Hour factor SH industry[M6,H10]",0.000141402,,,,,,,,,,,,,,,,,,,,,,,,,,,,,,,,,,,,,,
"Hour factor SH industry[M6,H11]",0.000133362,,,,,,,,,,,,,,,,,,,,,,,,,,,,,,,,,,,,,,
"Hour factor SH industry[M6,H12]",0.000123012,,,,,,,,,,,,,,,,,,,,,,,,,,,,,,,,,,,,,,
"Hour factor SH industry[M6,H13]",0.000113891,,,,,,,,,,,,,,,,,,,,,,,,,,,,,,,,,,,,,,
"Hour factor SH industry[M6,H14]",0.000106915,,,,,,,,,,,,,,,,,,,,,,,,,,,,,,,,,,,,,,
"Hour factor SH industry[M6,H15]",0.00010401,,,,,,,,,,,,,,,,,,,,,,,,,,,,,,,,,,,,,,
"Hour factor SH industry[M6,H16]",0.000102743,,,,,,,,,,,,,,,,,,,,,,,,,,,,,,,,,,,,,,
"Hour factor SH industry[M6,H17]",0.00010227,,,,,,,,,,,,,,,,,,,,,,,,,,,,,,,,,,,,,,
"Hour factor SH industry[M6,H18]",9.66198E-05,,,,,,,,,,,,,,,,,,,,,,,,,,,,,,,,,,,,,,
"Hour factor SH industry[M6,H19]",9.65094E-05,,,,,,,,,,,,,,,,,,,,,,,,,,,,,,,,,,,,,,
"Hour factor SH industry[M6,H20]",9.52878E-05,,,,,,,,,,,,,,,,,,,,,,,,,,,,,,,,,,,,,,
"Hour factor SH industry[M6,H21]",9.41665E-05,,,,,,,,,,,,,,,,,,,,,,,,,,,,,,,,,,,,,,
"Hour factor SH industry[M6,H22]",8.65627E-05,,,,,,,,,,,,,,,,,,,,,,,,,,,,,,,,,,,,,,
"Hour factor SH industry[M6,H23]",8.28633E-05,,,,,,,,,,,,,,,,,,,,,,,,,,,,,,,,,,,,,,
"Hour factor SH industry[M6,H24]",9.20904E-05,,,,,,,,,,,,,,,,,,,,,,,,,,,,,,,,,,,,,,
"Hour factor SH industry[M7,H1]",2.92521E-05,,,,,,,,,,,,,,,,,,,,,,,,,,,,,,,,,,,,,,
"Hour factor SH industry[M7,H2]",3.23517E-05,,,,,,,,,,,,,,,,,,,,,,,,,,,,,,,,,,,,,,
"Hour factor SH industry[M7,H3]",3.62619E-05,,,,,,,,,,,,,,,,,,,,,,,,,,,,,,,,,,,,,,
"Hour factor SH industry[M7,H4]",4.52908E-05,,,,,,,,,,,,,,,,,,,,,,,,,,,,,,,,,,,,,,
"Hour factor SH industry[M7,H5]",5.487E-05,,,,,,,,,,,,,,,,,,,,,,,,,,,,,,,,,,,,,,
"Hour factor SH industry[M7,H6]",6.65147E-05,,,,,,,,,,,,,,,,,,,,,,,,,,,,,,,,,,,,,,
"Hour factor SH industry[M7,H7]",6.59441E-05,,,,,,,,,,,,,,,,,,,,,,,,,,,,,,,,,,,,,,
"Hour factor SH industry[M7,H8]",5.94459E-05,,,,,,,,,,,,,,,,,,,,,,,,,,,,,,,,,,,,,,
"Hour factor SH industry[M7,H9]",5.3258E-05,,,,,,,,,,,,,,,,,,,,,,,,,,,,,,,,,,,,,,
"Hour factor SH industry[M7,H10]",5.12941E-05,,,,,,,,,,,,,,,,,,,,,,,,,,,,,,,,,,,,,,
"Hour factor SH industry[M7,H11]",4.52858E-05,,,,,,,,,,,,,,,,,,,,,,,,,,,,,,,,,,,,,,
"Hour factor SH industry[M7,H12]",4.5135E-05,,,,,,,,,,,,,,,,,,,,,,,,,,,,,,,,,,,,,,
"Hour factor SH industry[M7,H13]",3.84923E-05,,,,,,,,,,,,,,,,,,,,,,,,,,,,,,,,,,,,,,
"Hour factor SH industry[M7,H14]",3.34369E-05,,,,,,,,,,,,,,,,,,,,,,,,,,,,,,,,,,,,,,
"Hour factor SH industry[M7,H15]",3.26773E-05,,,,,,,,,,,,,,,,,,,,,,,,,,,,,,,,,,,,,,
"Hour factor SH industry[M7,H16]",3.00938E-05,,,,,,,,,,,,,,,,,,,,,,,,,,,,,,,,,,,,,,
"Hour factor SH industry[M7,H17]",3.15283E-05,,,,,,,,,,,,,,,,,,,,,,,,,,,,,,,,,,,,,,
"Hour factor SH industry[M7,H18]",3.06148E-05,,,,,,,,,,,,,,,,,,,,,,,,,,,,,,,,,,,,,,
"Hour factor SH industry[M7,H19]",3.36313E-05,,,,,,,,,,,,,,,,,,,,,,,,,,,,,,,,,,,,,,
"Hour factor SH industry[M7,H20]",3.45488E-05,,,,,,,,,,,,,,,,,,,,,,,,,,,,,,,,,,,,,,
"Hour factor SH industry[M7,H21]",3.22857E-05,,,,,,,,,,,,,,,,,,,,,,,,,,,,,,,,,,,,,,
"Hour factor SH industry[M7,H22]",2.85878E-05,,,,,,,,,,,,,,,,,,,,,,,,,,,,,,,,,,,,,,
"Hour factor SH industry[M7,H23]",2.66708E-05,,,,,,,,,,,,,,,,,,,,,,,,,,,,,,,,,,,,,,
"Hour factor SH industry[M7,H24]",2.59164E-05,,,,,,,,,,,,,,,,,,,,,,,,,,,,,,,,,,,,,,
"Hour factor SH industry[M8,H1]",2.92521E-05,,,,,,,,,,,,,,,,,,,,,,,,,,,,,,,,,,,,,,
"Hour factor SH industry[M8,H2]",3.23517E-05,,,,,,,,,,,,,,,,,,,,,,,,,,,,,,,,,,,,,,
"Hour factor SH industry[M8,H3]",3.62619E-05,,,,,,,,,,,,,,,,,,,,,,,,,,,,,,,,,,,,,,
"Hour factor SH industry[M8,H4]",4.52908E-05,,,,,,,,,,,,,,,,,,,,,,,,,,,,,,,,,,,,,,
"Hour factor SH industry[M8,H5]",5.487E-05,,,,,,,,,,,,,,,,,,,,,,,,,,,,,,,,,,,,,,
"Hour factor SH industry[M8,H6]",6.65147E-05,,,,,,,,,,,,,,,,,,,,,,,,,,,,,,,,,,,,,,
"Hour factor SH industry[M8,H7]",6.59441E-05,,,,,,,,,,,,,,,,,,,,,,,,,,,,,,,,,,,,,,
"Hour factor SH industry[M8,H8]",5.94459E-05,,,,,,,,,,,,,,,,,,,,,,,,,,,,,,,,,,,,,,
"Hour factor SH industry[M8,H9]",5.3258E-05,,,,,,,,,,,,,,,,,,,,,,,,,,,,,,,,,,,,,,
"Hour factor SH industry[M8,H10]",5.12941E-05,,,,,,,,,,,,,,,,,,,,,,,,,,,,,,,,,,,,,,
"Hour factor SH industry[M8,H11]",4.52858E-05,,,,,,,,,,,,,,,,,,,,,,,,,,,,,,,,,,,,,,
"Hour factor SH industry[M8,H12]",4.5135E-05,,,,,,,,,,,,,,,,,,,,,,,,,,,,,,,,,,,,,,
"Hour factor SH industry[M8,H13]",3.84923E-05,,,,,,,,,,,,,,,,,,,,,,,,,,,,,,,,,,,,,,
"Hour factor SH industry[M8,H14]",3.34369E-05,,,,,,,,,,,,,,,,,,,,,,,,,,,,,,,,,,,,,,
"Hour factor SH industry[M8,H15]",3.26773E-05,,,,,,,,,,,,,,,,,,,,,,,,,,,,,,,,,,,,,,
"Hour factor SH industry[M8,H16]",3.00938E-05,,,,,,,,,,,,,,,,,,,,,,,,,,,,,,,,,,,,,,
"Hour factor SH industry[M8,H17]",3.15283E-05,,,,,,,,,,,,,,,,,,,,,,,,,,,,,,,,,,,,,,
"Hour factor SH industry[M8,H18]",3.06148E-05,,,,,,,,,,,,,,,,,,,,,,,,,,,,,,,,,,,,,,
"Hour factor SH industry[M8,H19]",3.36313E-05,,,,,,,,,,,,,,,,,,,,,,,,,,,,,,,,,,,,,,
"Hour factor SH industry[M8,H20]",3.45488E-05,,,,,,,,,,,,,,,,,,,,,,,,,,,,,,,,,,,,,,
"Hour factor SH industry[M8,H21]",3.22857E-05,,,,,,,,,,,,,,,,,,,,,,,,,,,,,,,,,,,,,,
"Hour factor SH industry[M8,H22]",2.85878E-05,,,,,,,,,,,,,,,,,,,,,,,,,,,,,,,,,,,,,,
"Hour factor SH industry[M8,H23]",2.66708E-05,,,,,,,,,,,,,,,,,,,,,,,,,,,,,,,,,,,,,,
"Hour factor SH industry[M8,H24]",2.59164E-05,,,,,,,,,,,,,,,,,,,,,,,,,,,,,,,,,,,,,,
"Hour factor SH industry[M9,H1]",2.92521E-05,,,,,,,,,,,,,,,,,,,,,,,,,,,,,,,,,,,,,,
"Hour factor SH industry[M9,H2]",3.23517E-05,,,,,,,,,,,,,,,,,,,,,,,,,,,,,,,,,,,,,,
"Hour factor SH industry[M9,H3]",3.62619E-05,,,,,,,,,,,,,,,,,,,,,,,,,,,,,,,,,,,,,,
"Hour factor SH industry[M9,H4]",4.52908E-05,,,,,,,,,,,,,,,,,,,,,,,,,,,,,,,,,,,,,,
"Hour factor SH industry[M9,H5]",5.487E-05,,,,,,,,,,,,,,,,,,,,,,,,,,,,,,,,,,,,,,
"Hour factor SH industry[M9,H6]",6.65147E-05,,,,,,,,,,,,,,,,,,,,,,,,,,,,,,,,,,,,,,
"Hour factor SH industry[M9,H7]",6.59441E-05,,,,,,,,,,,,,,,,,,,,,,,,,,,,,,,,,,,,,,
"Hour factor SH industry[M9,H8]",5.94459E-05,,,,,,,,,,,,,,,,,,,,,,,,,,,,,,,,,,,,,,
"Hour factor SH industry[M9,H9]",5.3258E-05,,,,,,,,,,,,,,,,,,,,,,,,,,,,,,,,,,,,,,
"Hour factor SH industry[M9,H10]",5.12941E-05,,,,,,,,,,,,,,,,,,,,,,,,,,,,,,,,,,,,,,
"Hour factor SH industry[M9,H11]",4.52858E-05,,,,,,,,,,,,,,,,,,,,,,,,,,,,,,,,,,,,,,
"Hour factor SH industry[M9,H12]",4.5135E-05,,,,,,,,,,,,,,,,,,,,,,,,,,,,,,,,,,,,,,
"Hour factor SH industry[M9,H13]",3.84923E-05,,,,,,,,,,,,,,,,,,,,,,,,,,,,,,,,,,,,,,
"Hour factor SH industry[M9,H14]",3.34369E-05,,,,,,,,,,,,,,,,,,,,,,,,,,,,,,,,,,,,,,
"Hour factor SH industry[M9,H15]",3.26773E-05,,,,,,,,,,,,,,,,,,,,,,,,,,,,,,,,,,,,,,
"Hour factor SH industry[M9,H16]",3.00938E-05,,,,,,,,,,,,,,,,,,,,,,,,,,,,,,,,,,,,,,
"Hour factor SH industry[M9,H17]",3.15283E-05,,,,,,,,,,,,,,,,,,,,,,,,,,,,,,,,,,,,,,
"Hour factor SH industry[M9,H18]",3.06148E-05,,,,,,,,,,,,,,,,,,,,,,,,,,,,,,,,,,,,,,
"Hour factor SH industry[M9,H19]",3.36313E-05,,,,,,,,,,,,,,,,,,,,,,,,,,,,,,,,,,,,,,
"Hour factor SH industry[M9,H20]",3.45488E-05,,,,,,,,,,,,,,,,,,,,,,,,,,,,,,,,,,,,,,
"Hour factor SH industry[M9,H21]",3.22857E-05,,,,,,,,,,,,,,,,,,,,,,,,,,,,,,,,,,,,,,
"Hour factor SH industry[M9,H22]",2.85878E-05,,,,,,,,,,,,,,,,,,,,,,,,,,,,,,,,,,,,,,
"Hour factor SH industry[M9,H23]",2.66708E-05,,,,,,,,,,,,,,,,,,,,,,,,,,,,,,,,,,,,,,
"Hour factor SH industry[M9,H24]",2.59164E-05,,,,,,,,,,,,,,,,,,,,,,,,,,,,,,,,,,,,,,
"Hour factor SH industry[M10,H1]",9.44347E-05,,,,,,,,,,,,,,,,,,,,,,,,,,,,,,,,,,,,,,
"Hour factor SH industry[M10,H2]",9.51471E-05,,,,,,,,,,,,,,,,,,,,,,,,,,,,,,,,,,,,,,
"Hour factor SH industry[M10,H3]",0.000100795,,,,,,,,,,,,,,,,,,,,,,,,,,,,,,,,,,,,,,
"Hour factor SH industry[M10,H4]",0.000116913,,,,,,,,,,,,,,,,,,,,,,,,,,,,,,,,,,,,,,
"Hour factor SH industry[M10,H5]",0.000135678,,,,,,,,,,,,,,,,,,,,,,,,,,,,,,,,,,,,,,
"Hour factor SH industry[M10,H6]",0.000158546,,,,,,,,,,,,,,,,,,,,,,,,,,,,,,,,,,,,,,
"Hour factor SH industry[M10,H7]",0.000167122,,,,,,,,,,,,,,,,,,,,,,,,,,,,,,,,,,,,,,
"Hour factor SH industry[M10,H8]",0.000169237,,,,,,,,,,,,,,,,,,,,,,,,,,,,,,,,,,,,,,
"Hour factor SH industry[M10,H9]",0.00015362,,,,,,,,,,,,,,,,,,,,,,,,,,,,,,,,,,,,,,
"Hour factor SH industry[M10,H10]",0.000141402,,,,,,,,,,,,,,,,,,,,,,,,,,,,,,,,,,,,,,
"Hour factor SH industry[M10,H11]",0.000133362,,,,,,,,,,,,,,,,,,,,,,,,,,,,,,,,,,,,,,
"Hour factor SH industry[M10,H12]",0.000123012,,,,,,,,,,,,,,,,,,,,,,,,,,,,,,,,,,,,,,
"Hour factor SH industry[M10,H13]",0.000113891,,,,,,,,,,,,,,,,,,,,,,,,,,,,,,,,,,,,,,
"Hour factor SH industry[M10,H14]",0.000106915,,,,,,,,,,,,,,,,,,,,,,,,,,,,,,,,,,,,,,
"Hour factor SH industry[M10,H15]",0.00010401,,,,,,,,,,,,,,,,,,,,,,,,,,,,,,,,,,,,,,
"Hour factor SH industry[M10,H16]",0.000102743,,,,,,,,,,,,,,,,,,,,,,,,,,,,,,,,,,,,,,
"Hour factor SH industry[M10,H17]",0.00010227,,,,,,,,,,,,,,,,,,,,,,,,,,,,,,,,,,,,,,
"Hour factor SH industry[M10,H18]",9.66198E-05,,,,,,,,,,,,,,,,,,,,,,,,,,,,,,,,,,,,,,
"Hour factor SH industry[M10,H19]",9.65094E-05,,,,,,,,,,,,,,,,,,,,,,,,,,,,,,,,,,,,,,
"Hour factor SH industry[M10,H20]",9.52878E-05,,,,,,,,,,,,,,,,,,,,,,,,,,,,,,,,,,,,,,
"Hour factor SH industry[M10,H21]",9.41665E-05,,,,,,,,,,,,,,,,,,,,,,,,,,,,,,,,,,,,,,
"Hour factor SH industry[M10,H22]",8.65627E-05,,,,,,,,,,,,,,,,,,,,,,,,,,,,,,,,,,,,,,
"Hour factor SH industry[M10,H23]",8.28633E-05,,,,,,,,,,,,,,,,,,,,,,,,,,,,,,,,,,,,,,
"Hour factor SH industry[M10,H24]",9.20904E-05,,,,,,,,,,,,,,,,,,,,,,,,,,,,,,,,,,,,,,
"Hour factor SH industry[M11,H1]",9.44347E-05,,,,,,,,,,,,,,,,,,,,,,,,,,,,,,,,,,,,,,
"Hour factor SH industry[M11,H2]",9.51471E-05,,,,,,,,,,,,,,,,,,,,,,,,,,,,,,,,,,,,,,
"Hour factor SH industry[M11,H3]",0.000100795,,,,,,,,,,,,,,,,,,,,,,,,,,,,,,,,,,,,,,
"Hour factor SH industry[M11,H4]",0.000116913,,,,,,,,,,,,,,,,,,,,,,,,,,,,,,,,,,,,,,
"Hour factor SH industry[M11,H5]",0.000135678,,,,,,,,,,,,,,,,,,,,,,,,,,,,,,,,,,,,,,
"Hour factor SH industry[M11,H6]",0.000158546,,,,,,,,,,,,,,,,,,,,,,,,,,,,,,,,,,,,,,
"Hour factor SH industry[M11,H7]",0.000167122,,,,,,,,,,,,,,,,,,,,,,,,,,,,,,,,,,,,,,
"Hour factor SH industry[M11,H8]",0.000169237,,,,,,,,,,,,,,,,,,,,,,,,,,,,,,,,,,,,,,
"Hour factor SH industry[M11,H9]",0.00015362,,,,,,,,,,,,,,,,,,,,,,,,,,,,,,,,,,,,,,
"Hour factor SH industry[M11,H10]",0.000141402,,,,,,,,,,,,,,,,,,,,,,,,,,,,,,,,,,,,,,
"Hour factor SH industry[M11,H11]",0.000133362,,,,,,,,,,,,,,,,,,,,,,,,,,,,,,,,,,,,,,
"Hour factor SH industry[M11,H12]",0.000123012,,,,,,,,,,,,,,,,,,,,,,,,,,,,,,,,,,,,,,
"Hour factor SH industry[M11,H13]",0.000113891,,,,,,,,,,,,,,,,,,,,,,,,,,,,,,,,,,,,,,
"Hour factor SH industry[M11,H14]",0.000106915,,,,,,,,,,,,,,,,,,,,,,,,,,,,,,,,,,,,,,
"Hour factor SH industry[M11,H15]",0.00010401,,,,,,,,,,,,,,,,,,,,,,,,,,,,,,,,,,,,,,
"Hour factor SH industry[M11,H16]",0.000102743,,,,,,,,,,,,,,,,,,,,,,,,,,,,,,,,,,,,,,
"Hour factor SH industry[M11,H17]",0.00010227,,,,,,,,,,,,,,,,,,,,,,,,,,,,,,,,,,,,,,
"Hour factor SH industry[M11,H18]",9.66198E-05,,,,,,,,,,,,,,,,,,,,,,,,,,,,,,,,,,,,,,
"Hour factor SH industry[M11,H19]",9.65094E-05,,,,,,,,,,,,,,,,,,,,,,,,,,,,,,,,,,,,,,
"Hour factor SH industry[M11,H20]",9.52878E-05,,,,,,,,,,,,,,,,,,,,,,,,,,,,,,,,,,,,,,
"Hour factor SH industry[M11,H21]",9.41665E-05,,,,,,,,,,,,,,,,,,,,,,,,,,,,,,,,,,,,,,
"Hour factor SH industry[M11,H22]",8.65627E-05,,,,,,,,,,,,,,,,,,,,,,,,,,,,,,,,,,,,,,
"Hour factor SH industry[M11,H23]",8.28633E-05,,,,,,,,,,,,,,,,,,,,,,,,,,,,,,,,,,,,,,
"Hour factor SH industry[M11,H24]",9.20904E-05,,,,,,,,,,,,,,,,,,,,,,,,,,,,,,,,,,,,,,
"Hour factor SH industry[M12,H1]",9.44347E-05,,,,,,,,,,,,,,,,,,,,,,,,,,,,,,,,,,,,,,
"Hour factor SH industry[M12,H2]",9.51471E-05,,,,,,,,,,,,,,,,,,,,,,,,,,,,,,,,,,,,,,
"Hour factor SH industry[M12,H3]",0.000100795,,,,,,,,,,,,,,,,,,,,,,,,,,,,,,,,,,,,,,
"Hour factor SH industry[M12,H4]",0.000116913,,,,,,,,,,,,,,,,,,,,,,,,,,,,,,,,,,,,,,
"Hour factor SH industry[M12,H5]",0.000135678,,,,,,,,,,,,,,,,,,,,,,,,,,,,,,,,,,,,,,
"Hour factor SH industry[M12,H6]",0.000158546,,,,,,,,,,,,,,,,,,,,,,,,,,,,,,,,,,,,,,
"Hour factor SH industry[M12,H7]",0.000167122,,,,,,,,,,,,,,,,,,,,,,,,,,,,,,,,,,,,,,
"Hour factor SH industry[M12,H8]",0.000169237,,,,,,,,,,,,,,,,,,,,,,,,,,,,,,,,,,,,,,
"Hour factor SH industry[M12,H9]",0.00015362,,,,,,,,,,,,,,,,,,,,,,,,,,,,,,,,,,,,,,
"Hour factor SH industry[M12,H10]",0.000141402,,,,,,,,,,,,,,,,,,,,,,,,,,,,,,,,,,,,,,
"Hour factor SH industry[M12,H11]",0.000133362,,,,,,,,,,,,,,,,,,,,,,,,,,,,,,,,,,,,,,
"Hour factor SH industry[M12,H12]",0.000123012,,,,,,,,,,,,,,,,,,,,,,,,,,,,,,,,,,,,,,
"Hour factor SH industry[M12,H13]",0.000113891,,,,,,,,,,,,,,,,,,,,,,,,,,,,,,,,,,,,,,
"Hour factor SH industry[M12,H14]",0.000106915,,,,,,,,,,,,,,,,,,,,,,,,,,,,,,,,,,,,,,
"Hour factor SH industry[M12,H15]",0.00010401,,,,,,,,,,,,,,,,,,,,,,,,,,,,,,,,,,,,,,
"Hour factor SH industry[M12,H16]",0.000102743,,,,,,,,,,,,,,,,,,,,,,,,,,,,,,,,,,,,,,
"Hour factor SH industry[M12,H17]",0.00010227,,,,,,,,,,,,,,,,,,,,,,,,,,,,,,,,,,,,,,
"Hour factor SH industry[M12,H18]",9.66198E-05,,,,,,,,,,,,,,,,,,,,,,,,,,,,,,,,,,,,,,
"Hour factor SH industry[M12,H19]",9.65094E-05,,,,,,,,,,,,,,,,,,,,,,,,,,,,,,,,,,,,,,
"Hour factor SH industry[M12,H20]",9.52878E-05,,,,,,,,,,,,,,,,,,,,,,,,,,,,,,,,,,,,,,
"Hour factor SH industry[M12,H21]",9.41665E-05,,,,,,,,,,,,,,,,,,,,,,,,,,,,,,,,,,,,,,
"Hour factor SH industry[M12,H22]",8.65627E-05,,,,,,,,,,,,,,,,,,,,,,,,,,,,,,,,,,,,,,
"Hour factor SH industry[M12,H23]",8.28633E-05,,,,,,,,,,,,,,,,,,,,,,,,,,,,,,,,,,,,,,
"Hour factor SH industry[M12,H24]",9.20904E-05,,,,,,,,,,,,,,,,,,,,,,,,,,,,,,,,,,,,,,
"Hour factor SH residential[M1,H1]",0.000110466,,,,,,,,,,,,,,,,,,,,,,,,,,,,,,,,,,,,,,
"Hour factor SH residential[M1,H2]",0.000111342,,,,,,,,,,,,,,,,,,,,,,,,,,,,,,,,,,,,,,
"Hour factor SH residential[M1,H3]",0.00012011,,,,,,,,,,,,,,,,,,,,,,,,,,,,,,,,,,,,,,
"Hour factor SH residential[M1,H4]",0.000161096,,,,,,,,,,,,,,,,,,,,,,,,,,,,,,,,,,,,,,
"Hour factor SH residential[M1,H5]",0.00024789,,,,,,,,,,,,,,,,,,,,,,,,,,,,,,,,,,,,,,
"Hour factor SH residential[M1,H6]",0.000240548,,,,,,,,,,,,,,,,,,,,,,,,,,,,,,,,,,,,,,
"Hour factor SH residential[M1,H7]",0.000233315,,,,,,,,,,,,,,,,,,,,,,,,,,,,,,,,,,,,,,
"Hour factor SH residential[M1,H8]",0.000236274,,,,,,,,,,,,,,,,,,,,,,,,,,,,,,,,,,,,,,
"Hour factor SH residential[M1,H9]",0.000231014,,,,,,,,,,,,,,,,,,,,,,,,,,,,,,,,,,,,,,
"Hour factor SH residential[M1,H10]",0.000223233,,,,,,,,,,,,,,,,,,,,,,,,,,,,,,,,,,,,,,
"Hour factor SH residential[M1,H11]",0.000217534,,,,,,,,,,,,,,,,,,,,,,,,,,,,,,,,,,,,,,
"Hour factor SH residential[M1,H12]",0.000215562,,,,,,,,,,,,,,,,,,,,,,,,,,,,,,,,,,,,,,
"Hour factor SH residential[M1,H13]",0.000215562,,,,,,,,,,,,,,,,,,,,,,,,,,,,,,,,,,,,,,
"Hour factor SH residential[M1,H14]",0.000216986,,,,,,,,,,,,,,,,,,,,,,,,,,,,,,,,,,,,,,
"Hour factor SH residential[M1,H15]",0.000219836,,,,,,,,,,,,,,,,,,,,,,,,,,,,,,,,,,,,,,
"Hour factor SH residential[M1,H16]",0.000230027,,,,,,,,,,,,,,,,,,,,,,,,,,,,,,,,,,,,,,
"Hour factor SH residential[M1,H17]",0.000239671,,,,,,,,,,,,,,,,,,,,,,,,,,,,,,,,,,,,,,
"Hour factor SH residential[M1,H18]",0.000244493,,,,,,,,,,,,,,,,,,,,,,,,,,,,,,,,,,,,,,
"Hour factor SH residential[M1,H19]",0.000243068,,,,,,,,,,,,,,,,,,,,,,,,,,,,,,,,,,,,,,
"Hour factor SH residential[M1,H20]",0.000236712,,,,,,,,,,,,,,,,,,,,,,,,,,,,,,,,,,,,,,
"Hour factor SH residential[M1,H21]",0.000211726,,,,,,,,,,,,,,,,,,,,,,,,,,,,,,,,,,,,,,
"Hour factor SH residential[M1,H22]",0.000185205,,,,,,,,,,,,,,,,,,,,,,,,,,,,,,,,,,,,,,
"Hour factor SH residential[M1,H23]",0.000127342,,,,,,,,,,,,,,,,,,,,,,,,,,,,,,,,,,,,,,
"Hour factor SH residential[M1,H24]",0.000103233,,,,,,,,,,,,,,,,,,,,,,,,,,,,,,,,,,,,,,
"Hour factor SH residential[M2,H1]",0.000110466,,,,,,,,,,,,,,,,,,,,,,,,,,,,,,,,,,,,,,
"Hour factor SH residential[M2,H2]",0.000111342,,,,,,,,,,,,,,,,,,,,,,,,,,,,,,,,,,,,,,
"Hour factor SH residential[M2,H3]",0.00012011,,,,,,,,,,,,,,,,,,,,,,,,,,,,,,,,,,,,,,
"Hour factor SH residential[M2,H4]",0.000161096,,,,,,,,,,,,,,,,,,,,,,,,,,,,,,,,,,,,,,
"Hour factor SH residential[M2,H5]",0.00024789,,,,,,,,,,,,,,,,,,,,,,,,,,,,,,,,,,,,,,
"Hour factor SH residential[M2,H6]",0.000240548,,,,,,,,,,,,,,,,,,,,,,,,,,,,,,,,,,,,,,
"Hour factor SH residential[M2,H7]",0.000233315,,,,,,,,,,,,,,,,,,,,,,,,,,,,,,,,,,,,,,
"Hour factor SH residential[M2,H8]",0.000236274,,,,,,,,,,,,,,,,,,,,,,,,,,,,,,,,,,,,,,
"Hour factor SH residential[M2,H9]",0.000231014,,,,,,,,,,,,,,,,,,,,,,,,,,,,,,,,,,,,,,
"Hour factor SH residential[M2,H10]",0.000223233,,,,,,,,,,,,,,,,,,,,,,,,,,,,,,,,,,,,,,
"Hour factor SH residential[M2,H11]",0.000217534,,,,,,,,,,,,,,,,,,,,,,,,,,,,,,,,,,,,,,
"Hour factor SH residential[M2,H12]",0.000215562,,,,,,,,,,,,,,,,,,,,,,,,,,,,,,,,,,,,,,
"Hour factor SH residential[M2,H13]",0.000215562,,,,,,,,,,,,,,,,,,,,,,,,,,,,,,,,,,,,,,
"Hour factor SH residential[M2,H14]",0.000216986,,,,,,,,,,,,,,,,,,,,,,,,,,,,,,,,,,,,,,
"Hour factor SH residential[M2,H15]",0.000219836,,,,,,,,,,,,,,,,,,,,,,,,,,,,,,,,,,,,,,
"Hour factor SH residential[M2,H16]",0.000230027,,,,,,,,,,,,,,,,,,,,,,,,,,,,,,,,,,,,,,
"Hour factor SH residential[M2,H17]",0.000239671,,,,,,,,,,,,,,,,,,,,,,,,,,,,,,,,,,,,,,
"Hour factor SH residential[M2,H18]",0.000244493,,,,,,,,,,,,,,,,,,,,,,,,,,,,,,,,,,,,,,
"Hour factor SH residential[M2,H19]",0.000243068,,,,,,,,,,,,,,,,,,,,,,,,,,,,,,,,,,,,,,
"Hour factor SH residential[M2,H20]",0.000236712,,,,,,,,,,,,,,,,,,,,,,,,,,,,,,,,,,,,,,
"Hour factor SH residential[M2,H21]",0.000211726,,,,,,,,,,,,,,,,,,,,,,,,,,,,,,,,,,,,,,
"Hour factor SH residential[M2,H22]",0.000185205,,,,,,,,,,,,,,,,,,,,,,,,,,,,,,,,,,,,,,
"Hour factor SH residential[M2,H23]",0.000127342,,,,,,,,,,,,,,,,,,,,,,,,,,,,,,,,,,,,,,
"Hour factor SH residential[M2,H24]",0.000103233,,,,,,,,,,,,,,,,,,,,,,,,,,,,,,,,,,,,,,
"Hour factor SH residential[M3,H1]",0.000110466,,,,,,,,,,,,,,,,,,,,,,,,,,,,,,,,,,,,,,
"Hour factor SH residential[M3,H2]",0.000111342,,,,,,,,,,,,,,,,,,,,,,,,,,,,,,,,,,,,,,
"Hour factor SH residential[M3,H3]",0.00012011,,,,,,,,,,,,,,,,,,,,,,,,,,,,,,,,,,,,,,
"Hour factor SH residential[M3,H4]",0.000161096,,,,,,,,,,,,,,,,,,,,,,,,,,,,,,,,,,,,,,
"Hour factor SH residential[M3,H5]",0.00024789,,,,,,,,,,,,,,,,,,,,,,,,,,,,,,,,,,,,,,
"Hour factor SH residential[M3,H6]",0.000240548,,,,,,,,,,,,,,,,,,,,,,,,,,,,,,,,,,,,,,
"Hour factor SH residential[M3,H7]",0.000233315,,,,,,,,,,,,,,,,,,,,,,,,,,,,,,,,,,,,,,
"Hour factor SH residential[M3,H8]",0.000236274,,,,,,,,,,,,,,,,,,,,,,,,,,,,,,,,,,,,,,
"Hour factor SH residential[M3,H9]",0.000231014,,,,,,,,,,,,,,,,,,,,,,,,,,,,,,,,,,,,,,
"Hour factor SH residential[M3,H10]",0.000223233,,,,,,,,,,,,,,,,,,,,,,,,,,,,,,,,,,,,,,
"Hour factor SH residential[M3,H11]",0.000217534,,,,,,,,,,,,,,,,,,,,,,,,,,,,,,,,,,,,,,
"Hour factor SH residential[M3,H12]",0.000215562,,,,,,,,,,,,,,,,,,,,,,,,,,,,,,,,,,,,,,
"Hour factor SH residential[M3,H13]",0.000215562,,,,,,,,,,,,,,,,,,,,,,,,,,,,,,,,,,,,,,
"Hour factor SH residential[M3,H14]",0.000216986,,,,,,,,,,,,,,,,,,,,,,,,,,,,,,,,,,,,,,
"Hour factor SH residential[M3,H15]",0.000219836,,,,,,,,,,,,,,,,,,,,,,,,,,,,,,,,,,,,,,
"Hour factor SH residential[M3,H16]",0.000230027,,,,,,,,,,,,,,,,,,,,,,,,,,,,,,,,,,,,,,
"Hour factor SH residential[M3,H17]",0.000239671,,,,,,,,,,,,,,,,,,,,,,,,,,,,,,,,,,,,,,
"Hour factor SH residential[M3,H18]",0.000244493,,,,,,,,,,,,,,,,,,,,,,,,,,,,,,,,,,,,,,
"Hour factor SH residential[M3,H19]",0.000243068,,,,,,,,,,,,,,,,,,,,,,,,,,,,,,,,,,,,,,
"Hour factor SH residential[M3,H20]",0.000236712,,,,,,,,,,,,,,,,,,,,,,,,,,,,,,,,,,,,,,
"Hour factor SH residential[M3,H21]",0.000211726,,,,,,,,,,,,,,,,,,,,,,,,,,,,,,,,,,,,,,
"Hour factor SH residential[M3,H22]",0.000185205,,,,,,,,,,,,,,,,,,,,,,,,,,,,,,,,,,,,,,
"Hour factor SH residential[M3,H23]",0.000127342,,,,,,,,,,,,,,,,,,,,,,,,,,,,,,,,,,,,,,
"Hour factor SH residential[M3,H24]",0.000103233,,,,,,,,,,,,,,,,,,,,,,,,,,,,,,,,,,,,,,
"Hour factor SH residential[M4,H1]",4.60274E-05,,,,,,,,,,,,,,,,,,,,,,,,,,,,,,,,,,,,,,
"Hour factor SH residential[M4,H2]",3.91233E-05,,,,,,,,,,,,,,,,,,,,,,,,,,,,,,,,,,,,,,
"Hour factor SH residential[M4,H3]",4.40548E-05,,,,,,,,,,,,,,,,,,,,,,,,,,,,,,,,,,,,,,
"Hour factor SH residential[M4,H4]",8.72329E-05,,,,,,,,,,,,,,,,,,,,,,,,,,,,,,,,,,,,,,
"Hour factor SH residential[M4,H5]",0.000161479,,,,,,,,,,,,,,,,,,,,,,,,,,,,,,,,,,,,,,
"Hour factor SH residential[M4,H6]",0.000175616,,,,,,,,,,,,,,,,,,,,,,,,,,,,,,,,,,,,,,
"Hour factor SH residential[M4,H7]",0.000151726,,,,,,,,,,,,,,,,,,,,,,,,,,,,,,,,,,,,,,
"Hour factor SH residential[M4,H8]",0.00014537,,,,,,,,,,,,,,,,,,,,,,,,,,,,,,,,,,,,,,
"Hour factor SH residential[M4,H9]",0.000131726,,,,,,,,,,,,,,,,,,,,,,,,,,,,,,,,,,,,,,
"Hour factor SH residential[M4,H10]",0.000124822,,,,,,,,,,,,,,,,,,,,,,,,,,,,,,,,,,,,,,
"Hour factor SH residential[M4,H11]",0.000118959,,,,,,,,,,,,,,,,,,,,,,,,,,,,,,,,,,,,,,
"Hour factor SH residential[M4,H12]",0.000116164,,,,,,,,,,,,,,,,,,,,,,,,,,,,,,,,,,,,,,
"Hour factor SH residential[M4,H13]",0.000112548,,,,,,,,,,,,,,,,,,,,,,,,,,,,,,,,,,,,,,
"Hour factor SH residential[M4,H14]",0.000109315,,,,,,,,,,,,,,,,,,,,,,,,,,,,,,,,,,,,,,
"Hour factor SH residential[M4,H15]",0.000113096,,,,,,,,,,,,,,,,,,,,,,,,,,,,,,,,,,,,,,
"Hour factor SH residential[M4,H16]",0.000120438,,,,,,,,,,,,,,,,,,,,,,,,,,,,,,,,,,,,,,
"Hour factor SH residential[M4,H17]",0.000130466,,,,,,,,,,,,,,,,,,,,,,,,,,,,,,,,,,,,,,
"Hour factor SH residential[M4,H18]",0.00014137,,,,,,,,,,,,,,,,,,,,,,,,,,,,,,,,,,,,,,
"Hour factor SH residential[M4,H19]",0.000149973,,,,,,,,,,,,,,,,,,,,,,,,,,,,,,,,,,,,,,
"Hour factor SH residential[M4,H20]",0.000151123,,,,,,,,,,,,,,,,,,,,,,,,,,,,,,,,,,,,,,
"Hour factor SH residential[M4,H21]",0.00013726,,,,,,,,,,,,,,,,,,,,,,,,,,,,,,,,,,,,,,
"Hour factor SH residential[M4,H22]",0.000108493,,,,,,,,,,,,,,,,,,,,,,,,,,,,,,,,,,,,,,
"Hour factor SH residential[M4,H23]",7.17808E-05,,,,,,,,,,,,,,,,,,,,,,,,,,,,,,,,,,,,,,
"Hour factor SH residential[M4,H24]",4.47123E-05,,,,,,,,,,,,,,,,,,,,,,,,,,,,,,,,,,,,,,
"Hour factor SH residential[M5,H1]",4.60274E-05,,,,,,,,,,,,,,,,,,,,,,,,,,,,,,,,,,,,,,
"Hour factor SH residential[M5,H2]",3.91233E-05,,,,,,,,,,,,,,,,,,,,,,,,,,,,,,,,,,,,,,
"Hour factor SH residential[M5,H3]",4.40548E-05,,,,,,,,,,,,,,,,,,,,,,,,,,,,,,,,,,,,,,
"Hour factor SH residential[M5,H4]",8.72329E-05,,,,,,,,,,,,,,,,,,,,,,,,,,,,,,,,,,,,,,
"Hour factor SH residential[M5,H5]",0.000161479,,,,,,,,,,,,,,,,,,,,,,,,,,,,,,,,,,,,,,
"Hour factor SH residential[M5,H6]",0.000175616,,,,,,,,,,,,,,,,,,,,,,,,,,,,,,,,,,,,,,
"Hour factor SH residential[M5,H7]",0.000151726,,,,,,,,,,,,,,,,,,,,,,,,,,,,,,,,,,,,,,
"Hour factor SH residential[M5,H8]",0.00014537,,,,,,,,,,,,,,,,,,,,,,,,,,,,,,,,,,,,,,
"Hour factor SH residential[M5,H9]",0.000131726,,,,,,,,,,,,,,,,,,,,,,,,,,,,,,,,,,,,,,
"Hour factor SH residential[M5,H10]",0.000124822,,,,,,,,,,,,,,,,,,,,,,,,,,,,,,,,,,,,,,
"Hour factor SH residential[M5,H11]",0.000118959,,,,,,,,,,,,,,,,,,,,,,,,,,,,,,,,,,,,,,
"Hour factor SH residential[M5,H12]",0.000116164,,,,,,,,,,,,,,,,,,,,,,,,,,,,,,,,,,,,,,
"Hour factor SH residential[M5,H13]",0.000112548,,,,,,,,,,,,,,,,,,,,,,,,,,,,,,,,,,,,,,
"Hour factor SH residential[M5,H14]",0.000109315,,,,,,,,,,,,,,,,,,,,,,,,,,,,,,,,,,,,,,
"Hour factor SH residential[M5,H15]",0.000113096,,,,,,,,,,,,,,,,,,,,,,,,,,,,,,,,,,,,,,
"Hour factor SH residential[M5,H16]",0.000120438,,,,,,,,,,,,,,,,,,,,,,,,,,,,,,,,,,,,,,
"Hour factor SH residential[M5,H17]",0.000130466,,,,,,,,,,,,,,,,,,,,,,,,,,,,,,,,,,,,,,
"Hour factor SH residential[M5,H18]",0.00014137,,,,,,,,,,,,,,,,,,,,,,,,,,,,,,,,,,,,,,
"Hour factor SH residential[M5,H19]",0.000149973,,,,,,,,,,,,,,,,,,,,,,,,,,,,,,,,,,,,,,
"Hour factor SH residential[M5,H20]",0.000151123,,,,,,,,,,,,,,,,,,,,,,,,,,,,,,,,,,,,,,
"Hour factor SH residential[M5,H21]",0.00013726,,,,,,,,,,,,,,,,,,,,,,,,,,,,,,,,,,,,,,
"Hour factor SH residential[M5,H22]",0.000108493,,,,,,,,,,,,,,,,,,,,,,,,,,,,,,,,,,,,,,
"Hour factor SH residential[M5,H23]",7.17808E-05,,,,,,,,,,,,,,,,,,,,,,,,,,,,,,,,,,,,,,
"Hour factor SH residential[M5,H24]",4.47123E-05,,,,,,,,,,,,,,,,,,,,,,,,,,,,,,,,,,,,,,
"Hour factor SH residential[M6,H1]",4.60274E-05,,,,,,,,,,,,,,,,,,,,,,,,,,,,,,,,,,,,,,
"Hour factor SH residential[M6,H2]",3.91233E-05,,,,,,,,,,,,,,,,,,,,,,,,,,,,,,,,,,,,,,
"Hour factor SH residential[M6,H3]",4.40548E-05,,,,,,,,,,,,,,,,,,,,,,,,,,,,,,,,,,,,,,
"Hour factor SH residential[M6,H4]",8.72329E-05,,,,,,,,,,,,,,,,,,,,,,,,,,,,,,,,,,,,,,
"Hour factor SH residential[M6,H5]",0.000161479,,,,,,,,,,,,,,,,,,,,,,,,,,,,,,,,,,,,,,
"Hour factor SH residential[M6,H6]",0.000175616,,,,,,,,,,,,,,,,,,,,,,,,,,,,,,,,,,,,,,
"Hour factor SH residential[M6,H7]",0.000151726,,,,,,,,,,,,,,,,,,,,,,,,,,,,,,,,,,,,,,
"Hour factor SH residential[M6,H8]",0.00014537,,,,,,,,,,,,,,,,,,,,,,,,,,,,,,,,,,,,,,
"Hour factor SH residential[M6,H9]",0.000131726,,,,,,,,,,,,,,,,,,,,,,,,,,,,,,,,,,,,,,
"Hour factor SH residential[M6,H10]",0.000124822,,,,,,,,,,,,,,,,,,,,,,,,,,,,,,,,,,,,,,
"Hour factor SH residential[M6,H11]",0.000118959,,,,,,,,,,,,,,,,,,,,,,,,,,,,,,,,,,,,,,
"Hour factor SH residential[M6,H12]",0.000116164,,,,,,,,,,,,,,,,,,,,,,,,,,,,,,,,,,,,,,
"Hour factor SH residential[M6,H13]",0.000112548,,,,,,,,,,,,,,,,,,,,,,,,,,,,,,,,,,,,,,
"Hour factor SH residential[M6,H14]",0.000109315,,,,,,,,,,,,,,,,,,,,,,,,,,,,,,,,,,,,,,
"Hour factor SH residential[M6,H15]",0.000113096,,,,,,,,,,,,,,,,,,,,,,,,,,,,,,,,,,,,,,
"Hour factor SH residential[M6,H16]",0.000120438,,,,,,,,,,,,,,,,,,,,,,,,,,,,,,,,,,,,,,
"Hour factor SH residential[M6,H17]",0.000130466,,,,,,,,,,,,,,,,,,,,,,,,,,,,,,,,,,,,,,
"Hour factor SH residential[M6,H18]",0.00014137,,,,,,,,,,,,,,,,,,,,,,,,,,,,,,,,,,,,,,
"Hour factor SH residential[M6,H19]",0.000149973,,,,,,,,,,,,,,,,,,,,,,,,,,,,,,,,,,,,,,
"Hour factor SH residential[M6,H20]",0.000151123,,,,,,,,,,,,,,,,,,,,,,,,,,,,,,,,,,,,,,
"Hour factor SH residential[M6,H21]",0.00013726,,,,,,,,,,,,,,,,,,,,,,,,,,,,,,,,,,,,,,
"Hour factor SH residential[M6,H22]",0.000108493,,,,,,,,,,,,,,,,,,,,,,,,,,,,,,,,,,,,,,
"Hour factor SH residential[M6,H23]",7.17808E-05,,,,,,,,,,,,,,,,,,,,,,,,,,,,,,,,,,,,,,
"Hour factor SH residential[M6,H24]",4.47123E-05,,,,,,,,,,,,,,,,,,,,,,,,,,,,,,,,,,,,,,
"Hour factor SH residential[M7,H1]",0,,,,,,,,,,,,,,,,,,,,,,,,,,,,,,,,,,,,,,
"Hour factor SH residential[M7,H2]",0,,,,,,,,,,,,,,,,,,,,,,,,,,,,,,,,,,,,,,
"Hour factor SH residential[M7,H3]",0,,,,,,,,,,,,,,,,,,,,,,,,,,,,,,,,,,,,,,
"Hour factor SH residential[M7,H4]",2.13699E-05,,,,,,,,,,,,,,,,,,,,,,,,,,,,,,,,,,,,,,
"Hour factor SH residential[M7,H5]",5.98356E-05,,,,,,,,,,,,,,,,,,,,,,,,,,,,,,,,,,,,,,
"Hour factor SH residential[M7,H6]",6.52055E-05,,,,,,,,,,,,,,,,,,,,,,,,,,,,,,,,,,,,,,
"Hour factor SH residential[M7,H7]",4.63562E-05,,,,,,,,,,,,,,,,,,,,,,,,,,,,,,,,,,,,,,
"Hour factor SH residential[M7,H8]",4.09863E-05,,,,,,,,,,,,,,,,,,,,,,,,,,,,,,,,,,,,,,
"Hour factor SH residential[M7,H9]",3.84658E-05,,,,,,,,,,,,,,,,,,,,,,,,,,,,,,,,,,,,,,
"Hour factor SH residential[M7,H10]",3.33151E-05,,,,,,,,,,,,,,,,,,,,,,,,,,,,,,,,,,,,,,
"Hour factor SH residential[M7,H11]",3.11233E-05,,,,,,,,,,,,,,,,,,,,,,,,,,,,,,,,,,,,,,
"Hour factor SH residential[M7,H12]",3.10137E-05,,,,,,,,,,,,,,,,,,,,,,,,,,,,,,,,,,,,,,
"Hour factor SH residential[M7,H13]",2.37808E-05,,,,,,,,,,,,,,,,,,,,,,,,,,,,,,,,,,,,,,
"Hour factor SH residential[M7,H14]",2.2137E-05,,,,,,,,,,,,,,,,,,,,,,,,,,,,,,,,,,,,,,
"Hour factor SH residential[M7,H15]",1.95068E-05,,,,,,,,,,,,,,,,,,,,,,,,,,,,,,,,,,,,,,
"Hour factor SH residential[M7,H16]",2.14795E-05,,,,,,,,,,,,,,,,,,,,,,,,,,,,,,,,,,,,,,
"Hour factor SH residential[M7,H17]",2.57534E-05,,,,,,,,,,,,,,,,,,,,,,,,,,,,,,,,,,,,,,
"Hour factor SH residential[M7,H18]",3.25479E-05,,,,,,,,,,,,,,,,,,,,,,,,,,,,,,,,,,,,,,
"Hour factor SH residential[M7,H19]",3.83562E-05,,,,,,,,,,,,,,,,,,,,,,,,,,,,,,,,,,,,,,
"Hour factor SH residential[M7,H20]",4.3726E-05,,,,,,,,,,,,,,,,,,,,,,,,,,,,,,,,,,,,,,
"Hour factor SH residential[M7,H21]",4.04384E-05,,,,,,,,,,,,,,,,,,,,,,,,,,,,,,,,,,,,,,
"Hour factor SH residential[M7,H22]",2.52055E-05,,,,,,,,,,,,,,,,,,,,,,,,,,,,,,,,,,,,,,
"Hour factor SH residential[M7,H23]",1.03014E-05,,,,,,,,,,,,,,,,,,,,,,,,,,,,,,,,,,,,,,
"Hour factor SH residential[M7,H24]",0,,,,,,,,,,,,,,,,,,,,,,,,,,,,,,,,,,,,,,
"Hour factor SH residential[M8,H1]",0,,,,,,,,,,,,,,,,,,,,,,,,,,,,,,,,,,,,,,
"Hour factor SH residential[M8,H2]",0,,,,,,,,,,,,,,,,,,,,,,,,,,,,,,,,,,,,,,
"Hour factor SH residential[M8,H3]",0,,,,,,,,,,,,,,,,,,,,,,,,,,,,,,,,,,,,,,
"Hour factor SH residential[M8,H4]",2.13699E-05,,,,,,,,,,,,,,,,,,,,,,,,,,,,,,,,,,,,,,
"Hour factor SH residential[M8,H5]",5.98356E-05,,,,,,,,,,,,,,,,,,,,,,,,,,,,,,,,,,,,,,
"Hour factor SH residential[M8,H6]",6.52055E-05,,,,,,,,,,,,,,,,,,,,,,,,,,,,,,,,,,,,,,
"Hour factor SH residential[M8,H7]",4.63562E-05,,,,,,,,,,,,,,,,,,,,,,,,,,,,,,,,,,,,,,
"Hour factor SH residential[M8,H8]",4.09863E-05,,,,,,,,,,,,,,,,,,,,,,,,,,,,,,,,,,,,,,
"Hour factor SH residential[M8,H9]",3.84658E-05,,,,,,,,,,,,,,,,,,,,,,,,,,,,,,,,,,,,,,
"Hour factor SH residential[M8,H10]",3.33151E-05,,,,,,,,,,,,,,,,,,,,,,,,,,,,,,,,,,,,,,
"Hour factor SH residential[M8,H11]",3.11233E-05,,,,,,,,,,,,,,,,,,,,,,,,,,,,,,,,,,,,,,
"Hour factor SH residential[M8,H12]",3.10137E-05,,,,,,,,,,,,,,,,,,,,,,,,,,,,,,,,,,,,,,
"Hour factor SH residential[M8,H13]",2.37808E-05,,,,,,,,,,,,,,,,,,,,,,,,,,,,,,,,,,,,,,
"Hour factor SH residential[M8,H14]",2.2137E-05,,,,,,,,,,,,,,,,,,,,,,,,,,,,,,,,,,,,,,
"Hour factor SH residential[M8,H15]",1.95068E-05,,,,,,,,,,,,,,,,,,,,,,,,,,,,,,,,,,,,,,
"Hour factor SH residential[M8,H16]",2.14795E-05,,,,,,,,,,,,,,,,,,,,,,,,,,,,,,,,,,,,,,
"Hour factor SH residential[M8,H17]",2.57534E-05,,,,,,,,,,,,,,,,,,,,,,,,,,,,,,,,,,,,,,
"Hour factor SH residential[M8,H18]",3.25479E-05,,,,,,,,,,,,,,,,,,,,,,,,,,,,,,,,,,,,,,
"Hour factor SH residential[M8,H19]",3.83562E-05,,,,,,,,,,,,,,,,,,,,,,,,,,,,,,,,,,,,,,
"Hour factor SH residential[M8,H20]",4.3726E-05,,,,,,,,,,,,,,,,,,,,,,,,,,,,,,,,,,,,,,
"Hour factor SH residential[M8,H21]",4.04384E-05,,,,,,,,,,,,,,,,,,,,,,,,,,,,,,,,,,,,,,
"Hour factor SH residential[M8,H22]",2.52055E-05,,,,,,,,,,,,,,,,,,,,,,,,,,,,,,,,,,,,,,
"Hour factor SH residential[M8,H23]",1.03014E-05,,,,,,,,,,,,,,,,,,,,,,,,,,,,,,,,,,,,,,
"Hour factor SH residential[M8,H24]",0,,,,,,,,,,,,,,,,,,,,,,,,,,,,,,,,,,,,,,
"Hour factor SH residential[M9,H1]",0,,,,,,,,,,,,,,,,,,,,,,,,,,,,,,,,,,,,,,
"Hour factor SH residential[M9,H2]",0,,,,,,,,,,,,,,,,,,,,,,,,,,,,,,,,,,,,,,
"Hour factor SH residential[M9,H3]",0,,,,,,,,,,,,,,,,,,,,,,,,,,,,,,,,,,,,,,
"Hour factor SH residential[M9,H4]",2.13699E-05,,,,,,,,,,,,,,,,,,,,,,,,,,,,,,,,,,,,,,
"Hour factor SH residential[M9,H5]",5.98356E-05,,,,,,,,,,,,,,,,,,,,,,,,,,,,,,,,,,,,,,
"Hour factor SH residential[M9,H6]",6.52055E-05,,,,,,,,,,,,,,,,,,,,,,,,,,,,,,,,,,,,,,
"Hour factor SH residential[M9,H7]",4.63562E-05,,,,,,,,,,,,,,,,,,,,,,,,,,,,,,,,,,,,,,
"Hour factor SH residential[M9,H8]",4.09863E-05,,,,,,,,,,,,,,,,,,,,,,,,,,,,,,,,,,,,,,
"Hour factor SH residential[M9,H9]",3.84658E-05,,,,,,,,,,,,,,,,,,,,,,,,,,,,,,,,,,,,,,
"Hour factor SH residential[M9,H10]",3.33151E-05,,,,,,,,,,,,,,,,,,,,,,,,,,,,,,,,,,,,,,
"Hour factor SH residential[M9,H11]",3.11233E-05,,,,,,,,,,,,,,,,,,,,,,,,,,,,,,,,,,,,,,
"Hour factor SH residential[M9,H12]",3.10137E-05,,,,,,,,,,,,,,,,,,,,,,,,,,,,,,,,,,,,,,
"Hour factor SH residential[M9,H13]",2.37808E-05,,,,,,,,,,,,,,,,,,,,,,,,,,,,,,,,,,,,,,
"Hour factor SH residential[M9,H14]",2.2137E-05,,,,,,,,,,,,,,,,,,,,,,,,,,,,,,,,,,,,,,
"Hour factor SH residential[M9,H15]",1.95068E-05,,,,,,,,,,,,,,,,,,,,,,,,,,,,,,,,,,,,,,
"Hour factor SH residential[M9,H16]",2.14795E-05,,,,,,,,,,,,,,,,,,,,,,,,,,,,,,,,,,,,,,
"Hour factor SH residential[M9,H17]",2.57534E-05,,,,,,,,,,,,,,,,,,,,,,,,,,,,,,,,,,,,,,
"Hour factor SH residential[M9,H18]",3.25479E-05,,,,,,,,,,,,,,,,,,,,,,,,,,,,,,,,,,,,,,
"Hour factor SH residential[M9,H19]",3.83562E-05,,,,,,,,,,,,,,,,,,,,,,,,,,,,,,,,,,,,,,
"Hour factor SH residential[M9,H20]",4.3726E-05,,,,,,,,,,,,,,,,,,,,,,,,,,,,,,,,,,,,,,
"Hour factor SH residential[M9,H21]",4.04384E-05,,,,,,,,,,,,,,,,,,,,,,,,,,,,,,,,,,,,,,
"Hour factor SH residential[M9,H22]",2.52055E-05,,,,,,,,,,,,,,,,,,,,,,,,,,,,,,,,,,,,,,
"Hour factor SH residential[M9,H23]",1.03014E-05,,,,,,,,,,,,,,,,,,,,,,,,,,,,,,,,,,,,,,
"Hour factor SH residential[M9,H24]",0,,,,,,,,,,,,,,,,,,,,,,,,,,,,,,,,,,,,,,
"Hour factor SH residential[M10,H1]",4.60274E-05,,,,,,,,,,,,,,,,,,,,,,,,,,,,,,,,,,,,,,
"Hour factor SH residential[M10,H2]",3.91233E-05,,,,,,,,,,,,,,,,,,,,,,,,,,,,,,,,,,,,,,
"Hour factor SH residential[M10,H3]",4.40548E-05,,,,,,,,,,,,,,,,,,,,,,,,,,,,,,,,,,,,,,
"Hour factor SH residential[M10,H4]",8.72329E-05,,,,,,,,,,,,,,,,,,,,,,,,,,,,,,,,,,,,,,
"Hour factor SH residential[M10,H5]",0.000161479,,,,,,,,,,,,,,,,,,,,,,,,,,,,,,,,,,,,,,
"Hour factor SH residential[M10,H6]",0.000175616,,,,,,,,,,,,,,,,,,,,,,,,,,,,,,,,,,,,,,
"Hour factor SH residential[M10,H7]",0.000151726,,,,,,,,,,,,,,,,,,,,,,,,,,,,,,,,,,,,,,
"Hour factor SH residential[M10,H8]",0.00014537,,,,,,,,,,,,,,,,,,,,,,,,,,,,,,,,,,,,,,
"Hour factor SH residential[M10,H9]",0.000131726,,,,,,,,,,,,,,,,,,,,,,,,,,,,,,,,,,,,,,
"Hour factor SH residential[M10,H10]",0.000124822,,,,,,,,,,,,,,,,,,,,,,,,,,,,,,,,,,,,,,
"Hour factor SH residential[M10,H11]",0.000118959,,,,,,,,,,,,,,,,,,,,,,,,,,,,,,,,,,,,,,
"Hour factor SH residential[M10,H12]",0.000116164,,,,,,,,,,,,,,,,,,,,,,,,,,,,,,,,,,,,,,
"Hour factor SH residential[M10,H13]",0.000112548,,,,,,,,,,,,,,,,,,,,,,,,,,,,,,,,,,,,,,
"Hour factor SH residential[M10,H14]",0.000109315,,,,,,,,,,,,,,,,,,,,,,,,,,,,,,,,,,,,,,
"Hour factor SH residential[M10,H15]",0.000113096,,,,,,,,,,,,,,,,,,,,,,,,,,,,,,,,,,,,,,
"Hour factor SH residential[M10,H16]",0.000120438,,,,,,,,,,,,,,,,,,,,,,,,,,,,,,,,,,,,,,
"Hour factor SH residential[M10,H17]",0.000130466,,,,,,,,,,,,,,,,,,,,,,,,,,,,,,,,,,,,,,
"Hour factor SH residential[M10,H18]",0.00014137,,,,,,,,,,,,,,,,,,,,,,,,,,,,,,,,,,,,,,
"Hour factor SH residential[M10,H19]",0.000149973,,,,,,,,,,,,,,,,,,,,,,,,,,,,,,,,,,,,,,
"Hour factor SH residential[M10,H20]",0.000151123,,,,,,,,,,,,,,,,,,,,,,,,,,,,,,,,,,,,,,
"Hour factor SH residential[M10,H21]",0.00013726,,,,,,,,,,,,,,,,,,,,,,,,,,,,,,,,,,,,,,
"Hour factor SH residential[M10,H22]",0.000108493,,,,,,,,,,,,,,,,,,,,,,,,,,,,,,,,,,,,,,
"Hour factor SH residential[M10,H23]",7.17808E-05,,,,,,,,,,,,,,,,,,,,,,,,,,,,,,,,,,,,,,
"Hour factor SH residential[M10,H24]",4.47123E-05,,,,,,,,,,,,,,,,,,,,,,,,,,,,,,,,,,,,,,
"Hour factor SH residential[M11,H1]",4.60274E-05,,,,,,,,,,,,,,,,,,,,,,,,,,,,,,,,,,,,,,
"Hour factor SH residential[M11,H2]",3.91233E-05,,,,,,,,,,,,,,,,,,,,,,,,,,,,,,,,,,,,,,
"Hour factor SH residential[M11,H3]",4.40548E-05,,,,,,,,,,,,,,,,,,,,,,,,,,,,,,,,,,,,,,
"Hour factor SH residential[M11,H4]",8.72329E-05,,,,,,,,,,,,,,,,,,,,,,,,,,,,,,,,,,,,,,
"Hour factor SH residential[M11,H5]",0.000161479,,,,,,,,,,,,,,,,,,,,,,,,,,,,,,,,,,,,,,
"Hour factor SH residential[M11,H6]",0.000175616,,,,,,,,,,,,,,,,,,,,,,,,,,,,,,,,,,,,,,
"Hour factor SH residential[M11,H7]",0.000151726,,,,,,,,,,,,,,,,,,,,,,,,,,,,,,,,,,,,,,
"Hour factor SH residential[M11,H8]",0.00014537,,,,,,,,,,,,,,,,,,,,,,,,,,,,,,,,,,,,,,
"Hour factor SH residential[M11,H9]",0.000131726,,,,,,,,,,,,,,,,,,,,,,,,,,,,,,,,,,,,,,
"Hour factor SH residential[M11,H10]",0.000124822,,,,,,,,,,,,,,,,,,,,,,,,,,,,,,,,,,,,,,
"Hour factor SH residential[M11,H11]",0.000118959,,,,,,,,,,,,,,,,,,,,,,,,,,,,,,,,,,,,,,
"Hour factor SH residential[M11,H12]",0.000116164,,,,,,,,,,,,,,,,,,,,,,,,,,,,,,,,,,,,,,
"Hour factor SH residential[M11,H13]",0.000112548,,,,,,,,,,,,,,,,,,,,,,,,,,,,,,,,,,,,,,
"Hour factor SH residential[M11,H14]",0.000109315,,,,,,,,,,,,,,,,,,,,,,,,,,,,,,,,,,,,,,
"Hour factor SH residential[M11,H15]",0.000113096,,,,,,,,,,,,,,,,,,,,,,,,,,,,,,,,,,,,,,
"Hour factor SH residential[M11,H16]",0.000120438,,,,,,,,,,,,,,,,,,,,,,,,,,,,,,,,,,,,,,
"Hour factor SH residential[M11,H17]",0.000130466,,,,,,,,,,,,,,,,,,,,,,,,,,,,,,,,,,,,,,
"Hour factor SH residential[M11,H18]",0.00014137,,,,,,,,,,,,,,,,,,,,,,,,,,,,,,,,,,,,,,
"Hour factor SH residential[M11,H19]",0.000149973,,,,,,,,,,,,,,,,,,,,,,,,,,,,,,,,,,,,,,
"Hour factor SH residential[M11,H20]",0.000151123,,,,,,,,,,,,,,,,,,,,,,,,,,,,,,,,,,,,,,
"Hour factor SH residential[M11,H21]",0.00013726,,,,,,,,,,,,,,,,,,,,,,,,,,,,,,,,,,,,,,
"Hour factor SH residential[M11,H22]",0.000108493,,,,,,,,,,,,,,,,,,,,,,,,,,,,,,,,,,,,,,
"Hour factor SH residential[M11,H23]",7.17808E-05,,,,,,,,,,,,,,,,,,,,,,,,,,,,,,,,,,,,,,
"Hour factor SH residential[M11,H24]",4.47123E-05,,,,,,,,,,,,,,,,,,,,,,,,,,,,,,,,,,,,,,
"Hour factor SH residential[M12,H1]",4.60274E-05,,,,,,,,,,,,,,,,,,,,,,,,,,,,,,,,,,,,,,
"Hour factor SH residential[M12,H2]",3.91233E-05,,,,,,,,,,,,,,,,,,,,,,,,,,,,,,,,,,,,,,
"Hour factor SH residential[M12,H3]",4.40548E-05,,,,,,,,,,,,,,,,,,,,,,,,,,,,,,,,,,,,,,
"Hour factor SH residential[M12,H4]",8.72329E-05,,,,,,,,,,,,,,,,,,,,,,,,,,,,,,,,,,,,,,
"Hour factor SH residential[M12,H5]",0.000161479,,,,,,,,,,,,,,,,,,,,,,,,,,,,,,,,,,,,,,
"Hour factor SH residential[M12,H6]",0.000175616,,,,,,,,,,,,,,,,,,,,,,,,,,,,,,,,,,,,,,
"Hour factor SH residential[M12,H7]",0.000151726,,,,,,,,,,,,,,,,,,,,,,,,,,,,,,,,,,,,,,
"Hour factor SH residential[M12,H8]",0.00014537,,,,,,,,,,,,,,,,,,,,,,,,,,,,,,,,,,,,,,
"Hour factor SH residential[M12,H9]",0.000131726,,,,,,,,,,,,,,,,,,,,,,,,,,,,,,,,,,,,,,
"Hour factor SH residential[M12,H10]",0.000124822,,,,,,,,,,,,,,,,,,,,,,,,,,,,,,,,,,,,,,
"Hour factor SH residential[M12,H11]",0.000118959,,,,,,,,,,,,,,,,,,,,,,,,,,,,,,,,,,,,,,
"Hour factor SH residential[M12,H12]",0.000116164,,,,,,,,,,,,,,,,,,,,,,,,,,,,,,,,,,,,,,
"Hour factor SH residential[M12,H13]",0.000112548,,,,,,,,,,,,,,,,,,,,,,,,,,,,,,,,,,,,,,
"Hour factor SH residential[M12,H14]",0.000109315,,,,,,,,,,,,,,,,,,,,,,,,,,,,,,,,,,,,,,
"Hour factor SH residential[M12,H15]",0.000113096,,,,,,,,,,,,,,,,,,,,,,,,,,,,,,,,,,,,,,
"Hour factor SH residential[M12,H16]",0.000120438,,,,,,,,,,,,,,,,,,,,,,,,,,,,,,,,,,,,,,
"Hour factor SH residential[M12,H17]",0.000130466,,,,,,,,,,,,,,,,,,,,,,,,,,,,,,,,,,,,,,
"Hour factor SH residential[M12,H18]",0.00014137,,,,,,,,,,,,,,,,,,,,,,,,,,,,,,,,,,,,,,
"Hour factor SH residential[M12,H19]",0.000149973,,,,,,,,,,,,,,,,,,,,,,,,,,,,,,,,,,,,,,
"Hour factor SH residential[M12,H20]",0.000151123,,,,,,,,,,,,,,,,,,,,,,,,,,,,,,,,,,,,,,
"Hour factor SH residential[M12,H21]",0.00013726,,,,,,,,,,,,,,,,,,,,,,,,,,,,,,,,,,,,,,
"Hour factor SH residential[M12,H22]",0.000108493,,,,,,,,,,,,,,,,,,,,,,,,,,,,,,,,,,,,,,
"Hour factor SH residential[M12,H23]",7.17808E-05,,,,,,,,,,,,,,,,,,,,,,,,,,,,,,,,,,,,,,
"Hour factor SH residential[M12,H24]",4.47123E-05,,,,,,,,,,,,,,,,,,,,,,,,,,,,,,,,,,,,,,
"Hour factor SH services[M1,H1]",0.000152767,,,,,,,,,,,,,,,,,,,,,,,,,,,,,,,,,,,,,,
"Hour factor SH services[M1,H2]",0.000157698,,,,,,,,,,,,,,,,,,,,,,,,,,,,,,,,,,,,,,
"Hour factor SH services[M1,H3]",0.000161534,,,,,,,,,,,,,,,,,,,,,,,,,,,,,,,,,,,,,,
"Hour factor SH services[M1,H4]",0.000176876,,,,,,,,,,,,,,,,,,,,,,,,,,,,,,,,,,,,,,
"Hour factor SH services[M1,H5]",0.000193534,,,,,,,,,,,,,,,,,,,,,,,,,,,,,,,,,,,,,,
"Hour factor SH services[M1,H6]",0.000228712,,,,,,,,,,,,,,,,,,,,,,,,,,,,,,,,,,,,,,
"Hour factor SH services[M1,H7]",0.000249205,,,,,,,,,,,,,,,,,,,,,,,,,,,,,,,,,,,,,,
"Hour factor SH services[M1,H8]",0.000253808,,,,,,,,,,,,,,,,,,,,,,,,,,,,,,,,,,,,,,
"Hour factor SH services[M1,H9]",0.000241314,,,,,,,,,,,,,,,,,,,,,,,,,,,,,,,,,,,,,,
"Hour factor SH services[M1,H10]",0.00022652,,,,,,,,,,,,,,,,,,,,,,,,,,,,,,,,,,,,,,
"Hour factor SH services[M1,H11]",0.000219287,,,,,,,,,,,,,,,,,,,,,,,,,,,,,,,,,,,,,,
"Hour factor SH services[M1,H12]",0.000202301,,,,,,,,,,,,,,,,,,,,,,,,,,,,,,,,,,,,,,
"Hour factor SH services[M1,H13]",0.000194849,,,,,,,,,,,,,,,,,,,,,,,,,,,,,,,,,,,,,,
"Hour factor SH services[M1,H14]",0.000189369,,,,,,,,,,,,,,,,,,,,,,,,,,,,,,,,,,,,,,
"Hour factor SH services[M1,H15]",0.000192657,,,,,,,,,,,,,,,,,,,,,,,,,,,,,,,,,,,,,,
"Hour factor SH services[M1,H16]",0.00019189,,,,,,,,,,,,,,,,,,,,,,,,,,,,,,,,,,,,,,
"Hour factor SH services[M1,H17]",0.000186958,,,,,,,,,,,,,,,,,,,,,,,,,,,,,,,,,,,,,,
"Hour factor SH services[M1,H18]",0.000172712,,,,,,,,,,,,,,,,,,,,,,,,,,,,,,,,,,,,,,
"Hour factor SH services[M1,H19]",0.000166685,,,,,,,,,,,,,,,,,,,,,,,,,,,,,,,,,,,,,,
"Hour factor SH services[M1,H20]",0.000168548,,,,,,,,,,,,,,,,,,,,,,,,,,,,,,,,,,,,,,
"Hour factor SH services[M1,H21]",0.000162301,,,,,,,,,,,,,,,,,,,,,,,,,,,,,,,,,,,,,,
"Hour factor SH services[M1,H22]",0.000149917,,,,,,,,,,,,,,,,,,,,,,,,,,,,,,,,,,,,,,
"Hour factor SH services[M1,H23]",0.000144548,,,,,,,,,,,,,,,,,,,,,,,,,,,,,,,,,,,,,,
"Hour factor SH services[M1,H24]",0.000153863,,,,,,,,,,,,,,,,,,,,,,,,,,,,,,,,,,,,,,
"Hour factor SH services[M2,H1]",0.000152767,,,,,,,,,,,,,,,,,,,,,,,,,,,,,,,,,,,,,,
"Hour factor SH services[M2,H2]",0.000157698,,,,,,,,,,,,,,,,,,,,,,,,,,,,,,,,,,,,,,
"Hour factor SH services[M2,H3]",0.000161534,,,,,,,,,,,,,,,,,,,,,,,,,,,,,,,,,,,,,,
"Hour factor SH services[M2,H4]",0.000176876,,,,,,,,,,,,,,,,,,,,,,,,,,,,,,,,,,,,,,
"Hour factor SH services[M2,H5]",0.000193534,,,,,,,,,,,,,,,,,,,,,,,,,,,,,,,,,,,,,,
"Hour factor SH services[M2,H6]",0.000228712,,,,,,,,,,,,,,,,,,,,,,,,,,,,,,,,,,,,,,
"Hour factor SH services[M2,H7]",0.000249205,,,,,,,,,,,,,,,,,,,,,,,,,,,,,,,,,,,,,,
"Hour factor SH services[M2,H8]",0.000253808,,,,,,,,,,,,,,,,,,,,,,,,,,,,,,,,,,,,,,
"Hour factor SH services[M2,H9]",0.000241314,,,,,,,,,,,,,,,,,,,,,,,,,,,,,,,,,,,,,,
"Hour factor SH services[M2,H10]",0.00022652,,,,,,,,,,,,,,,,,,,,,,,,,,,,,,,,,,,,,,
"Hour factor SH services[M2,H11]",0.000219287,,,,,,,,,,,,,,,,,,,,,,,,,,,,,,,,,,,,,,
"Hour factor SH services[M2,H12]",0.000202301,,,,,,,,,,,,,,,,,,,,,,,,,,,,,,,,,,,,,,
"Hour factor SH services[M2,H13]",0.000194849,,,,,,,,,,,,,,,,,,,,,,,,,,,,,,,,,,,,,,
"Hour factor SH services[M2,H14]",0.000189369,,,,,,,,,,,,,,,,,,,,,,,,,,,,,,,,,,,,,,
"Hour factor SH services[M2,H15]",0.000192657,,,,,,,,,,,,,,,,,,,,,,,,,,,,,,,,,,,,,,
"Hour factor SH services[M2,H16]",0.00019189,,,,,,,,,,,,,,,,,,,,,,,,,,,,,,,,,,,,,,
"Hour factor SH services[M2,H17]",0.000186958,,,,,,,,,,,,,,,,,,,,,,,,,,,,,,,,,,,,,,
"Hour factor SH services[M2,H18]",0.000172712,,,,,,,,,,,,,,,,,,,,,,,,,,,,,,,,,,,,,,
"Hour factor SH services[M2,H19]",0.000166685,,,,,,,,,,,,,,,,,,,,,,,,,,,,,,,,,,,,,,
"Hour factor SH services[M2,H20]",0.000168548,,,,,,,,,,,,,,,,,,,,,,,,,,,,,,,,,,,,,,
"Hour factor SH services[M2,H21]",0.000162301,,,,,,,,,,,,,,,,,,,,,,,,,,,,,,,,,,,,,,
"Hour factor SH services[M2,H22]",0.000149917,,,,,,,,,,,,,,,,,,,,,,,,,,,,,,,,,,,,,,
"Hour factor SH services[M2,H23]",0.000144548,,,,,,,,,,,,,,,,,,,,,,,,,,,,,,,,,,,,,,
"Hour factor SH services[M2,H24]",0.000153863,,,,,,,,,,,,,,,,,,,,,,,,,,,,,,,,,,,,,,
"Hour factor SH services[M3,H1]",0.000152767,,,,,,,,,,,,,,,,,,,,,,,,,,,,,,,,,,,,,,
"Hour factor SH services[M3,H2]",0.000157698,,,,,,,,,,,,,,,,,,,,,,,,,,,,,,,,,,,,,,
"Hour factor SH services[M3,H3]",0.000161534,,,,,,,,,,,,,,,,,,,,,,,,,,,,,,,,,,,,,,
"Hour factor SH services[M3,H4]",0.000176876,,,,,,,,,,,,,,,,,,,,,,,,,,,,,,,,,,,,,,
"Hour factor SH services[M3,H5]",0.000193534,,,,,,,,,,,,,,,,,,,,,,,,,,,,,,,,,,,,,,
"Hour factor SH services[M3,H6]",0.000228712,,,,,,,,,,,,,,,,,,,,,,,,,,,,,,,,,,,,,,
"Hour factor SH services[M3,H7]",0.000249205,,,,,,,,,,,,,,,,,,,,,,,,,,,,,,,,,,,,,,
"Hour factor SH services[M3,H8]",0.000253808,,,,,,,,,,,,,,,,,,,,,,,,,,,,,,,,,,,,,,
"Hour factor SH services[M3,H9]",0.000241314,,,,,,,,,,,,,,,,,,,,,,,,,,,,,,,,,,,,,,
"Hour factor SH services[M3,H10]",0.00022652,,,,,,,,,,,,,,,,,,,,,,,,,,,,,,,,,,,,,,
"Hour factor SH services[M3,H11]",0.000219287,,,,,,,,,,,,,,,,,,,,,,,,,,,,,,,,,,,,,,
"Hour factor SH services[M3,H12]",0.000202301,,,,,,,,,,,,,,,,,,,,,,,,,,,,,,,,,,,,,,
"Hour factor SH services[M3,H13]",0.000194849,,,,,,,,,,,,,,,,,,,,,,,,,,,,,,,,,,,,,,
"Hour factor SH services[M3,H14]",0.000189369,,,,,,,,,,,,,,,,,,,,,,,,,,,,,,,,,,,,,,
"Hour factor SH services[M3,H15]",0.000192657,,,,,,,,,,,,,,,,,,,,,,,,,,,,,,,,,,,,,,
"Hour factor SH services[M3,H16]",0.00019189,,,,,,,,,,,,,,,,,,,,,,,,,,,,,,,,,,,,,,
"Hour factor SH services[M3,H17]",0.000186958,,,,,,,,,,,,,,,,,,,,,,,,,,,,,,,,,,,,,,
"Hour factor SH services[M3,H18]",0.000172712,,,,,,,,,,,,,,,,,,,,,,,,,,,,,,,,,,,,,,
"Hour factor SH services[M3,H19]",0.000166685,,,,,,,,,,,,,,,,,,,,,,,,,,,,,,,,,,,,,,
"Hour factor SH services[M3,H20]",0.000168548,,,,,,,,,,,,,,,,,,,,,,,,,,,,,,,,,,,,,,
"Hour factor SH services[M3,H21]",0.000162301,,,,,,,,,,,,,,,,,,,,,,,,,,,,,,,,,,,,,,
"Hour factor SH services[M3,H22]",0.000149917,,,,,,,,,,,,,,,,,,,,,,,,,,,,,,,,,,,,,,
"Hour factor SH services[M3,H23]",0.000144548,,,,,,,,,,,,,,,,,,,,,,,,,,,,,,,,,,,,,,
"Hour factor SH services[M3,H24]",0.000153863,,,,,,,,,,,,,,,,,,,,,,,,,,,,,,,,,,,,,,
"Hour factor SH services[M4,H1]",9.34346E-05,,,,,,,,,,,,,,,,,,,,,,,,,,,,,,,,,,,,,,
"Hour factor SH services[M4,H2]",9.41395E-05,,,,,,,,,,,,,,,,,,,,,,,,,,,,,,,,,,,,,,
"Hour factor SH services[M4,H3]",9.97278E-05,,,,,,,,,,,,,,,,,,,,,,,,,,,,,,,,,,,,,,
"Hour factor SH services[M4,H4]",0.000115675,,,,,,,,,,,,,,,,,,,,,,,,,,,,,,,,,,,,,,
"Hour factor SH services[M4,H5]",0.000134241,,,,,,,,,,,,,,,,,,,,,,,,,,,,,,,,,,,,,,
"Hour factor SH services[M4,H6]",0.000156867,,,,,,,,,,,,,,,,,,,,,,,,,,,,,,,,,,,,,,
"Hour factor SH services[M4,H7]",0.000165352,,,,,,,,,,,,,,,,,,,,,,,,,,,,,,,,,,,,,,
"Hour factor SH services[M4,H8]",0.000167444,,,,,,,,,,,,,,,,,,,,,,,,,,,,,,,,,,,,,,
"Hour factor SH services[M4,H9]",0.000151993,,,,,,,,,,,,,,,,,,,,,,,,,,,,,,,,,,,,,,
"Hour factor SH services[M4,H10]",0.000139904,,,,,,,,,,,,,,,,,,,,,,,,,,,,,,,,,,,,,,
"Hour factor SH services[M4,H11]",0.00013195,,,,,,,,,,,,,,,,,,,,,,,,,,,,,,,,,,,,,,
"Hour factor SH services[M4,H12]",0.000121709,,,,,,,,,,,,,,,,,,,,,,,,,,,,,,,,,,,,,,
"Hour factor SH services[M4,H13]",0.000112685,,,,,,,,,,,,,,,,,,,,,,,,,,,,,,,,,,,,,,
"Hour factor SH services[M4,H14]",0.000105783,,,,,,,,,,,,,,,,,,,,,,,,,,,,,,,,,,,,,,
"Hour factor SH services[M4,H15]",0.000102908,,,,,,,,,,,,,,,,,,,,,,,,,,,,,,,,,,,,,,
"Hour factor SH services[M4,H16]",0.000101654,,,,,,,,,,,,,,,,,,,,,,,,,,,,,,,,,,,,,,
"Hour factor SH services[M4,H17]",0.000101187,,,,,,,,,,,,,,,,,,,,,,,,,,,,,,,,,,,,,,
"Hour factor SH services[M4,H18]",9.55966E-05,,,,,,,,,,,,,,,,,,,,,,,,,,,,,,,,,,,,,,
"Hour factor SH services[M4,H19]",9.54874E-05,,,,,,,,,,,,,,,,,,,,,,,,,,,,,,,,,,,,,,
"Hour factor SH services[M4,H20]",9.42787E-05,,,,,,,,,,,,,,,,,,,,,,,,,,,,,,,,,,,,,,
"Hour factor SH services[M4,H21]",9.31693E-05,,,,,,,,,,,,,,,,,,,,,,,,,,,,,,,,,,,,,,
"Hour factor SH services[M4,H22]",8.5646E-05,,,,,,,,,,,,,,,,,,,,,,,,,,,,,,,,,,,,,,
"Hour factor SH services[M4,H23]",8.19858E-05,,,,,,,,,,,,,,,,,,,,,,,,,,,,,,,,,,,,,,
"Hour factor SH services[M4,H24]",9.11152E-05,,,,,,,,,,,,,,,,,,,,,,,,,,,,,,,,,,,,,,
"Hour factor SH services[M5,H1]",9.34346E-05,,,,,,,,,,,,,,,,,,,,,,,,,,,,,,,,,,,,,,
"Hour factor SH services[M5,H2]",9.41395E-05,,,,,,,,,,,,,,,,,,,,,,,,,,,,,,,,,,,,,,
"Hour factor SH services[M5,H3]",9.97278E-05,,,,,,,,,,,,,,,,,,,,,,,,,,,,,,,,,,,,,,
"Hour factor SH services[M5,H4]",0.000115675,,,,,,,,,,,,,,,,,,,,,,,,,,,,,,,,,,,,,,
"Hour factor SH services[M5,H5]",0.000134241,,,,,,,,,,,,,,,,,,,,,,,,,,,,,,,,,,,,,,
"Hour factor SH services[M5,H6]",0.000156867,,,,,,,,,,,,,,,,,,,,,,,,,,,,,,,,,,,,,,
"Hour factor SH services[M5,H7]",0.000165352,,,,,,,,,,,,,,,,,,,,,,,,,,,,,,,,,,,,,,
"Hour factor SH services[M5,H8]",0.000167444,,,,,,,,,,,,,,,,,,,,,,,,,,,,,,,,,,,,,,
"Hour factor SH services[M5,H9]",0.000151993,,,,,,,,,,,,,,,,,,,,,,,,,,,,,,,,,,,,,,
"Hour factor SH services[M5,H10]",0.000139904,,,,,,,,,,,,,,,,,,,,,,,,,,,,,,,,,,,,,,
"Hour factor SH services[M5,H11]",0.00013195,,,,,,,,,,,,,,,,,,,,,,,,,,,,,,,,,,,,,,
"Hour factor SH services[M5,H12]",0.000121709,,,,,,,,,,,,,,,,,,,,,,,,,,,,,,,,,,,,,,
"Hour factor SH services[M5,H13]",0.000112685,,,,,,,,,,,,,,,,,,,,,,,,,,,,,,,,,,,,,,
"Hour factor SH services[M5,H14]",0.000105783,,,,,,,,,,,,,,,,,,,,,,,,,,,,,,,,,,,,,,
"Hour factor SH services[M5,H15]",0.000102908,,,,,,,,,,,,,,,,,,,,,,,,,,,,,,,,,,,,,,
"Hour factor SH services[M5,H16]",0.000101654,,,,,,,,,,,,,,,,,,,,,,,,,,,,,,,,,,,,,,
"Hour factor SH services[M5,H17]",0.000101187,,,,,,,,,,,,,,,,,,,,,,,,,,,,,,,,,,,,,,
"Hour factor SH services[M5,H18]",9.55966E-05,,,,,,,,,,,,,,,,,,,,,,,,,,,,,,,,,,,,,,
"Hour factor SH services[M5,H19]",9.54874E-05,,,,,,,,,,,,,,,,,,,,,,,,,,,,,,,,,,,,,,
"Hour factor SH services[M5,H20]",9.42787E-05,,,,,,,,,,,,,,,,,,,,,,,,,,,,,,,,,,,,,,
"Hour factor SH services[M5,H21]",9.31693E-05,,,,,,,,,,,,,,,,,,,,,,,,,,,,,,,,,,,,,,
"Hour factor SH services[M5,H22]",8.5646E-05,,,,,,,,,,,,,,,,,,,,,,,,,,,,,,,,,,,,,,
"Hour factor SH services[M5,H23]",8.19858E-05,,,,,,,,,,,,,,,,,,,,,,,,,,,,,,,,,,,,,,
"Hour factor SH services[M5,H24]",9.11152E-05,,,,,,,,,,,,,,,,,,,,,,,,,,,,,,,,,,,,,,
"Hour factor SH services[M6,H1]",9.34346E-05,,,,,,,,,,,,,,,,,,,,,,,,,,,,,,,,,,,,,,
"Hour factor SH services[M6,H2]",9.41395E-05,,,,,,,,,,,,,,,,,,,,,,,,,,,,,,,,,,,,,,
"Hour factor SH services[M6,H3]",9.97278E-05,,,,,,,,,,,,,,,,,,,,,,,,,,,,,,,,,,,,,,
"Hour factor SH services[M6,H4]",0.000115675,,,,,,,,,,,,,,,,,,,,,,,,,,,,,,,,,,,,,,
"Hour factor SH services[M6,H5]",0.000134241,,,,,,,,,,,,,,,,,,,,,,,,,,,,,,,,,,,,,,
"Hour factor SH services[M6,H6]",0.000156867,,,,,,,,,,,,,,,,,,,,,,,,,,,,,,,,,,,,,,
"Hour factor SH services[M6,H7]",0.000165352,,,,,,,,,,,,,,,,,,,,,,,,,,,,,,,,,,,,,,
"Hour factor SH services[M6,H8]",0.000167444,,,,,,,,,,,,,,,,,,,,,,,,,,,,,,,,,,,,,,
"Hour factor SH services[M6,H9]",0.000151993,,,,,,,,,,,,,,,,,,,,,,,,,,,,,,,,,,,,,,
"Hour factor SH services[M6,H10]",0.000139904,,,,,,,,,,,,,,,,,,,,,,,,,,,,,,,,,,,,,,
"Hour factor SH services[M6,H11]",0.00013195,,,,,,,,,,,,,,,,,,,,,,,,,,,,,,,,,,,,,,
"Hour factor SH services[M6,H12]",0.000121709,,,,,,,,,,,,,,,,,,,,,,,,,,,,,,,,,,,,,,
"Hour factor SH services[M6,H13]",0.000112685,,,,,,,,,,,,,,,,,,,,,,,,,,,,,,,,,,,,,,
"Hour factor SH services[M6,H14]",0.000105783,,,,,,,,,,,,,,,,,,,,,,,,,,,,,,,,,,,,,,
"Hour factor SH services[M6,H15]",0.000102908,,,,,,,,,,,,,,,,,,,,,,,,,,,,,,,,,,,,,,
"Hour factor SH services[M6,H16]",0.000101654,,,,,,,,,,,,,,,,,,,,,,,,,,,,,,,,,,,,,,
"Hour factor SH services[M6,H17]",0.000101187,,,,,,,,,,,,,,,,,,,,,,,,,,,,,,,,,,,,,,
"Hour factor SH services[M6,H18]",9.55966E-05,,,,,,,,,,,,,,,,,,,,,,,,,,,,,,,,,,,,,,
"Hour factor SH services[M6,H19]",9.54874E-05,,,,,,,,,,,,,,,,,,,,,,,,,,,,,,,,,,,,,,
"Hour factor SH services[M6,H20]",9.42787E-05,,,,,,,,,,,,,,,,,,,,,,,,,,,,,,,,,,,,,,
"Hour factor SH services[M6,H21]",9.31693E-05,,,,,,,,,,,,,,,,,,,,,,,,,,,,,,,,,,,,,,
"Hour factor SH services[M6,H22]",8.5646E-05,,,,,,,,,,,,,,,,,,,,,,,,,,,,,,,,,,,,,,
"Hour factor SH services[M6,H23]",8.19858E-05,,,,,,,,,,,,,,,,,,,,,,,,,,,,,,,,,,,,,,
"Hour factor SH services[M6,H24]",9.11152E-05,,,,,,,,,,,,,,,,,,,,,,,,,,,,,,,,,,,,,,
"Hour factor SH services[M7,H1]",2.89423E-05,,,,,,,,,,,,,,,,,,,,,,,,,,,,,,,,,,,,,,
"Hour factor SH services[M7,H2]",3.20091E-05,,,,,,,,,,,,,,,,,,,,,,,,,,,,,,,,,,,,,,
"Hour factor SH services[M7,H3]",3.58779E-05,,,,,,,,,,,,,,,,,,,,,,,,,,,,,,,,,,,,,,
"Hour factor SH services[M7,H4]",4.48111E-05,,,,,,,,,,,,,,,,,,,,,,,,,,,,,,,,,,,,,,
"Hour factor SH services[M7,H5]",5.42889E-05,,,,,,,,,,,,,,,,,,,,,,,,,,,,,,,,,,,,,,
"Hour factor SH services[M7,H6]",6.58103E-05,,,,,,,,,,,,,,,,,,,,,,,,,,,,,,,,,,,,,,
"Hour factor SH services[M7,H7]",6.52457E-05,,,,,,,,,,,,,,,,,,,,,,,,,,,,,,,,,,,,,,
"Hour factor SH services[M7,H8]",5.88164E-05,,,,,,,,,,,,,,,,,,,,,,,,,,,,,,,,,,,,,,
"Hour factor SH services[M7,H9]",5.2694E-05,,,,,,,,,,,,,,,,,,,,,,,,,,,,,,,,,,,,,,
"Hour factor SH services[M7,H10]",5.07509E-05,,,,,,,,,,,,,,,,,,,,,,,,,,,,,,,,,,,,,,
"Hour factor SH services[M7,H11]",4.48062E-05,,,,,,,,,,,,,,,,,,,,,,,,,,,,,,,,,,,,,,
"Hour factor SH services[M7,H12]",4.4657E-05,,,,,,,,,,,,,,,,,,,,,,,,,,,,,,,,,,,,,,
"Hour factor SH services[M7,H13]",3.80847E-05,,,,,,,,,,,,,,,,,,,,,,,,,,,,,,,,,,,,,,
"Hour factor SH services[M7,H14]",3.30828E-05,,,,,,,,,,,,,,,,,,,,,,,,,,,,,,,,,,,,,,
"Hour factor SH services[M7,H15]",3.23313E-05,,,,,,,,,,,,,,,,,,,,,,,,,,,,,,,,,,,,,,
"Hour factor SH services[M7,H16]",2.97751E-05,,,,,,,,,,,,,,,,,,,,,,,,,,,,,,,,,,,,,,
"Hour factor SH services[M7,H17]",3.11944E-05,,,,,,,,,,,,,,,,,,,,,,,,,,,,,,,,,,,,,,
"Hour factor SH services[M7,H18]",3.02906E-05,,,,,,,,,,,,,,,,,,,,,,,,,,,,,,,,,,,,,,
"Hour factor SH services[M7,H19]",3.32752E-05,,,,,,,,,,,,,,,,,,,,,,,,,,,,,,,,,,,,,,
"Hour factor SH services[M7,H20]",3.41829E-05,,,,,,,,,,,,,,,,,,,,,,,,,,,,,,,,,,,,,,
"Hour factor SH services[M7,H21]",3.19438E-05,,,,,,,,,,,,,,,,,,,,,,,,,,,,,,,,,,,,,,
"Hour factor SH services[M7,H22]",2.8285E-05,,,,,,,,,,,,,,,,,,,,,,,,,,,,,,,,,,,,,,
"Hour factor SH services[M7,H23]",2.63883E-05,,,,,,,,,,,,,,,,,,,,,,,,,,,,,,,,,,,,,,
"Hour factor SH services[M7,H24]",2.5642E-05,,,,,,,,,,,,,,,,,,,,,,,,,,,,,,,,,,,,,,
"Hour factor SH services[M8,H1]",2.89423E-05,,,,,,,,,,,,,,,,,,,,,,,,,,,,,,,,,,,,,,
"Hour factor SH services[M8,H2]",3.20091E-05,,,,,,,,,,,,,,,,,,,,,,,,,,,,,,,,,,,,,,
"Hour factor SH services[M8,H3]",3.58779E-05,,,,,,,,,,,,,,,,,,,,,,,,,,,,,,,,,,,,,,
"Hour factor SH services[M8,H4]",4.48111E-05,,,,,,,,,,,,,,,,,,,,,,,,,,,,,,,,,,,,,,
"Hour factor SH services[M8,H5]",5.42889E-05,,,,,,,,,,,,,,,,,,,,,,,,,,,,,,,,,,,,,,
"Hour factor SH services[M8,H6]",6.58103E-05,,,,,,,,,,,,,,,,,,,,,,,,,,,,,,,,,,,,,,
"Hour factor SH services[M8,H7]",6.52457E-05,,,,,,,,,,,,,,,,,,,,,,,,,,,,,,,,,,,,,,
"Hour factor SH services[M8,H8]",5.88164E-05,,,,,,,,,,,,,,,,,,,,,,,,,,,,,,,,,,,,,,
"Hour factor SH services[M8,H9]",5.2694E-05,,,,,,,,,,,,,,,,,,,,,,,,,,,,,,,,,,,,,,
"Hour factor SH services[M8,H10]",5.07509E-05,,,,,,,,,,,,,,,,,,,,,,,,,,,,,,,,,,,,,,
"Hour factor SH services[M8,H11]",4.48062E-05,,,,,,,,,,,,,,,,,,,,,,,,,,,,,,,,,,,,,,
"Hour factor SH services[M8,H12]",4.4657E-05,,,,,,,,,,,,,,,,,,,,,,,,,,,,,,,,,,,,,,
"Hour factor SH services[M8,H13]",3.80847E-05,,,,,,,,,,,,,,,,,,,,,,,,,,,,,,,,,,,,,,
"Hour factor SH services[M8,H14]",3.30828E-05,,,,,,,,,,,,,,,,,,,,,,,,,,,,,,,,,,,,,,
"Hour factor SH services[M8,H15]",3.23313E-05,,,,,,,,,,,,,,,,,,,,,,,,,,,,,,,,,,,,,,
"Hour factor SH services[M8,H16]",2.97751E-05,,,,,,,,,,,,,,,,,,,,,,,,,,,,,,,,,,,,,,
"Hour factor SH services[M8,H17]",3.11944E-05,,,,,,,,,,,,,,,,,,,,,,,,,,,,,,,,,,,,,,
"Hour factor SH services[M8,H18]",3.02906E-05,,,,,,,,,,,,,,,,,,,,,,,,,,,,,,,,,,,,,,
"Hour factor SH services[M8,H19]",3.32752E-05,,,,,,,,,,,,,,,,,,,,,,,,,,,,,,,,,,,,,,
"Hour factor SH services[M8,H20]",3.41829E-05,,,,,,,,,,,,,,,,,,,,,,,,,,,,,,,,,,,,,,
"Hour factor SH services[M8,H21]",3.19438E-05,,,,,,,,,,,,,,,,,,,,,,,,,,,,,,,,,,,,,,
"Hour factor SH services[M8,H22]",2.8285E-05,,,,,,,,,,,,,,,,,,,,,,,,,,,,,,,,,,,,,,
"Hour factor SH services[M8,H23]",2.63883E-05,,,,,,,,,,,,,,,,,,,,,,,,,,,,,,,,,,,,,,
"Hour factor SH services[M8,H24]",2.5642E-05,,,,,,,,,,,,,,,,,,,,,,,,,,,,,,,,,,,,,,
"Hour factor SH services[M9,H1]",2.89423E-05,,,,,,,,,,,,,,,,,,,,,,,,,,,,,,,,,,,,,,
"Hour factor SH services[M9,H2]",3.20091E-05,,,,,,,,,,,,,,,,,,,,,,,,,,,,,,,,,,,,,,
"Hour factor SH services[M9,H3]",3.58779E-05,,,,,,,,,,,,,,,,,,,,,,,,,,,,,,,,,,,,,,
"Hour factor SH services[M9,H4]",4.48111E-05,,,,,,,,,,,,,,,,,,,,,,,,,,,,,,,,,,,,,,
"Hour factor SH services[M9,H5]",5.42889E-05,,,,,,,,,,,,,,,,,,,,,,,,,,,,,,,,,,,,,,
"Hour factor SH services[M9,H6]",6.58103E-05,,,,,,,,,,,,,,,,,,,,,,,,,,,,,,,,,,,,,,
"Hour factor SH services[M9,H7]",6.52457E-05,,,,,,,,,,,,,,,,,,,,,,,,,,,,,,,,,,,,,,
"Hour factor SH services[M9,H8]",5.88164E-05,,,,,,,,,,,,,,,,,,,,,,,,,,,,,,,,,,,,,,
"Hour factor SH services[M9,H9]",5.2694E-05,,,,,,,,,,,,,,,,,,,,,,,,,,,,,,,,,,,,,,
"Hour factor SH services[M9,H10]",5.07509E-05,,,,,,,,,,,,,,,,,,,,,,,,,,,,,,,,,,,,,,
"Hour factor SH services[M9,H11]",4.48062E-05,,,,,,,,,,,,,,,,,,,,,,,,,,,,,,,,,,,,,,
"Hour factor SH services[M9,H12]",4.4657E-05,,,,,,,,,,,,,,,,,,,,,,,,,,,,,,,,,,,,,,
"Hour factor SH services[M9,H13]",3.80847E-05,,,,,,,,,,,,,,,,,,,,,,,,,,,,,,,,,,,,,,
"Hour factor SH services[M9,H14]",3.30828E-05,,,,,,,,,,,,,,,,,,,,,,,,,,,,,,,,,,,,,,
"Hour factor SH services[M9,H15]",3.23313E-05,,,,,,,,,,,,,,,,,,,,,,,,,,,,,,,,,,,,,,
"Hour factor SH services[M9,H16]",2.97751E-05,,,,,,,,,,,,,,,,,,,,,,,,,,,,,,,,,,,,,,
"Hour factor SH services[M9,H17]",3.11944E-05,,,,,,,,,,,,,,,,,,,,,,,,,,,,,,,,,,,,,,
"Hour factor SH services[M9,H18]",3.02906E-05,,,,,,,,,,,,,,,,,,,,,,,,,,,,,,,,,,,,,,
"Hour factor SH services[M9,H19]",3.32752E-05,,,,,,,,,,,,,,,,,,,,,,,,,,,,,,,,,,,,,,
"Hour factor SH services[M9,H20]",3.41829E-05,,,,,,,,,,,,,,,,,,,,,,,,,,,,,,,,,,,,,,
"Hour factor SH services[M9,H21]",3.19438E-05,,,,,,,,,,,,,,,,,,,,,,,,,,,,,,,,,,,,,,
"Hour factor SH services[M9,H22]",2.8285E-05,,,,,,,,,,,,,,,,,,,,,,,,,,,,,,,,,,,,,,
"Hour factor SH services[M9,H23]",2.63883E-05,,,,,,,,,,,,,,,,,,,,,,,,,,,,,,,,,,,,,,
"Hour factor SH services[M9,H24]",2.5642E-05,,,,,,,,,,,,,,,,,,,,,,,,,,,,,,,,,,,,,,
"Hour factor SH services[M10,H1]",9.34346E-05,,,,,,,,,,,,,,,,,,,,,,,,,,,,,,,,,,,,,,
"Hour factor SH services[M10,H2]",9.41395E-05,,,,,,,,,,,,,,,,,,,,,,,,,,,,,,,,,,,,,,
"Hour factor SH services[M10,H3]",9.97278E-05,,,,,,,,,,,,,,,,,,,,,,,,,,,,,,,,,,,,,,
"Hour factor SH services[M10,H4]",0.000115675,,,,,,,,,,,,,,,,,,,,,,,,,,,,,,,,,,,,,,
"Hour factor SH services[M10,H5]",0.000134241,,,,,,,,,,,,,,,,,,,,,,,,,,,,,,,,,,,,,,
"Hour factor SH services[M10,H6]",0.000156867,,,,,,,,,,,,,,,,,,,,,,,,,,,,,,,,,,,,,,
"Hour factor SH services[M10,H7]",0.000165352,,,,,,,,,,,,,,,,,,,,,,,,,,,,,,,,,,,,,,
"Hour factor SH services[M10,H8]",0.000167444,,,,,,,,,,,,,,,,,,,,,,,,,,,,,,,,,,,,,,
"Hour factor SH services[M10,H9]",0.000151993,,,,,,,,,,,,,,,,,,,,,,,,,,,,,,,,,,,,,,
"Hour factor SH services[M10,H10]",0.000139904,,,,,,,,,,,,,,,,,,,,,,,,,,,,,,,,,,,,,,
"Hour factor SH services[M10,H11]",0.00013195,,,,,,,,,,,,,,,,,,,,,,,,,,,,,,,,,,,,,,
"Hour factor SH services[M10,H12]",0.000121709,,,,,,,,,,,,,,,,,,,,,,,,,,,,,,,,,,,,,,
"Hour factor SH services[M10,H13]",0.000112685,,,,,,,,,,,,,,,,,,,,,,,,,,,,,,,,,,,,,,
"Hour factor SH services[M10,H14]",0.000105783,,,,,,,,,,,,,,,,,,,,,,,,,,,,,,,,,,,,,,
"Hour factor SH services[M10,H15]",0.000102908,,,,,,,,,,,,,,,,,,,,,,,,,,,,,,,,,,,,,,
"Hour factor SH services[M10,H16]",0.000101654,,,,,,,,,,,,,,,,,,,,,,,,,,,,,,,,,,,,,,
"Hour factor SH services[M10,H17]",0.000101187,,,,,,,,,,,,,,,,,,,,,,,,,,,,,,,,,,,,,,
"Hour factor SH services[M10,H18]",9.55966E-05,,,,,,,,,,,,,,,,,,,,,,,,,,,,,,,,,,,,,,
"Hour factor SH services[M10,H19]",9.54874E-05,,,,,,,,,,,,,,,,,,,,,,,,,,,,,,,,,,,,,,
"Hour factor SH services[M10,H20]",9.42787E-05,,,,,,,,,,,,,,,,,,,,,,,,,,,,,,,,,,,,,,
"Hour factor SH services[M10,H21]",9.31693E-05,,,,,,,,,,,,,,,,,,,,,,,,,,,,,,,,,,,,,,
"Hour factor SH services[M10,H22]",8.5646E-05,,,,,,,,,,,,,,,,,,,,,,,,,,,,,,,,,,,,,,
"Hour factor SH services[M10,H23]",8.19858E-05,,,,,,,,,,,,,,,,,,,,,,,,,,,,,,,,,,,,,,
"Hour factor SH services[M10,H24]",9.11152E-05,,,,,,,,,,,,,,,,,,,,,,,,,,,,,,,,,,,,,,
"Hour factor SH services[M11,H1]",9.34346E-05,,,,,,,,,,,,,,,,,,,,,,,,,,,,,,,,,,,,,,
"Hour factor SH services[M11,H2]",9.41395E-05,,,,,,,,,,,,,,,,,,,,,,,,,,,,,,,,,,,,,,
"Hour factor SH services[M11,H3]",9.97278E-05,,,,,,,,,,,,,,,,,,,,,,,,,,,,,,,,,,,,,,
"Hour factor SH services[M11,H4]",0.000115675,,,,,,,,,,,,,,,,,,,,,,,,,,,,,,,,,,,,,,
"Hour factor SH services[M11,H5]",0.000134241,,,,,,,,,,,,,,,,,,,,,,,,,,,,,,,,,,,,,,
"Hour factor SH services[M11,H6]",0.000156867,,,,,,,,,,,,,,,,,,,,,,,,,,,,,,,,,,,,,,
"Hour factor SH services[M11,H7]",0.000165352,,,,,,,,,,,,,,,,,,,,,,,,,,,,,,,,,,,,,,
"Hour factor SH services[M11,H8]",0.000167444,,,,,,,,,,,,,,,,,,,,,,,,,,,,,,,,,,,,,,
"Hour factor SH services[M11,H9]",0.000151993,,,,,,,,,,,,,,,,,,,,,,,,,,,,,,,,,,,,,,
"Hour factor SH services[M11,H10]",0.000139904,,,,,,,,,,,,,,,,,,,,,,,,,,,,,,,,,,,,,,
"Hour factor SH services[M11,H11]",0.00013195,,,,,,,,,,,,,,,,,,,,,,,,,,,,,,,,,,,,,,
"Hour factor SH services[M11,H12]",0.000121709,,,,,,,,,,,,,,,,,,,,,,,,,,,,,,,,,,,,,,
"Hour factor SH services[M11,H13]",0.000112685,,,,,,,,,,,,,,,,,,,,,,,,,,,,,,,,,,,,,,
"Hour factor SH services[M11,H14]",0.000105783,,,,,,,,,,,,,,,,,,,,,,,,,,,,,,,,,,,,,,
"Hour factor SH services[M11,H15]",0.000102908,,,,,,,,,,,,,,,,,,,,,,,,,,,,,,,,,,,,,,
"Hour factor SH services[M11,H16]",0.000101654,,,,,,,,,,,,,,,,,,,,,,,,,,,,,,,,,,,,,,
"Hour factor SH services[M11,H17]",0.000101187,,,,,,,,,,,,,,,,,,,,,,,,,,,,,,,,,,,,,,
"Hour factor SH services[M11,H18]",9.55966E-05,,,,,,,,,,,,,,,,,,,,,,,,,,,,,,,,,,,,,,
"Hour factor SH services[M11,H19]",9.54874E-05,,,,,,,,,,,,,,,,,,,,,,,,,,,,,,,,,,,,,,
"Hour factor SH services[M11,H20]",9.42787E-05,,,,,,,,,,,,,,,,,,,,,,,,,,,,,,,,,,,,,,
"Hour factor SH services[M11,H21]",9.31693E-05,,,,,,,,,,,,,,,,,,,,,,,,,,,,,,,,,,,,,,
"Hour factor SH services[M11,H22]",8.5646E-05,,,,,,,,,,,,,,,,,,,,,,,,,,,,,,,,,,,,,,
"Hour factor SH services[M11,H23]",8.19858E-05,,,,,,,,,,,,,,,,,,,,,,,,,,,,,,,,,,,,,,
"Hour factor SH services[M11,H24]",9.11152E-05,,,,,,,,,,,,,,,,,,,,,,,,,,,,,,,,,,,,,,
"Hour factor SH services[M12,H1]",9.34346E-05,,,,,,,,,,,,,,,,,,,,,,,,,,,,,,,,,,,,,,
"Hour factor SH services[M12,H2]",9.41395E-05,,,,,,,,,,,,,,,,,,,,,,,,,,,,,,,,,,,,,,
"Hour factor SH services[M12,H3]",9.97278E-05,,,,,,,,,,,,,,,,,,,,,,,,,,,,,,,,,,,,,,
"Hour factor SH services[M12,H4]",0.000115675,,,,,,,,,,,,,,,,,,,,,,,,,,,,,,,,,,,,,,
"Hour factor SH services[M12,H5]",0.000134241,,,,,,,,,,,,,,,,,,,,,,,,,,,,,,,,,,,,,,
"Hour factor SH services[M12,H6]",0.000156867,,,,,,,,,,,,,,,,,,,,,,,,,,,,,,,,,,,,,,
"Hour factor SH services[M12,H7]",0.000165352,,,,,,,,,,,,,,,,,,,,,,,,,,,,,,,,,,,,,,
"Hour factor SH services[M12,H8]",0.000167444,,,,,,,,,,,,,,,,,,,,,,,,,,,,,,,,,,,,,,
"Hour factor SH services[M12,H9]",0.000151993,,,,,,,,,,,,,,,,,,,,,,,,,,,,,,,,,,,,,,
"Hour factor SH services[M12,H10]",0.000139904,,,,,,,,,,,,,,,,,,,,,,,,,,,,,,,,,,,,,,
"Hour factor SH services[M12,H11]",0.00013195,,,,,,,,,,,,,,,,,,,,,,,,,,,,,,,,,,,,,,
"Hour factor SH services[M12,H12]",0.000121709,,,,,,,,,,,,,,,,,,,,,,,,,,,,,,,,,,,,,,
"Hour factor SH services[M12,H13]",0.000112685,,,,,,,,,,,,,,,,,,,,,,,,,,,,,,,,,,,,,,
"Hour factor SH services[M12,H14]",0.000105783,,,,,,,,,,,,,,,,,,,,,,,,,,,,,,,,,,,,,,
"Hour factor SH services[M12,H15]",0.000102908,,,,,,,,,,,,,,,,,,,,,,,,,,,,,,,,,,,,,,
"Hour factor SH services[M12,H16]",0.000101654,,,,,,,,,,,,,,,,,,,,,,,,,,,,,,,,,,,,,,
"Hour factor SH services[M12,H17]",0.000101187,,,,,,,,,,,,,,,,,,,,,,,,,,,,,,,,,,,,,,
"Hour factor SH services[M12,H18]",9.55966E-05,,,,,,,,,,,,,,,,,,,,,,,,,,,,,,,,,,,,,,
"Hour factor SH services[M12,H19]",9.54874E-05,,,,,,,,,,,,,,,,,,,,,,,,,,,,,,,,,,,,,,
"Hour factor SH services[M12,H20]",9.42787E-05,,,,,,,,,,,,,,,,,,,,,,,,,,,,,,,,,,,,,,
"Hour factor SH services[M12,H21]",9.31693E-05,,,,,,,,,,,,,,,,,,,,,,,,,,,,,,,,,,,,,,
"Hour factor SH services[M12,H22]",8.5646E-05,,,,,,,,,,,,,,,,,,,,,,,,,,,,,,,,,,,,,,
"Hour factor SH services[M12,H23]",8.19858E-05,,,,,,,,,,,,,,,,,,,,,,,,,,,,,,,,,,,,,,
"Hour factor SH services[M12,H24]",9.11152E-05,,,,,,,,,,,,,,,,,,,,,,,,,,,,,,,,,,,,,,
"Hour factor transport[M1,H1]",0.000342466,,,,,,,,,,,,,,,,,,,,,,,,,,,,,,,,,,,,,,
"Hour factor transport[M1,H2]",0.000342466,,,,,,,,,,,,,,,,,,,,,,,,,,,,,,,,,,,,,,
"Hour factor transport[M1,H3]",0.000342466,,,,,,,,,,,,,,,,,,,,,,,,,,,,,,,,,,,,,,
"Hour factor transport[M1,H4]",0.000342466,,,,,,,,,,,,,,,,,,,,,,,,,,,,,,,,,,,,,,
"Hour factor transport[M1,H5]",0,,,,,,,,,,,,,,,,,,,,,,,,,,,,,,,,,,,,,,
"Hour factor transport[M1,H6]",0,,,,,,,,,,,,,,,,,,,,,,,,,,,,,,,,,,,,,,
"Hour factor transport[M1,H7]",0,,,,,,,,,,,,,,,,,,,,,,,,,,,,,,,,,,,,,,
"Hour factor transport[M1,H8]",0,,,,,,,,,,,,,,,,,,,,,,,,,,,,,,,,,,,,,,
"Hour factor transport[M1,H9]",0,,,,,,,,,,,,,,,,,,,,,,,,,,,,,,,,,,,,,,
"Hour factor transport[M1,H10]",0,,,,,,,,,,,,,,,,,,,,,,,,,,,,,,,,,,,,,,
"Hour factor transport[M1,H11]",0,,,,,,,,,,,,,,,,,,,,,,,,,,,,,,,,,,,,,,
"Hour factor transport[M1,H12]",0,,,,,,,,,,,,,,,,,,,,,,,,,,,,,,,,,,,,,,
"Hour factor transport[M1,H13]",0,,,,,,,,,,,,,,,,,,,,,,,,,,,,,,,,,,,,,,
"Hour factor transport[M1,H14]",0,,,,,,,,,,,,,,,,,,,,,,,,,,,,,,,,,,,,,,
"Hour factor transport[M1,H15]",0,,,,,,,,,,,,,,,,,,,,,,,,,,,,,,,,,,,,,,
"Hour factor transport[M1,H16]",0,,,,,,,,,,,,,,,,,,,,,,,,,,,,,,,,,,,,,,
"Hour factor transport[M1,H17]",0,,,,,,,,,,,,,,,,,,,,,,,,,,,,,,,,,,,,,,
"Hour factor transport[M1,H18]",0,,,,,,,,,,,,,,,,,,,,,,,,,,,,,,,,,,,,,,
"Hour factor transport[M1,H19]",0,,,,,,,,,,,,,,,,,,,,,,,,,,,,,,,,,,,,,,
"Hour factor transport[M1,H20]",0,,,,,,,,,,,,,,,,,,,,,,,,,,,,,,,,,,,,,,
"Hour factor transport[M1,H21]",0.000342466,,,,,,,,,,,,,,,,,,,,,,,,,,,,,,,,,,,,,,
"Hour factor transport[M1,H22]",0.000342466,,,,,,,,,,,,,,,,,,,,,,,,,,,,,,,,,,,,,,
"Hour factor transport[M1,H23]",0.000342466,,,,,,,,,,,,,,,,,,,,,,,,,,,,,,,,,,,,,,
"Hour factor transport[M1,H24]",0.000342466,,,,,,,,,,,,,,,,,,,,,,,,,,,,,,,,,,,,,,
"Hour factor transport[M2,H1]",0.000342466,,,,,,,,,,,,,,,,,,,,,,,,,,,,,,,,,,,,,,
"Hour factor transport[M2,H2]",0.000342466,,,,,,,,,,,,,,,,,,,,,,,,,,,,,,,,,,,,,,
"Hour factor transport[M2,H3]",0.000342466,,,,,,,,,,,,,,,,,,,,,,,,,,,,,,,,,,,,,,
"Hour factor transport[M2,H4]",0.000342466,,,,,,,,,,,,,,,,,,,,,,,,,,,,,,,,,,,,,,
"Hour factor transport[M2,H5]",0,,,,,,,,,,,,,,,,,,,,,,,,,,,,,,,,,,,,,,
"Hour factor transport[M2,H6]",0,,,,,,,,,,,,,,,,,,,,,,,,,,,,,,,,,,,,,,
"Hour factor transport[M2,H7]",0,,,,,,,,,,,,,,,,,,,,,,,,,,,,,,,,,,,,,,
"Hour factor transport[M2,H8]",0,,,,,,,,,,,,,,,,,,,,,,,,,,,,,,,,,,,,,,
"Hour factor transport[M2,H9]",0,,,,,,,,,,,,,,,,,,,,,,,,,,,,,,,,,,,,,,
"Hour factor transport[M2,H10]",0,,,,,,,,,,,,,,,,,,,,,,,,,,,,,,,,,,,,,,
"Hour factor transport[M2,H11]",0,,,,,,,,,,,,,,,,,,,,,,,,,,,,,,,,,,,,,,
"Hour factor transport[M2,H12]",0,,,,,,,,,,,,,,,,,,,,,,,,,,,,,,,,,,,,,,
"Hour factor transport[M2,H13]",0,,,,,,,,,,,,,,,,,,,,,,,,,,,,,,,,,,,,,,
"Hour factor transport[M2,H14]",0,,,,,,,,,,,,,,,,,,,,,,,,,,,,,,,,,,,,,,
"Hour factor transport[M2,H15]",0,,,,,,,,,,,,,,,,,,,,,,,,,,,,,,,,,,,,,,
"Hour factor transport[M2,H16]",0,,,,,,,,,,,,,,,,,,,,,,,,,,,,,,,,,,,,,,
"Hour factor transport[M2,H17]",0,,,,,,,,,,,,,,,,,,,,,,,,,,,,,,,,,,,,,,
"Hour factor transport[M2,H18]",0,,,,,,,,,,,,,,,,,,,,,,,,,,,,,,,,,,,,,,
"Hour factor transport[M2,H19]",0,,,,,,,,,,,,,,,,,,,,,,,,,,,,,,,,,,,,,,
"Hour factor transport[M2,H20]",0,,,,,,,,,,,,,,,,,,,,,,,,,,,,,,,,,,,,,,
"Hour factor transport[M2,H21]",0.000342466,,,,,,,,,,,,,,,,,,,,,,,,,,,,,,,,,,,,,,
"Hour factor transport[M2,H22]",0.000342466,,,,,,,,,,,,,,,,,,,,,,,,,,,,,,,,,,,,,,
"Hour factor transport[M2,H23]",0.000342466,,,,,,,,,,,,,,,,,,,,,,,,,,,,,,,,,,,,,,
"Hour factor transport[M2,H24]",0.000342466,,,,,,,,,,,,,,,,,,,,,,,,,,,,,,,,,,,,,,
"Hour factor transport[M3,H1]",0.000342466,,,,,,,,,,,,,,,,,,,,,,,,,,,,,,,,,,,,,,
"Hour factor transport[M3,H2]",0.000342466,,,,,,,,,,,,,,,,,,,,,,,,,,,,,,,,,,,,,,
"Hour factor transport[M3,H3]",0.000342466,,,,,,,,,,,,,,,,,,,,,,,,,,,,,,,,,,,,,,
"Hour factor transport[M3,H4]",0.000342466,,,,,,,,,,,,,,,,,,,,,,,,,,,,,,,,,,,,,,
"Hour factor transport[M3,H5]",0,,,,,,,,,,,,,,,,,,,,,,,,,,,,,,,,,,,,,,
"Hour factor transport[M3,H6]",0,,,,,,,,,,,,,,,,,,,,,,,,,,,,,,,,,,,,,,
"Hour factor transport[M3,H7]",0,,,,,,,,,,,,,,,,,,,,,,,,,,,,,,,,,,,,,,
"Hour factor transport[M3,H8]",0,,,,,,,,,,,,,,,,,,,,,,,,,,,,,,,,,,,,,,
"Hour factor transport[M3,H9]",0,,,,,,,,,,,,,,,,,,,,,,,,,,,,,,,,,,,,,,
"Hour factor transport[M3,H10]",0,,,,,,,,,,,,,,,,,,,,,,,,,,,,,,,,,,,,,,
"Hour factor transport[M3,H11]",0,,,,,,,,,,,,,,,,,,,,,,,,,,,,,,,,,,,,,,
"Hour factor transport[M3,H12]",0,,,,,,,,,,,,,,,,,,,,,,,,,,,,,,,,,,,,,,
"Hour factor transport[M3,H13]",0,,,,,,,,,,,,,,,,,,,,,,,,,,,,,,,,,,,,,,
"Hour factor transport[M3,H14]",0,,,,,,,,,,,,,,,,,,,,,,,,,,,,,,,,,,,,,,
"Hour factor transport[M3,H15]",0,,,,,,,,,,,,,,,,,,,,,,,,,,,,,,,,,,,,,,
"Hour factor transport[M3,H16]",0,,,,,,,,,,,,,,,,,,,,,,,,,,,,,,,,,,,,,,
"Hour factor transport[M3,H17]",0,,,,,,,,,,,,,,,,,,,,,,,,,,,,,,,,,,,,,,
"Hour factor transport[M3,H18]",0,,,,,,,,,,,,,,,,,,,,,,,,,,,,,,,,,,,,,,
"Hour factor transport[M3,H19]",0,,,,,,,,,,,,,,,,,,,,,,,,,,,,,,,,,,,,,,
"Hour factor transport[M3,H20]",0,,,,,,,,,,,,,,,,,,,,,,,,,,,,,,,,,,,,,,
"Hour factor transport[M3,H21]",0.000342466,,,,,,,,,,,,,,,,,,,,,,,,,,,,,,,,,,,,,,
"Hour factor transport[M3,H22]",0.000342466,,,,,,,,,,,,,,,,,,,,,,,,,,,,,,,,,,,,,,
"Hour factor transport[M3,H23]",0.000342466,,,,,,,,,,,,,,,,,,,,,,,,,,,,,,,,,,,,,,
"Hour factor transport[M3,H24]",0.000342466,,,,,,,,,,,,,,,,,,,,,,,,,,,,,,,,,,,,,,
"Hour factor transport[M4,H1]",0.000342466,,,,,,,,,,,,,,,,,,,,,,,,,,,,,,,,,,,,,,
"Hour factor transport[M4,H2]",0.000342466,,,,,,,,,,,,,,,,,,,,,,,,,,,,,,,,,,,,,,
"Hour factor transport[M4,H3]",0.000342466,,,,,,,,,,,,,,,,,,,,,,,,,,,,,,,,,,,,,,
"Hour factor transport[M4,H4]",0.000342466,,,,,,,,,,,,,,,,,,,,,,,,,,,,,,,,,,,,,,
"Hour factor transport[M4,H5]",0,,,,,,,,,,,,,,,,,,,,,,,,,,,,,,,,,,,,,,
"Hour factor transport[M4,H6]",0,,,,,,,,,,,,,,,,,,,,,,,,,,,,,,,,,,,,,,
"Hour factor transport[M4,H7]",0,,,,,,,,,,,,,,,,,,,,,,,,,,,,,,,,,,,,,,
"Hour factor transport[M4,H8]",0,,,,,,,,,,,,,,,,,,,,,,,,,,,,,,,,,,,,,,
"Hour factor transport[M4,H9]",0,,,,,,,,,,,,,,,,,,,,,,,,,,,,,,,,,,,,,,
"Hour factor transport[M4,H10]",0,,,,,,,,,,,,,,,,,,,,,,,,,,,,,,,,,,,,,,
"Hour factor transport[M4,H11]",0,,,,,,,,,,,,,,,,,,,,,,,,,,,,,,,,,,,,,,
"Hour factor transport[M4,H12]",0,,,,,,,,,,,,,,,,,,,,,,,,,,,,,,,,,,,,,,
"Hour factor transport[M4,H13]",0,,,,,,,,,,,,,,,,,,,,,,,,,,,,,,,,,,,,,,
"Hour factor transport[M4,H14]",0,,,,,,,,,,,,,,,,,,,,,,,,,,,,,,,,,,,,,,
"Hour factor transport[M4,H15]",0,,,,,,,,,,,,,,,,,,,,,,,,,,,,,,,,,,,,,,
"Hour factor transport[M4,H16]",0,,,,,,,,,,,,,,,,,,,,,,,,,,,,,,,,,,,,,,
"Hour factor transport[M4,H17]",0,,,,,,,,,,,,,,,,,,,,,,,,,,,,,,,,,,,,,,
"Hour factor transport[M4,H18]",0,,,,,,,,,,,,,,,,,,,,,,,,,,,,,,,,,,,,,,
"Hour factor transport[M4,H19]",0,,,,,,,,,,,,,,,,,,,,,,,,,,,,,,,,,,,,,,
"Hour factor transport[M4,H20]",0,,,,,,,,,,,,,,,,,,,,,,,,,,,,,,,,,,,,,,
"Hour factor transport[M4,H21]",0.000342466,,,,,,,,,,,,,,,,,,,,,,,,,,,,,,,,,,,,,,
"Hour factor transport[M4,H22]",0.000342466,,,,,,,,,,,,,,,,,,,,,,,,,,,,,,,,,,,,,,
"Hour factor transport[M4,H23]",0.000342466,,,,,,,,,,,,,,,,,,,,,,,,,,,,,,,,,,,,,,
"Hour factor transport[M4,H24]",0.000342466,,,,,,,,,,,,,,,,,,,,,,,,,,,,,,,,,,,,,,
"Hour factor transport[M5,H1]",0.000342466,,,,,,,,,,,,,,,,,,,,,,,,,,,,,,,,,,,,,,
"Hour factor transport[M5,H2]",0.000342466,,,,,,,,,,,,,,,,,,,,,,,,,,,,,,,,,,,,,,
"Hour factor transport[M5,H3]",0.000342466,,,,,,,,,,,,,,,,,,,,,,,,,,,,,,,,,,,,,,
"Hour factor transport[M5,H4]",0.000342466,,,,,,,,,,,,,,,,,,,,,,,,,,,,,,,,,,,,,,
"Hour factor transport[M5,H5]",0,,,,,,,,,,,,,,,,,,,,,,,,,,,,,,,,,,,,,,
"Hour factor transport[M5,H6]",0,,,,,,,,,,,,,,,,,,,,,,,,,,,,,,,,,,,,,,
"Hour factor transport[M5,H7]",0,,,,,,,,,,,,,,,,,,,,,,,,,,,,,,,,,,,,,,
"Hour factor transport[M5,H8]",0,,,,,,,,,,,,,,,,,,,,,,,,,,,,,,,,,,,,,,
"Hour factor transport[M5,H9]",0,,,,,,,,,,,,,,,,,,,,,,,,,,,,,,,,,,,,,,
"Hour factor transport[M5,H10]",0,,,,,,,,,,,,,,,,,,,,,,,,,,,,,,,,,,,,,,
"Hour factor transport[M5,H11]",0,,,,,,,,,,,,,,,,,,,,,,,,,,,,,,,,,,,,,,
"Hour factor transport[M5,H12]",0,,,,,,,,,,,,,,,,,,,,,,,,,,,,,,,,,,,,,,
"Hour factor transport[M5,H13]",0,,,,,,,,,,,,,,,,,,,,,,,,,,,,,,,,,,,,,,
"Hour factor transport[M5,H14]",0,,,,,,,,,,,,,,,,,,,,,,,,,,,,,,,,,,,,,,
"Hour factor transport[M5,H15]",0,,,,,,,,,,,,,,,,,,,,,,,,,,,,,,,,,,,,,,
"Hour factor transport[M5,H16]",0,,,,,,,,,,,,,,,,,,,,,,,,,,,,,,,,,,,,,,
"Hour factor transport[M5,H17]",0,,,,,,,,,,,,,,,,,,,,,,,,,,,,,,,,,,,,,,
"Hour factor transport[M5,H18]",0,,,,,,,,,,,,,,,,,,,,,,,,,,,,,,,,,,,,,,
"Hour factor transport[M5,H19]",0,,,,,,,,,,,,,,,,,,,,,,,,,,,,,,,,,,,,,,
"Hour factor transport[M5,H20]",0,,,,,,,,,,,,,,,,,,,,,,,,,,,,,,,,,,,,,,
"Hour factor transport[M5,H21]",0.000342466,,,,,,,,,,,,,,,,,,,,,,,,,,,,,,,,,,,,,,
"Hour factor transport[M5,H22]",0.000342466,,,,,,,,,,,,,,,,,,,,,,,,,,,,,,,,,,,,,,
"Hour factor transport[M5,H23]",0.000342466,,,,,,,,,,,,,,,,,,,,,,,,,,,,,,,,,,,,,,
"Hour factor transport[M5,H24]",0.000342466,,,,,,,,,,,,,,,,,,,,,,,,,,,,,,,,,,,,,,
"Hour factor transport[M6,H1]",0.000342466,,,,,,,,,,,,,,,,,,,,,,,,,,,,,,,,,,,,,,
"Hour factor transport[M6,H2]",0.000342466,,,,,,,,,,,,,,,,,,,,,,,,,,,,,,,,,,,,,,
"Hour factor transport[M6,H3]",0.000342466,,,,,,,,,,,,,,,,,,,,,,,,,,,,,,,,,,,,,,
"Hour factor transport[M6,H4]",0.000342466,,,,,,,,,,,,,,,,,,,,,,,,,,,,,,,,,,,,,,
"Hour factor transport[M6,H5]",0,,,,,,,,,,,,,,,,,,,,,,,,,,,,,,,,,,,,,,
"Hour factor transport[M6,H6]",0,,,,,,,,,,,,,,,,,,,,,,,,,,,,,,,,,,,,,,
"Hour factor transport[M6,H7]",0,,,,,,,,,,,,,,,,,,,,,,,,,,,,,,,,,,,,,,
"Hour factor transport[M6,H8]",0,,,,,,,,,,,,,,,,,,,,,,,,,,,,,,,,,,,,,,
"Hour factor transport[M6,H9]",0,,,,,,,,,,,,,,,,,,,,,,,,,,,,,,,,,,,,,,
"Hour factor transport[M6,H10]",0,,,,,,,,,,,,,,,,,,,,,,,,,,,,,,,,,,,,,,
"Hour factor transport[M6,H11]",0,,,,,,,,,,,,,,,,,,,,,,,,,,,,,,,,,,,,,,
"Hour factor transport[M6,H12]",0,,,,,,,,,,,,,,,,,,,,,,,,,,,,,,,,,,,,,,
"Hour factor transport[M6,H13]",0,,,,,,,,,,,,,,,,,,,,,,,,,,,,,,,,,,,,,,
"Hour factor transport[M6,H14]",0,,,,,,,,,,,,,,,,,,,,,,,,,,,,,,,,,,,,,,
"Hour factor transport[M6,H15]",0,,,,,,,,,,,,,,,,,,,,,,,,,,,,,,,,,,,,,,
"Hour factor transport[M6,H16]",0,,,,,,,,,,,,,,,,,,,,,,,,,,,,,,,,,,,,,,
"Hour factor transport[M6,H17]",0,,,,,,,,,,,,,,,,,,,,,,,,,,,,,,,,,,,,,,
"Hour factor transport[M6,H18]",0,,,,,,,,,,,,,,,,,,,,,,,,,,,,,,,,,,,,,,
"Hour factor transport[M6,H19]",0,,,,,,,,,,,,,,,,,,,,,,,,,,,,,,,,,,,,,,
"Hour factor transport[M6,H20]",0,,,,,,,,,,,,,,,,,,,,,,,,,,,,,,,,,,,,,,
"Hour factor transport[M6,H21]",0.000342466,,,,,,,,,,,,,,,,,,,,,,,,,,,,,,,,,,,,,,
"Hour factor transport[M6,H22]",0.000342466,,,,,,,,,,,,,,,,,,,,,,,,,,,,,,,,,,,,,,
"Hour factor transport[M6,H23]",0.000342466,,,,,,,,,,,,,,,,,,,,,,,,,,,,,,,,,,,,,,
"Hour factor transport[M6,H24]",0.000342466,,,,,,,,,,,,,,,,,,,,,,,,,,,,,,,,,,,,,,
"Hour factor transport[M7,H1]",0.000342466,,,,,,,,,,,,,,,,,,,,,,,,,,,,,,,,,,,,,,
"Hour factor transport[M7,H2]",0.000342466,,,,,,,,,,,,,,,,,,,,,,,,,,,,,,,,,,,,,,
"Hour factor transport[M7,H3]",0.000342466,,,,,,,,,,,,,,,,,,,,,,,,,,,,,,,,,,,,,,
"Hour factor transport[M7,H4]",0.000342466,,,,,,,,,,,,,,,,,,,,,,,,,,,,,,,,,,,,,,
"Hour factor transport[M7,H5]",0,,,,,,,,,,,,,,,,,,,,,,,,,,,,,,,,,,,,,,
"Hour factor transport[M7,H6]",0,,,,,,,,,,,,,,,,,,,,,,,,,,,,,,,,,,,,,,
"Hour factor transport[M7,H7]",0,,,,,,,,,,,,,,,,,,,,,,,,,,,,,,,,,,,,,,
"Hour factor transport[M7,H8]",0,,,,,,,,,,,,,,,,,,,,,,,,,,,,,,,,,,,,,,
"Hour factor transport[M7,H9]",0,,,,,,,,,,,,,,,,,,,,,,,,,,,,,,,,,,,,,,
"Hour factor transport[M7,H10]",0,,,,,,,,,,,,,,,,,,,,,,,,,,,,,,,,,,,,,,
"Hour factor transport[M7,H11]",0,,,,,,,,,,,,,,,,,,,,,,,,,,,,,,,,,,,,,,
"Hour factor transport[M7,H12]",0,,,,,,,,,,,,,,,,,,,,,,,,,,,,,,,,,,,,,,
"Hour factor transport[M7,H13]",0,,,,,,,,,,,,,,,,,,,,,,,,,,,,,,,,,,,,,,
"Hour factor transport[M7,H14]",0,,,,,,,,,,,,,,,,,,,,,,,,,,,,,,,,,,,,,,
"Hour factor transport[M7,H15]",0,,,,,,,,,,,,,,,,,,,,,,,,,,,,,,,,,,,,,,
"Hour factor transport[M7,H16]",0,,,,,,,,,,,,,,,,,,,,,,,,,,,,,,,,,,,,,,
"Hour factor transport[M7,H17]",0,,,,,,,,,,,,,,,,,,,,,,,,,,,,,,,,,,,,,,
"Hour factor transport[M7,H18]",0,,,,,,,,,,,,,,,,,,,,,,,,,,,,,,,,,,,,,,
"Hour factor transport[M7,H19]",0,,,,,,,,,,,,,,,,,,,,,,,,,,,,,,,,,,,,,,
"Hour factor transport[M7,H20]",0,,,,,,,,,,,,,,,,,,,,,,,,,,,,,,,,,,,,,,
"Hour factor transport[M7,H21]",0.000342466,,,,,,,,,,,,,,,,,,,,,,,,,,,,,,,,,,,,,,
"Hour factor transport[M7,H22]",0.000342466,,,,,,,,,,,,,,,,,,,,,,,,,,,,,,,,,,,,,,
"Hour factor transport[M7,H23]",0.000342466,,,,,,,,,,,,,,,,,,,,,,,,,,,,,,,,,,,,,,
"Hour factor transport[M7,H24]",0.000342466,,,,,,,,,,,,,,,,,,,,,,,,,,,,,,,,,,,,,,
"Hour factor transport[M8,H1]",0.000342466,,,,,,,,,,,,,,,,,,,,,,,,,,,,,,,,,,,,,,
"Hour factor transport[M8,H2]",0.000342466,,,,,,,,,,,,,,,,,,,,,,,,,,,,,,,,,,,,,,
"Hour factor transport[M8,H3]",0.000342466,,,,,,,,,,,,,,,,,,,,,,,,,,,,,,,,,,,,,,
"Hour factor transport[M8,H4]",0.000342466,,,,,,,,,,,,,,,,,,,,,,,,,,,,,,,,,,,,,,
"Hour factor transport[M8,H5]",0,,,,,,,,,,,,,,,,,,,,,,,,,,,,,,,,,,,,,,
"Hour factor transport[M8,H6]",0,,,,,,,,,,,,,,,,,,,,,,,,,,,,,,,,,,,,,,
"Hour factor transport[M8,H7]",0,,,,,,,,,,,,,,,,,,,,,,,,,,,,,,,,,,,,,,
"Hour factor transport[M8,H8]",0,,,,,,,,,,,,,,,,,,,,,,,,,,,,,,,,,,,,,,
"Hour factor transport[M8,H9]",0,,,,,,,,,,,,,,,,,,,,,,,,,,,,,,,,,,,,,,
"Hour factor transport[M8,H10]",0,,,,,,,,,,,,,,,,,,,,,,,,,,,,,,,,,,,,,,
"Hour factor transport[M8,H11]",0,,,,,,,,,,,,,,,,,,,,,,,,,,,,,,,,,,,,,,
"Hour factor transport[M8,H12]",0,,,,,,,,,,,,,,,,,,,,,,,,,,,,,,,,,,,,,,
"Hour factor transport[M8,H13]",0,,,,,,,,,,,,,,,,,,,,,,,,,,,,,,,,,,,,,,
"Hour factor transport[M8,H14]",0,,,,,,,,,,,,,,,,,,,,,,,,,,,,,,,,,,,,,,
"Hour factor transport[M8,H15]",0,,,,,,,,,,,,,,,,,,,,,,,,,,,,,,,,,,,,,,
"Hour factor transport[M8,H16]",0,,,,,,,,,,,,,,,,,,,,,,,,,,,,,,,,,,,,,,
"Hour factor transport[M8,H17]",0,,,,,,,,,,,,,,,,,,,,,,,,,,,,,,,,,,,,,,
"Hour factor transport[M8,H18]",0,,,,,,,,,,,,,,,,,,,,,,,,,,,,,,,,,,,,,,
"Hour factor transport[M8,H19]",0,,,,,,,,,,,,,,,,,,,,,,,,,,,,,,,,,,,,,,
"Hour factor transport[M8,H20]",0,,,,,,,,,,,,,,,,,,,,,,,,,,,,,,,,,,,,,,
"Hour factor transport[M8,H21]",0.000342466,,,,,,,,,,,,,,,,,,,,,,,,,,,,,,,,,,,,,,
"Hour factor transport[M8,H22]",0.000342466,,,,,,,,,,,,,,,,,,,,,,,,,,,,,,,,,,,,,,
"Hour factor transport[M8,H23]",0.000342466,,,,,,,,,,,,,,,,,,,,,,,,,,,,,,,,,,,,,,
"Hour factor transport[M8,H24]",0.000342466,,,,,,,,,,,,,,,,,,,,,,,,,,,,,,,,,,,,,,
"Hour factor transport[M9,H1]",0.000342466,,,,,,,,,,,,,,,,,,,,,,,,,,,,,,,,,,,,,,
"Hour factor transport[M9,H2]",0.000342466,,,,,,,,,,,,,,,,,,,,,,,,,,,,,,,,,,,,,,
"Hour factor transport[M9,H3]",0.000342466,,,,,,,,,,,,,,,,,,,,,,,,,,,,,,,,,,,,,,
"Hour factor transport[M9,H4]",0.000342466,,,,,,,,,,,,,,,,,,,,,,,,,,,,,,,,,,,,,,
"Hour factor transport[M9,H5]",0,,,,,,,,,,,,,,,,,,,,,,,,,,,,,,,,,,,,,,
"Hour factor transport[M9,H6]",0,,,,,,,,,,,,,,,,,,,,,,,,,,,,,,,,,,,,,,
"Hour factor transport[M9,H7]",0,,,,,,,,,,,,,,,,,,,,,,,,,,,,,,,,,,,,,,
"Hour factor transport[M9,H8]",0,,,,,,,,,,,,,,,,,,,,,,,,,,,,,,,,,,,,,,
"Hour factor transport[M9,H9]",0,,,,,,,,,,,,,,,,,,,,,,,,,,,,,,,,,,,,,,
"Hour factor transport[M9,H10]",0,,,,,,,,,,,,,,,,,,,,,,,,,,,,,,,,,,,,,,
"Hour factor transport[M9,H11]",0,,,,,,,,,,,,,,,,,,,,,,,,,,,,,,,,,,,,,,
"Hour factor transport[M9,H12]",0,,,,,,,,,,,,,,,,,,,,,,,,,,,,,,,,,,,,,,
"Hour factor transport[M9,H13]",0,,,,,,,,,,,,,,,,,,,,,,,,,,,,,,,,,,,,,,
"Hour factor transport[M9,H14]",0,,,,,,,,,,,,,,,,,,,,,,,,,,,,,,,,,,,,,,
"Hour factor transport[M9,H15]",0,,,,,,,,,,,,,,,,,,,,,,,,,,,,,,,,,,,,,,
"Hour factor transport[M9,H16]",0,,,,,,,,,,,,,,,,,,,,,,,,,,,,,,,,,,,,,,
"Hour factor transport[M9,H17]",0,,,,,,,,,,,,,,,,,,,,,,,,,,,,,,,,,,,,,,
"Hour factor transport[M9,H18]",0,,,,,,,,,,,,,,,,,,,,,,,,,,,,,,,,,,,,,,
"Hour factor transport[M9,H19]",0,,,,,,,,,,,,,,,,,,,,,,,,,,,,,,,,,,,,,,
"Hour factor transport[M9,H20]",0,,,,,,,,,,,,,,,,,,,,,,,,,,,,,,,,,,,,,,
"Hour factor transport[M9,H21]",0.000342466,,,,,,,,,,,,,,,,,,,,,,,,,,,,,,,,,,,,,,
"Hour factor transport[M9,H22]",0.000342466,,,,,,,,,,,,,,,,,,,,,,,,,,,,,,,,,,,,,,
"Hour factor transport[M9,H23]",0.000342466,,,,,,,,,,,,,,,,,,,,,,,,,,,,,,,,,,,,,,
"Hour factor transport[M9,H24]",0.000342466,,,,,,,,,,,,,,,,,,,,,,,,,,,,,,,,,,,,,,
"Hour factor transport[M10,H1]",0.000342466,,,,,,,,,,,,,,,,,,,,,,,,,,,,,,,,,,,,,,
"Hour factor transport[M10,H2]",0.000342466,,,,,,,,,,,,,,,,,,,,,,,,,,,,,,,,,,,,,,
"Hour factor transport[M10,H3]",0.000342466,,,,,,,,,,,,,,,,,,,,,,,,,,,,,,,,,,,,,,
"Hour factor transport[M10,H4]",0.000342466,,,,,,,,,,,,,,,,,,,,,,,,,,,,,,,,,,,,,,
"Hour factor transport[M10,H5]",0,,,,,,,,,,,,,,,,,,,,,,,,,,,,,,,,,,,,,,
"Hour factor transport[M10,H6]",0,,,,,,,,,,,,,,,,,,,,,,,,,,,,,,,,,,,,,,
"Hour factor transport[M10,H7]",0,,,,,,,,,,,,,,,,,,,,,,,,,,,,,,,,,,,,,,
"Hour factor transport[M10,H8]",0,,,,,,,,,,,,,,,,,,,,,,,,,,,,,,,,,,,,,,
"Hour factor transport[M10,H9]",0,,,,,,,,,,,,,,,,,,,,,,,,,,,,,,,,,,,,,,
"Hour factor transport[M10,H10]",0,,,,,,,,,,,,,,,,,,,,,,,,,,,,,,,,,,,,,,
"Hour factor transport[M10,H11]",0,,,,,,,,,,,,,,,,,,,,,,,,,,,,,,,,,,,,,,
"Hour factor transport[M10,H12]",0,,,,,,,,,,,,,,,,,,,,,,,,,,,,,,,,,,,,,,
"Hour factor transport[M10,H13]",0,,,,,,,,,,,,,,,,,,,,,,,,,,,,,,,,,,,,,,
"Hour factor transport[M10,H14]",0,,,,,,,,,,,,,,,,,,,,,,,,,,,,,,,,,,,,,,
"Hour factor transport[M10,H15]",0,,,,,,,,,,,,,,,,,,,,,,,,,,,,,,,,,,,,,,
"Hour factor transport[M10,H16]",0,,,,,,,,,,,,,,,,,,,,,,,,,,,,,,,,,,,,,,
"Hour factor transport[M10,H17]",0,,,,,,,,,,,,,,,,,,,,,,,,,,,,,,,,,,,,,,
"Hour factor transport[M10,H18]",0,,,,,,,,,,,,,,,,,,,,,,,,,,,,,,,,,,,,,,
"Hour factor transport[M10,H19]",0,,,,,,,,,,,,,,,,,,,,,,,,,,,,,,,,,,,,,,
"Hour factor transport[M10,H20]",0,,,,,,,,,,,,,,,,,,,,,,,,,,,,,,,,,,,,,,
"Hour factor transport[M10,H21]",0.000342466,,,,,,,,,,,,,,,,,,,,,,,,,,,,,,,,,,,,,,
"Hour factor transport[M10,H22]",0.000342466,,,,,,,,,,,,,,,,,,,,,,,,,,,,,,,,,,,,,,
"Hour factor transport[M10,H23]",0.000342466,,,,,,,,,,,,,,,,,,,,,,,,,,,,,,,,,,,,,,
"Hour factor transport[M10,H24]",0.000342466,,,,,,,,,,,,,,,,,,,,,,,,,,,,,,,,,,,,,,
"Hour factor transport[M11,H1]",0.000342466,,,,,,,,,,,,,,,,,,,,,,,,,,,,,,,,,,,,,,
"Hour factor transport[M11,H2]",0.000342466,,,,,,,,,,,,,,,,,,,,,,,,,,,,,,,,,,,,,,
"Hour factor transport[M11,H3]",0.000342466,,,,,,,,,,,,,,,,,,,,,,,,,,,,,,,,,,,,,,
"Hour factor transport[M11,H4]",0.000342466,,,,,,,,,,,,,,,,,,,,,,,,,,,,,,,,,,,,,,
"Hour factor transport[M11,H5]",0,,,,,,,,,,,,,,,,,,,,,,,,,,,,,,,,,,,,,,
"Hour factor transport[M11,H6]",0,,,,,,,,,,,,,,,,,,,,,,,,,,,,,,,,,,,,,,
"Hour factor transport[M11,H7]",0,,,,,,,,,,,,,,,,,,,,,,,,,,,,,,,,,,,,,,
"Hour factor transport[M11,H8]",0,,,,,,,,,,,,,,,,,,,,,,,,,,,,,,,,,,,,,,
"Hour factor transport[M11,H9]",0,,,,,,,,,,,,,,,,,,,,,,,,,,,,,,,,,,,,,,
"Hour factor transport[M11,H10]",0,,,,,,,,,,,,,,,,,,,,,,,,,,,,,,,,,,,,,,
"Hour factor transport[M11,H11]",0,,,,,,,,,,,,,,,,,,,,,,,,,,,,,,,,,,,,,,
"Hour factor transport[M11,H12]",0,,,,,,,,,,,,,,,,,,,,,,,,,,,,,,,,,,,,,,
"Hour factor transport[M11,H13]",0,,,,,,,,,,,,,,,,,,,,,,,,,,,,,,,,,,,,,,
"Hour factor transport[M11,H14]",0,,,,,,,,,,,,,,,,,,,,,,,,,,,,,,,,,,,,,,
"Hour factor transport[M11,H15]",0,,,,,,,,,,,,,,,,,,,,,,,,,,,,,,,,,,,,,,
"Hour factor transport[M11,H16]",0,,,,,,,,,,,,,,,,,,,,,,,,,,,,,,,,,,,,,,
"Hour factor transport[M11,H17]",0,,,,,,,,,,,,,,,,,,,,,,,,,,,,,,,,,,,,,,
"Hour factor transport[M11,H18]",0,,,,,,,,,,,,,,,,,,,,,,,,,,,,,,,,,,,,,,
"Hour factor transport[M11,H19]",0,,,,,,,,,,,,,,,,,,,,,,,,,,,,,,,,,,,,,,
"Hour factor transport[M11,H20]",0,,,,,,,,,,,,,,,,,,,,,,,,,,,,,,,,,,,,,,
"Hour factor transport[M11,H21]",0.000342466,,,,,,,,,,,,,,,,,,,,,,,,,,,,,,,,,,,,,,
"Hour factor transport[M11,H22]",0.000342466,,,,,,,,,,,,,,,,,,,,,,,,,,,,,,,,,,,,,,
"Hour factor transport[M11,H23]",0.000342466,,,,,,,,,,,,,,,,,,,,,,,,,,,,,,,,,,,,,,
"Hour factor transport[M11,H24]",0.000342466,,,,,,,,,,,,,,,,,,,,,,,,,,,,,,,,,,,,,,
"Hour factor transport[M12,H1]",0.000342466,,,,,,,,,,,,,,,,,,,,,,,,,,,,,,,,,,,,,,
"Hour factor transport[M12,H2]",0.000342466,,,,,,,,,,,,,,,,,,,,,,,,,,,,,,,,,,,,,,
"Hour factor transport[M12,H3]",0.000342466,,,,,,,,,,,,,,,,,,,,,,,,,,,,,,,,,,,,,,
"Hour factor transport[M12,H4]",0.000342466,,,,,,,,,,,,,,,,,,,,,,,,,,,,,,,,,,,,,,
"Hour factor transport[M12,H5]",0,,,,,,,,,,,,,,,,,,,,,,,,,,,,,,,,,,,,,,
"Hour factor transport[M12,H6]",0,,,,,,,,,,,,,,,,,,,,,,,,,,,,,,,,,,,,,,
"Hour factor transport[M12,H7]",0,,,,,,,,,,,,,,,,,,,,,,,,,,,,,,,,,,,,,,
"Hour factor transport[M12,H8]",0,,,,,,,,,,,,,,,,,,,,,,,,,,,,,,,,,,,,,,
"Hour factor transport[M12,H9]",0,,,,,,,,,,,,,,,,,,,,,,,,,,,,,,,,,,,,,,
"Hour factor transport[M12,H10]",0,,,,,,,,,,,,,,,,,,,,,,,,,,,,,,,,,,,,,,
"Hour factor transport[M12,H11]",0,,,,,,,,,,,,,,,,,,,,,,,,,,,,,,,,,,,,,,
"Hour factor transport[M12,H12]",0,,,,,,,,,,,,,,,,,,,,,,,,,,,,,,,,,,,,,,
"Hour factor transport[M12,H13]",0,,,,,,,,,,,,,,,,,,,,,,,,,,,,,,,,,,,,,,
"Hour factor transport[M12,H14]",0,,,,,,,,,,,,,,,,,,,,,,,,,,,,,,,,,,,,,,
"Hour factor transport[M12,H15]",0,,,,,,,,,,,,,,,,,,,,,,,,,,,,,,,,,,,,,,
"Hour factor transport[M12,H16]",0,,,,,,,,,,,,,,,,,,,,,,,,,,,,,,,,,,,,,,
"Hour factor transport[M12,H17]",0,,,,,,,,,,,,,,,,,,,,,,,,,,,,,,,,,,,,,,
"Hour factor transport[M12,H18]",0,,,,,,,,,,,,,,,,,,,,,,,,,,,,,,,,,,,,,,
"Hour factor transport[M12,H19]",0,,,,,,,,,,,,,,,,,,,,,,,,,,,,,,,,,,,,,,
"Hour factor transport[M12,H20]",0,,,,,,,,,,,,,,,,,,,,,,,,,,,,,,,,,,,,,,
"Hour factor transport[M12,H21]",0.000342466,,,,,,,,,,,,,,,,,,,,,,,,,,,,,,,,,,,,,,
"Hour factor transport[M12,H22]",0.000342466,,,,,,,,,,,,,,,,,,,,,,,,,,,,,,,,,,,,,,
"Hour factor transport[M12,H23]",0.000342466,,,,,,,,,,,,,,,,,,,,,,,,,,,,,,,,,,,,,,
"Hour factor transport[M12,H24]",0.000342466,,,,,,,,,,,,,,,,,,,,,,,,,,,,,,,,,,,,,,
"Hour factor Wind[M1,H1]",0.000180703,,,,,,,,,,,,,,,,,,,,,,,,,,,,,,,,,,,,,,
"Hour factor Wind[M1,H2]",0.000178235,,,,,,,,,,,,,,,,,,,,,,,,,,,,,,,,,,,,,,
"Hour factor Wind[M1,H3]",0.000176118,,,,,,,,,,,,,,,,,,,,,,,,,,,,,,,,,,,,,,
"Hour factor Wind[M1,H4]",0.000173765,,,,,,,,,,,,,,,,,,,,,,,,,,,,,,,,,,,,,,
"Hour factor Wind[M1,H5]",0.000170351,,,,,,,,,,,,,,,,,,,,,,,,,,,,,,,,,,,,,,
"Hour factor Wind[M1,H6]",0.000167766,,,,,,,,,,,,,,,,,,,,,,,,,,,,,,,,,,,,,,
"Hour factor Wind[M1,H7]",0.000164502,,,,,,,,,,,,,,,,,,,,,,,,,,,,,,,,,,,,,,
"Hour factor Wind[M1,H8]",0.000162697,,,,,,,,,,,,,,,,,,,,,,,,,,,,,,,,,,,,,,
"Hour factor Wind[M1,H9]",0.000160213,,,,,,,,,,,,,,,,,,,,,,,,,,,,,,,,,,,,,,
"Hour factor Wind[M1,H10]",0.000143929,,,,,,,,,,,,,,,,,,,,,,,,,,,,,,,,,,,,,,
"Hour factor Wind[M1,H11]",0.000131404,,,,,,,,,,,,,,,,,,,,,,,,,,,,,,,,,,,,,,
"Hour factor Wind[M1,H12]",0.000135053,,,,,,,,,,,,,,,,,,,,,,,,,,,,,,,,,,,,,,
"Hour factor Wind[M1,H13]",0.000138489,,,,,,,,,,,,,,,,,,,,,,,,,,,,,,,,,,,,,,
"Hour factor Wind[M1,H14]",0.000136566,,,,,,,,,,,,,,,,,,,,,,,,,,,,,,,,,,,,,,
"Hour factor Wind[M1,H15]",0.00014356,,,,,,,,,,,,,,,,,,,,,,,,,,,,,,,,,,,,,,
"Hour factor Wind[M1,H16]",0.000147379,,,,,,,,,,,,,,,,,,,,,,,,,,,,,,,,,,,,,,
"Hour factor Wind[M1,H17]",0.000144471,,,,,,,,,,,,,,,,,,,,,,,,,,,,,,,,,,,,,,
"Hour factor Wind[M1,H18]",0.000146956,,,,,,,,,,,,,,,,,,,,,,,,,,,,,,,,,,,,,,
"Hour factor Wind[M1,H19]",0.000155058,,,,,,,,,,,,,,,,,,,,,,,,,,,,,,,,,,,,,,
"Hour factor Wind[M1,H20]",0.000160399,,,,,,,,,,,,,,,,,,,,,,,,,,,,,,,,,,,,,,
"Hour factor Wind[M1,H21]",0.000161947,,,,,,,,,,,,,,,,,,,,,,,,,,,,,,,,,,,,,,
"Hour factor Wind[M1,H22]",0.000164776,,,,,,,,,,,,,,,,,,,,,,,,,,,,,,,,,,,,,,
"Hour factor Wind[M1,H23]",0.000168041,,,,,,,,,,,,,,,,,,,,,,,,,,,,,,,,,,,,,,
"Hour factor Wind[M1,H24]",0.00017232,,,,,,,,,,,,,,,,,,,,,,,,,,,,,,,,,,,,,,
"Hour factor Wind[M2,H1]",0.000123709,,,,,,,,,,,,,,,,,,,,,,,,,,,,,,,,,,,,,,
"Hour factor Wind[M2,H2]",0.000122619,,,,,,,,,,,,,,,,,,,,,,,,,,,,,,,,,,,,,,
"Hour factor Wind[M2,H3]",0.00012208,,,,,,,,,,,,,,,,,,,,,,,,,,,,,,,,,,,,,,
"Hour factor Wind[M2,H4]",0.000119791,,,,,,,,,,,,,,,,,,,,,,,,,,,,,,,,,,,,,,
"Hour factor Wind[M2,H5]",0.000115765,,,,,,,,,,,,,,,,,,,,,,,,,,,,,,,,,,,,,,
"Hour factor Wind[M2,H6]",0.000112991,,,,,,,,,,,,,,,,,,,,,,,,,,,,,,,,,,,,,,
"Hour factor Wind[M2,H7]",0.000110167,,,,,,,,,,,,,,,,,,,,,,,,,,,,,,,,,,,,,,
"Hour factor Wind[M2,H8]",0.000103939,,,,,,,,,,,,,,,,,,,,,,,,,,,,,,,,,,,,,,
"Hour factor Wind[M2,H9]",8.87123E-05,,,,,,,,,,,,,,,,,,,,,,,,,,,,,,,,,,,,,,
"Hour factor Wind[M2,H10]",8.27769E-05,,,,,,,,,,,,,,,,,,,,,,,,,,,,,,,,,,,,,,
"Hour factor Wind[M2,H11]",8.88003E-05,,,,,,,,,,,,,,,,,,,,,,,,,,,,,,,,,,,,,,
"Hour factor Wind[M2,H12]",9.13441E-05,,,,,,,,,,,,,,,,,,,,,,,,,,,,,,,,,,,,,,
"Hour factor Wind[M2,H13]",9.24145E-05,,,,,,,,,,,,,,,,,,,,,,,,,,,,,,,,,,,,,,
"Hour factor Wind[M2,H14]",9.05959E-05,,,,,,,,,,,,,,,,,,,,,,,,,,,,,,,,,,,,,,
"Hour factor Wind[M2,H15]",8.65786E-05,,,,,,,,,,,,,,,,,,,,,,,,,,,,,,,,,,,,,,
"Hour factor Wind[M2,H16]",8.94735E-05,,,,,,,,,,,,,,,,,,,,,,,,,,,,,,,,,,,,,,
"Hour factor Wind[M2,H17]",9.11357E-05,,,,,,,,,,,,,,,,,,,,,,,,,,,,,,,,,,,,,,
"Hour factor Wind[M2,H18]",8.50151E-05,,,,,,,,,,,,,,,,,,,,,,,,,,,,,,,,,,,,,,
"Hour factor Wind[M2,H19]",8.63912E-05,,,,,,,,,,,,,,,,,,,,,,,,,,,,,,,,,,,,,,
"Hour factor Wind[M2,H20]",9.5937E-05,,,,,,,,,,,,,,,,,,,,,,,,,,,,,,,,,,,,,,
"Hour factor Wind[M2,H21]",0.000108077,,,,,,,,,,,,,,,,,,,,,,,,,,,,,,,,,,,,,,
"Hour factor Wind[M2,H22]",0.000117571,,,,,,,,,,,,,,,,,,,,,,,,,,,,,,,,,,,,,,
"Hour factor Wind[M2,H23]",0.00012176,,,,,,,,,,,,,,,,,,,,,,,,,,,,,,,,,,,,,,
"Hour factor Wind[M2,H24]",0.000125749,,,,,,,,,,,,,,,,,,,,,,,,,,,,,,,,,,,,,,
"Hour factor Wind[M3,H1]",0.000103429,,,,,,,,,,,,,,,,,,,,,,,,,,,,,,,,,,,,,,
"Hour factor Wind[M3,H2]",0.000105224,,,,,,,,,,,,,,,,,,,,,,,,,,,,,,,,,,,,,,
"Hour factor Wind[M3,H3]",0.000106862,,,,,,,,,,,,,,,,,,,,,,,,,,,,,,,,,,,,,,
"Hour factor Wind[M3,H4]",0.00010747,,,,,,,,,,,,,,,,,,,,,,,,,,,,,,,,,,,,,,
"Hour factor Wind[M3,H5]",0.000110413,,,,,,,,,,,,,,,,,,,,,,,,,,,,,,,,,,,,,,
"Hour factor Wind[M3,H6]",0.000113595,,,,,,,,,,,,,,,,,,,,,,,,,,,,,,,,,,,,,,
"Hour factor Wind[M3,H7]",0.000114248,,,,,,,,,,,,,,,,,,,,,,,,,,,,,,,,,,,,,,
"Hour factor Wind[M3,H8]",8.21092E-05,,,,,,,,,,,,,,,,,,,,,,,,,,,,,,,,,,,,,,
"Hour factor Wind[M3,H9]",7.39774E-05,,,,,,,,,,,,,,,,,,,,,,,,,,,,,,,,,,,,,,
"Hour factor Wind[M3,H10]",7.84172E-05,,,,,,,,,,,,,,,,,,,,,,,,,,,,,,,,,,,,,,
"Hour factor Wind[M3,H11]",8.25972E-05,,,,,,,,,,,,,,,,,,,,,,,,,,,,,,,,,,,,,,
"Hour factor Wind[M3,H12]",8.77443E-05,,,,,,,,,,,,,,,,,,,,,,,,,,,,,,,,,,,,,,
"Hour factor Wind[M3,H13]",8.97556E-05,,,,,,,,,,,,,,,,,,,,,,,,,,,,,,,,,,,,,,
"Hour factor Wind[M3,H14]",9.01063E-05,,,,,,,,,,,,,,,,,,,,,,,,,,,,,,,,,,,,,,
"Hour factor Wind[M3,H15]",8.83733E-05,,,,,,,,,,,,,,,,,,,,,,,,,,,,,,,,,,,,,,
"Hour factor Wind[M3,H16]",8.68865E-05,,,,,,,,,,,,,,,,,,,,,,,,,,,,,,,,,,,,,,
"Hour factor Wind[M3,H17]",9.90241E-05,,,,,,,,,,,,,,,,,,,,,,,,,,,,,,,,,,,,,,
"Hour factor Wind[M3,H18]",0.000104674,,,,,,,,,,,,,,,,,,,,,,,,,,,,,,,,,,,,,,
"Hour factor Wind[M3,H19]",0.000105691,,,,,,,,,,,,,,,,,,,,,,,,,,,,,,,,,,,,,,
"Hour factor Wind[M3,H20]",0.000110034,,,,,,,,,,,,,,,,,,,,,,,,,,,,,,,,,,,,,,
"Hour factor Wind[M3,H21]",0.000111129,,,,,,,,,,,,,,,,,,,,,,,,,,,,,,,,,,,,,,
"Hour factor Wind[M3,H22]",0.000111969,,,,,,,,,,,,,,,,,,,,,,,,,,,,,,,,,,,,,,
"Hour factor Wind[M3,H23]",0.000109857,,,,,,,,,,,,,,,,,,,,,,,,,,,,,,,,,,,,,,
"Hour factor Wind[M3,H24]",0.000106974,,,,,,,,,,,,,,,,,,,,,,,,,,,,,,,,,,,,,,
"Hour factor Wind[M4,H1]",0.000138443,,,,,,,,,,,,,,,,,,,,,,,,,,,,,,,,,,,,,,
"Hour factor Wind[M4,H2]",0.000136123,,,,,,,,,,,,,,,,,,,,,,,,,,,,,,,,,,,,,,
"Hour factor Wind[M4,H3]",0.000135377,,,,,,,,,,,,,,,,,,,,,,,,,,,,,,,,,,,,,,
"Hour factor Wind[M4,H4]",0.000131929,,,,,,,,,,,,,,,,,,,,,,,,,,,,,,,,,,,,,,
"Hour factor Wind[M4,H5]",0.000128014,,,,,,,,,,,,,,,,,,,,,,,,,,,,,,,,,,,,,,
"Hour factor Wind[M4,H6]",0.000124744,,,,,,,,,,,,,,,,,,,,,,,,,,,,,,,,,,,,,,
"Hour factor Wind[M4,H7]",0.000101333,,,,,,,,,,,,,,,,,,,,,,,,,,,,,,,,,,,,,,
"Hour factor Wind[M4,H8]",0.00010107,,,,,,,,,,,,,,,,,,,,,,,,,,,,,,,,,,,,,,
"Hour factor Wind[M4,H9]",0.000121462,,,,,,,,,,,,,,,,,,,,,,,,,,,,,,,,,,,,,,
"Hour factor Wind[M4,H10]",0.000135765,,,,,,,,,,,,,,,,,,,,,,,,,,,,,,,,,,,,,,
"Hour factor Wind[M4,H11]",0.000148427,,,,,,,,,,,,,,,,,,,,,,,,,,,,,,,,,,,,,,
"Hour factor Wind[M4,H12]",0.000159717,,,,,,,,,,,,,,,,,,,,,,,,,,,,,,,,,,,,,,
"Hour factor Wind[M4,H13]",0.0001636,,,,,,,,,,,,,,,,,,,,,,,,,,,,,,,,,,,,,,
"Hour factor Wind[M4,H14]",0.000163111,,,,,,,,,,,,,,,,,,,,,,,,,,,,,,,,,,,,,,
"Hour factor Wind[M4,H15]",0.000158796,,,,,,,,,,,,,,,,,,,,,,,,,,,,,,,,,,,,,,
"Hour factor Wind[M4,H16]",0.000150669,,,,,,,,,,,,,,,,,,,,,,,,,,,,,,,,,,,,,,
"Hour factor Wind[M4,H17]",0.000140545,,,,,,,,,,,,,,,,,,,,,,,,,,,,,,,,,,,,,,
"Hour factor Wind[M4,H18]",0.000145202,,,,,,,,,,,,,,,,,,,,,,,,,,,,,,,,,,,,,,
"Hour factor Wind[M4,H19]",0.000148473,,,,,,,,,,,,,,,,,,,,,,,,,,,,,,,,,,,,,,
"Hour factor Wind[M4,H20]",0.000148323,,,,,,,,,,,,,,,,,,,,,,,,,,,,,,,,,,,,,,
"Hour factor Wind[M4,H21]",0.000144836,,,,,,,,,,,,,,,,,,,,,,,,,,,,,,,,,,,,,,
"Hour factor Wind[M4,H22]",0.000139082,,,,,,,,,,,,,,,,,,,,,,,,,,,,,,,,,,,,,,
"Hour factor Wind[M4,H23]",0.000136988,,,,,,,,,,,,,,,,,,,,,,,,,,,,,,,,,,,,,,
"Hour factor Wind[M4,H24]",0.00013277,,,,,,,,,,,,,,,,,,,,,,,,,,,,,,,,,,,,,,
"Hour factor Wind[M5,H1]",0.000123792,,,,,,,,,,,,,,,,,,,,,,,,,,,,,,,,,,,,,,
"Hour factor Wind[M5,H2]",0.000123539,,,,,,,,,,,,,,,,,,,,,,,,,,,,,,,,,,,,,,
"Hour factor Wind[M5,H3]",0.000124453,,,,,,,,,,,,,,,,,,,,,,,,,,,,,,,,,,,,,,
"Hour factor Wind[M5,H4]",0.000121374,,,,,,,,,,,,,,,,,,,,,,,,,,,,,,,,,,,,,,
"Hour factor Wind[M5,H5]",0.000118382,,,,,,,,,,,,,,,,,,,,,,,,,,,,,,,,,,,,,,
"Hour factor Wind[M5,H6]",9.82373E-05,,,,,,,,,,,,,,,,,,,,,,,,,,,,,,,,,,,,,,
"Hour factor Wind[M5,H7]",8.91639E-05,,,,,,,,,,,,,,,,,,,,,,,,,,,,,,,,,,,,,,
"Hour factor Wind[M5,H8]",0.00010242,,,,,,,,,,,,,,,,,,,,,,,,,,,,,,,,,,,,,,
"Hour factor Wind[M5,H9]",0.000111343,,,,,,,,,,,,,,,,,,,,,,,,,,,,,,,,,,,,,,
"Hour factor Wind[M5,H10]",0.00011678,,,,,,,,,,,,,,,,,,,,,,,,,,,,,,,,,,,,,,
"Hour factor Wind[M5,H11]",0.000122407,,,,,,,,,,,,,,,,,,,,,,,,,,,,,,,,,,,,,,
"Hour factor Wind[M5,H12]",0.000131237,,,,,,,,,,,,,,,,,,,,,,,,,,,,,,,,,,,,,,
"Hour factor Wind[M5,H13]",0.00013665,,,,,,,,,,,,,,,,,,,,,,,,,,,,,,,,,,,,,,
"Hour factor Wind[M5,H14]",0.000138994,,,,,,,,,,,,,,,,,,,,,,,,,,,,,,,,,,,,,,
"Hour factor Wind[M5,H15]",0.000135852,,,,,,,,,,,,,,,,,,,,,,,,,,,,,,,,,,,,,,
"Hour factor Wind[M5,H16]",0.000129428,,,,,,,,,,,,,,,,,,,,,,,,,,,,,,,,,,,,,,
"Hour factor Wind[M5,H17]",0.000122017,,,,,,,,,,,,,,,,,,,,,,,,,,,,,,,,,,,,,,
"Hour factor Wind[M5,H18]",0.000120301,,,,,,,,,,,,,,,,,,,,,,,,,,,,,,,,,,,,,,
"Hour factor Wind[M5,H19]",0.000124165,,,,,,,,,,,,,,,,,,,,,,,,,,,,,,,,,,,,,,
"Hour factor Wind[M5,H20]",0.000125394,,,,,,,,,,,,,,,,,,,,,,,,,,,,,,,,,,,,,,
"Hour factor Wind[M5,H21]",0.000124376,,,,,,,,,,,,,,,,,,,,,,,,,,,,,,,,,,,,,,
"Hour factor Wind[M5,H22]",0.000123527,,,,,,,,,,,,,,,,,,,,,,,,,,,,,,,,,,,,,,
"Hour factor Wind[M5,H23]",0.000126258,,,,,,,,,,,,,,,,,,,,,,,,,,,,,,,,,,,,,,
"Hour factor Wind[M5,H24]",0.00012427,,,,,,,,,,,,,,,,,,,,,,,,,,,,,,,,,,,,,,
"Hour factor Wind[M6,H1]",9.77062E-05,,,,,,,,,,,,,,,,,,,,,,,,,,,,,,,,,,,,,,
"Hour factor Wind[M6,H2]",9.62648E-05,,,,,,,,,,,,,,,,,,,,,,,,,,,,,,,,,,,,,,
"Hour factor Wind[M6,H3]",9.65403E-05,,,,,,,,,,,,,,,,,,,,,,,,,,,,,,,,,,,,,,
"Hour factor Wind[M6,H4]",0.000100894,,,,,,,,,,,,,,,,,,,,,,,,,,,,,,,,,,,,,,
"Hour factor Wind[M6,H5]",0.000106441,,,,,,,,,,,,,,,,,,,,,,,,,,,,,,,,,,,,,,
"Hour factor Wind[M6,H6]",7.9232E-05,,,,,,,,,,,,,,,,,,,,,,,,,,,,,,,,,,,,,,
"Hour factor Wind[M6,H7]",7.96503E-05,,,,,,,,,,,,,,,,,,,,,,,,,,,,,,,,,,,,,,
"Hour factor Wind[M6,H8]",8.73936E-05,,,,,,,,,,,,,,,,,,,,,,,,,,,,,,,,,,,,,,
"Hour factor Wind[M6,H9]",9.50541E-05,,,,,,,,,,,,,,,,,,,,,,,,,,,,,,,,,,,,,,
"Hour factor Wind[M6,H10]",0.000105961,,,,,,,,,,,,,,,,,,,,,,,,,,,,,,,,,,,,,,
"Hour factor Wind[M6,H11]",0.000115193,,,,,,,,,,,,,,,,,,,,,,,,,,,,,,,,,,,,,,
"Hour factor Wind[M6,H12]",0.000122157,,,,,,,,,,,,,,,,,,,,,,,,,,,,,,,,,,,,,,
"Hour factor Wind[M6,H13]",0.000124693,,,,,,,,,,,,,,,,,,,,,,,,,,,,,,,,,,,,,,
"Hour factor Wind[M6,H14]",0.000125567,,,,,,,,,,,,,,,,,,,,,,,,,,,,,,,,,,,,,,
"Hour factor Wind[M6,H15]",0.000120866,,,,,,,,,,,,,,,,,,,,,,,,,,,,,,,,,,,,,,
"Hour factor Wind[M6,H16]",0.00011311,,,,,,,,,,,,,,,,,,,,,,,,,,,,,,,,,,,,,,
"Hour factor Wind[M6,H17]",0.000104564,,,,,,,,,,,,,,,,,,,,,,,,,,,,,,,,,,,,,,
"Hour factor Wind[M6,H18]",9.48068E-05,,,,,,,,,,,,,,,,,,,,,,,,,,,,,,,,,,,,,,
"Hour factor Wind[M6,H19]",9.31469E-05,,,,,,,,,,,,,,,,,,,,,,,,,,,,,,,,,,,,,,
"Hour factor Wind[M6,H20]",9.44892E-05,,,,,,,,,,,,,,,,,,,,,,,,,,,,,,,,,,,,,,
"Hour factor Wind[M6,H21]",9.50317E-05,,,,,,,,,,,,,,,,,,,,,,,,,,,,,,,,,,,,,,
"Hour factor Wind[M6,H22]",9.60495E-05,,,,,,,,,,,,,,,,,,,,,,,,,,,,,,,,,,,,,,
"Hour factor Wind[M6,H23]",9.68863E-05,,,,,,,,,,,,,,,,,,,,,,,,,,,,,,,,,,,,,,
"Hour factor Wind[M6,H24]",9.87973E-05,,,,,,,,,,,,,,,,,,,,,,,,,,,,,,,,,,,,,,
"Hour factor Wind[M7,H1]",9.81635E-05,,,,,,,,,,,,,,,,,,,,,,,,,,,,,,,,,,,,,,
"Hour factor Wind[M7,H2]",9.67825E-05,,,,,,,,,,,,,,,,,,,,,,,,,,,,,,,,,,,,,,
"Hour factor Wind[M7,H3]",9.89583E-05,,,,,,,,,,,,,,,,,,,,,,,,,,,,,,,,,,,,,,
"Hour factor Wind[M7,H4]",9.91159E-05,,,,,,,,,,,,,,,,,,,,,,,,,,,,,,,,,,,,,,
"Hour factor Wind[M7,H5]",0.000100046,,,,,,,,,,,,,,,,,,,,,,,,,,,,,,,,,,,,,,
"Hour factor Wind[M7,H6]",7.33586E-05,,,,,,,,,,,,,,,,,,,,,,,,,,,,,,,,,,,,,,
"Hour factor Wind[M7,H7]",7.90733E-05,,,,,,,,,,,,,,,,,,,,,,,,,,,,,,,,,,,,,,
"Hour factor Wind[M7,H8]",8.83237E-05,,,,,,,,,,,,,,,,,,,,,,,,,,,,,,,,,,,,,,
"Hour factor Wind[M7,H9]",9.72494E-05,,,,,,,,,,,,,,,,,,,,,,,,,,,,,,,,,,,,,,
"Hour factor Wind[M7,H10]",0.00010637,,,,,,,,,,,,,,,,,,,,,,,,,,,,,,,,,,,,,,
"Hour factor Wind[M7,H11]",0.00011698,,,,,,,,,,,,,,,,,,,,,,,,,,,,,,,,,,,,,,
"Hour factor Wind[M7,H12]",0.000124363,,,,,,,,,,,,,,,,,,,,,,,,,,,,,,,,,,,,,,
"Hour factor Wind[M7,H13]",0.000127459,,,,,,,,,,,,,,,,,,,,,,,,,,,,,,,,,,,,,,
"Hour factor Wind[M7,H14]",0.00012794,,,,,,,,,,,,,,,,,,,,,,,,,,,,,,,,,,,,,,
"Hour factor Wind[M7,H15]",0.000123909,,,,,,,,,,,,,,,,,,,,,,,,,,,,,,,,,,,,,,
"Hour factor Wind[M7,H16]",0.000118925,,,,,,,,,,,,,,,,,,,,,,,,,,,,,,,,,,,,,,
"Hour factor Wind[M7,H17]",0.000112757,,,,,,,,,,,,,,,,,,,,,,,,,,,,,,,,,,,,,,
"Hour factor Wind[M7,H18]",0.000106627,,,,,,,,,,,,,,,,,,,,,,,,,,,,,,,,,,,,,,
"Hour factor Wind[M7,H19]",0.00010795,,,,,,,,,,,,,,,,,,,,,,,,,,,,,,,,,,,,,,
"Hour factor Wind[M7,H20]",0.000107323,,,,,,,,,,,,,,,,,,,,,,,,,,,,,,,,,,,,,,
"Hour factor Wind[M7,H21]",0.000101031,,,,,,,,,,,,,,,,,,,,,,,,,,,,,,,,,,,,,,
"Hour factor Wind[M7,H22]",9.8062E-05,,,,,,,,,,,,,,,,,,,,,,,,,,,,,,,,,,,,,,
"Hour factor Wind[M7,H23]",0.00010023,,,,,,,,,,,,,,,,,,,,,,,,,,,,,,,,,,,,,,
"Hour factor Wind[M7,H24]",9.8949E-05,,,,,,,,,,,,,,,,,,,,,,,,,,,,,,,,,,,,,,
"Hour factor Wind[M8,H1]",0.000134363,,,,,,,,,,,,,,,,,,,,,,,,,,,,,,,,,,,,,,
"Hour factor Wind[M8,H2]",0.000132259,,,,,,,,,,,,,,,,,,,,,,,,,,,,,,,,,,,,,,
"Hour factor Wind[M8,H3]",0.000126771,,,,,,,,,,,,,,,,,,,,,,,,,,,,,,,,,,,,,,
"Hour factor Wind[M8,H4]",0.000125666,,,,,,,,,,,,,,,,,,,,,,,,,,,,,,,,,,,,,,
"Hour factor Wind[M8,H5]",0.000127924,,,,,,,,,,,,,,,,,,,,,,,,,,,,,,,,,,,,,,
"Hour factor Wind[M8,H6]",0.00012781,,,,,,,,,,,,,,,,,,,,,,,,,,,,,,,,,,,,,,
"Hour factor Wind[M8,H7]",0.000107302,,,,,,,,,,,,,,,,,,,,,,,,,,,,,,,,,,,,,,
"Hour factor Wind[M8,H8]",8.97382E-05,,,,,,,,,,,,,,,,,,,,,,,,,,,,,,,,,,,,,,
"Hour factor Wind[M8,H9]",9.9568E-05,,,,,,,,,,,,,,,,,,,,,,,,,,,,,,,,,,,,,,
"Hour factor Wind[M8,H10]",0.000108669,,,,,,,,,,,,,,,,,,,,,,,,,,,,,,,,,,,,,,
"Hour factor Wind[M8,H11]",0.000115067,,,,,,,,,,,,,,,,,,,,,,,,,,,,,,,,,,,,,,
"Hour factor Wind[M8,H12]",0.000118429,,,,,,,,,,,,,,,,,,,,,,,,,,,,,,,,,,,,,,
"Hour factor Wind[M8,H13]",0.000119784,,,,,,,,,,,,,,,,,,,,,,,,,,,,,,,,,,,,,,
"Hour factor Wind[M8,H14]",0.000119843,,,,,,,,,,,,,,,,,,,,,,,,,,,,,,,,,,,,,,
"Hour factor Wind[M8,H15]",0.000115537,,,,,,,,,,,,,,,,,,,,,,,,,,,,,,,,,,,,,,
"Hour factor Wind[M8,H16]",0.000109609,,,,,,,,,,,,,,,,,,,,,,,,,,,,,,,,,,,,,,
"Hour factor Wind[M8,H17]",0.000106912,,,,,,,,,,,,,,,,,,,,,,,,,,,,,,,,,,,,,,
"Hour factor Wind[M8,H18]",0.00011011,,,,,,,,,,,,,,,,,,,,,,,,,,,,,,,,,,,,,,
"Hour factor Wind[M8,H19]",0.000110715,,,,,,,,,,,,,,,,,,,,,,,,,,,,,,,,,,,,,,
"Hour factor Wind[M8,H20]",0.000114949,,,,,,,,,,,,,,,,,,,,,,,,,,,,,,,,,,,,,,
"Hour factor Wind[M8,H21]",0.000119492,,,,,,,,,,,,,,,,,,,,,,,,,,,,,,,,,,,,,,
"Hour factor Wind[M8,H22]",0.000127195,,,,,,,,,,,,,,,,,,,,,,,,,,,,,,,,,,,,,,
"Hour factor Wind[M8,H23]",0.000131252,,,,,,,,,,,,,,,,,,,,,,,,,,,,,,,,,,,,,,
"Hour factor Wind[M8,H24]",0.000131185,,,,,,,,,,,,,,,,,,,,,,,,,,,,,,,,,,,,,,
"Hour factor Wind[M9,H1]",9.46108E-05,,,,,,,,,,,,,,,,,,,,,,,,,,,,,,,,,,,,,,
"Hour factor Wind[M9,H2]",9.80316E-05,,,,,,,,,,,,,,,,,,,,,,,,,,,,,,,,,,,,,,
"Hour factor Wind[M9,H3]",9.89136E-05,,,,,,,,,,,,,,,,,,,,,,,,,,,,,,,,,,,,,,
"Hour factor Wind[M9,H4]",9.94391E-05,,,,,,,,,,,,,,,,,,,,,,,,,,,,,,,,,,,,,,
"Hour factor Wind[M9,H5]",0.000101454,,,,,,,,,,,,,,,,,,,,,,,,,,,,,,,,,,,,,,
"Hour factor Wind[M9,H6]",8.80712E-05,,,,,,,,,,,,,,,,,,,,,,,,,,,,,,,,,,,,,,
"Hour factor Wind[M9,H7]",6.98342E-05,,,,,,,,,,,,,,,,,,,,,,,,,,,,,,,,,,,,,,
"Hour factor Wind[M9,H8]",6.83569E-05,,,,,,,,,,,,,,,,,,,,,,,,,,,,,,,,,,,,,,
"Hour factor Wind[M9,H9]",6.59916E-05,,,,,,,,,,,,,,,,,,,,,,,,,,,,,,,,,,,,,,
"Hour factor Wind[M9,H10]",6.96208E-05,,,,,,,,,,,,,,,,,,,,,,,,,,,,,,,,,,,,,,
"Hour factor Wind[M9,H11]",7.35037E-05,,,,,,,,,,,,,,,,,,,,,,,,,,,,,,,,,,,,,,
"Hour factor Wind[M9,H12]",8.05331E-05,,,,,,,,,,,,,,,,,,,,,,,,,,,,,,,,,,,,,,
"Hour factor Wind[M9,H13]",8.94699E-05,,,,,,,,,,,,,,,,,,,,,,,,,,,,,,,,,,,,,,
"Hour factor Wind[M9,H14]",9.57253E-05,,,,,,,,,,,,,,,,,,,,,,,,,,,,,,,,,,,,,,
"Hour factor Wind[M9,H15]",9.74437E-05,,,,,,,,,,,,,,,,,,,,,,,,,,,,,,,,,,,,,,
"Hour factor Wind[M9,H16]",9.52382E-05,,,,,,,,,,,,,,,,,,,,,,,,,,,,,,,,,,,,,,
"Hour factor Wind[M9,H17]",8.88329E-05,,,,,,,,,,,,,,,,,,,,,,,,,,,,,,,,,,,,,,
"Hour factor Wind[M9,H18]",8.47786E-05,,,,,,,,,,,,,,,,,,,,,,,,,,,,,,,,,,,,,,
"Hour factor Wind[M9,H19]",8.5442E-05,,,,,,,,,,,,,,,,,,,,,,,,,,,,,,,,,,,,,,
"Hour factor Wind[M9,H20]",8.28126E-05,,,,,,,,,,,,,,,,,,,,,,,,,,,,,,,,,,,,,,
"Hour factor Wind[M9,H21]",8.67046E-05,,,,,,,,,,,,,,,,,,,,,,,,,,,,,,,,,,,,,,
"Hour factor Wind[M9,H22]",9.17074E-05,,,,,,,,,,,,,,,,,,,,,,,,,,,,,,,,,,,,,,
"Hour factor Wind[M9,H23]",9.62938E-05,,,,,,,,,,,,,,,,,,,,,,,,,,,,,,,,,,,,,,
"Hour factor Wind[M9,H24]",9.94885E-05,,,,,,,,,,,,,,,,,,,,,,,,,,,,,,,,,,,,,,
"Hour factor Wind[M10,H1]",9.10597E-05,,,,,,,,,,,,,,,,,,,,,,,,,,,,,,,,,,,,,,
"Hour factor Wind[M10,H2]",8.70502E-05,,,,,,,,,,,,,,,,,,,,,,,,,,,,,,,,,,,,,,
"Hour factor Wind[M10,H3]",8.33366E-05,,,,,,,,,,,,,,,,,,,,,,,,,,,,,,,,,,,,,,
"Hour factor Wind[M10,H4]",8.2946E-05,,,,,,,,,,,,,,,,,,,,,,,,,,,,,,,,,,,,,,
"Hour factor Wind[M10,H5]",8.48637E-05,,,,,,,,,,,,,,,,,,,,,,,,,,,,,,,,,,,,,,
"Hour factor Wind[M10,H6]",8.99262E-05,,,,,,,,,,,,,,,,,,,,,,,,,,,,,,,,,,,,,,
"Hour factor Wind[M10,H7]",9.15028E-05,,,,,,,,,,,,,,,,,,,,,,,,,,,,,,,,,,,,,,
"Hour factor Wind[M10,H8]",7.83189E-05,,,,,,,,,,,,,,,,,,,,,,,,,,,,,,,,,,,,,,
"Hour factor Wind[M10,H9]",7.52293E-05,,,,,,,,,,,,,,,,,,,,,,,,,,,,,,,,,,,,,,
"Hour factor Wind[M10,H10]",8.44226E-05,,,,,,,,,,,,,,,,,,,,,,,,,,,,,,,,,,,,,,
"Hour factor Wind[M10,H11]",9.14263E-05,,,,,,,,,,,,,,,,,,,,,,,,,,,,,,,,,,,,,,
"Hour factor Wind[M10,H12]",9.68349E-05,,,,,,,,,,,,,,,,,,,,,,,,,,,,,,,,,,,,,,
"Hour factor Wind[M10,H13]",0.000101629,,,,,,,,,,,,,,,,,,,,,,,,,,,,,,,,,,,,,,
"Hour factor Wind[M10,H14]",9.9997E-05,,,,,,,,,,,,,,,,,,,,,,,,,,,,,,,,,,,,,,
"Hour factor Wind[M10,H15]",9.51696E-05,,,,,,,,,,,,,,,,,,,,,,,,,,,,,,,,,,,,,,
"Hour factor Wind[M10,H16]",9.17149E-05,,,,,,,,,,,,,,,,,,,,,,,,,,,,,,,,,,,,,,
"Hour factor Wind[M10,H17]",9.3676E-05,,,,,,,,,,,,,,,,,,,,,,,,,,,,,,,,,,,,,,
"Hour factor Wind[M10,H18]",9.4688E-05,,,,,,,,,,,,,,,,,,,,,,,,,,,,,,,,,,,,,,
"Hour factor Wind[M10,H19]",9.60153E-05,,,,,,,,,,,,,,,,,,,,,,,,,,,,,,,,,,,,,,
"Hour factor Wind[M10,H20]",9.88048E-05,,,,,,,,,,,,,,,,,,,,,,,,,,,,,,,,,,,,,,
"Hour factor Wind[M10,H21]",0.000103589,,,,,,,,,,,,,,,,,,,,,,,,,,,,,,,,,,,,,,
"Hour factor Wind[M10,H22]",0.000103676,,,,,,,,,,,,,,,,,,,,,,,,,,,,,,,,,,,,,,
"Hour factor Wind[M10,H23]",0.000100944,,,,,,,,,,,,,,,,,,,,,,,,,,,,,,,,,,,,,,
"Hour factor Wind[M10,H24]",9.60867E-05,,,,,,,,,,,,,,,,,,,,,,,,,,,,,,,,,,,,,,
"Hour factor Wind[M11,H1]",0.000109704,,,,,,,,,,,,,,,,,,,,,,,,,,,,,,,,,,,,,,
"Hour factor Wind[M11,H2]",0.000103569,,,,,,,,,,,,,,,,,,,,,,,,,,,,,,,,,,,,,,
"Hour factor Wind[M11,H3]",9.77238E-05,,,,,,,,,,,,,,,,,,,,,,,,,,,,,,,,,,,,,,
"Hour factor Wind[M11,H4]",9.5472E-05,,,,,,,,,,,,,,,,,,,,,,,,,,,,,,,,,,,,,,
"Hour factor Wind[M11,H5]",9.48297E-05,,,,,,,,,,,,,,,,,,,,,,,,,,,,,,,,,,,,,,
"Hour factor Wind[M11,H6]",9.99581E-05,,,,,,,,,,,,,,,,,,,,,,,,,,,,,,,,,,,,,,
"Hour factor Wind[M11,H7]",0.000103566,,,,,,,,,,,,,,,,,,,,,,,,,,,,,,,,,,,,,,
"Hour factor Wind[M11,H8]",0.000101458,,,,,,,,,,,,,,,,,,,,,,,,,,,,,,,,,,,,,,
"Hour factor Wind[M11,H9]",9.19307E-05,,,,,,,,,,,,,,,,,,,,,,,,,,,,,,,,,,,,,,
"Hour factor Wind[M11,H10]",8.39276E-05,,,,,,,,,,,,,,,,,,,,,,,,,,,,,,,,,,,,,,
"Hour factor Wind[M11,H11]",8.66923E-05,,,,,,,,,,,,,,,,,,,,,,,,,,,,,,,,,,,,,,
"Hour factor Wind[M11,H12]",9.00055E-05,,,,,,,,,,,,,,,,,,,,,,,,,,,,,,,,,,,,,,
"Hour factor Wind[M11,H13]",9.04227E-05,,,,,,,,,,,,,,,,,,,,,,,,,,,,,,,,,,,,,,
"Hour factor Wind[M11,H14]",8.6571E-05,,,,,,,,,,,,,,,,,,,,,,,,,,,,,,,,,,,,,,
"Hour factor Wind[M11,H15]",8.87747E-05,,,,,,,,,,,,,,,,,,,,,,,,,,,,,,,,,,,,,,
"Hour factor Wind[M11,H16]",0.000100252,,,,,,,,,,,,,,,,,,,,,,,,,,,,,,,,,,,,,,
"Hour factor Wind[M11,H17]",0.000106389,,,,,,,,,,,,,,,,,,,,,,,,,,,,,,,,,,,,,,
"Hour factor Wind[M11,H18]",0.000113471,,,,,,,,,,,,,,,,,,,,,,,,,,,,,,,,,,,,,,
"Hour factor Wind[M11,H19]",0.000119451,,,,,,,,,,,,,,,,,,,,,,,,,,,,,,,,,,,,,,
"Hour factor Wind[M11,H20]",0.000125652,,,,,,,,,,,,,,,,,,,,,,,,,,,,,,,,,,,,,,
"Hour factor Wind[M11,H21]",0.000132324,,,,,,,,,,,,,,,,,,,,,,,,,,,,,,,,,,,,,,
"Hour factor Wind[M11,H22]",0.000133604,,,,,,,,,,,,,,,,,,,,,,,,,,,,,,,,,,,,,,
"Hour factor Wind[M11,H23]",0.000132079,,,,,,,,,,,,,,,,,,,,,,,,,,,,,,,,,,,,,,
"Hour factor Wind[M11,H24]",0.00012019,,,,,,,,,,,,,,,,,,,,,,,,,,,,,,,,,,,,,,
"Hour factor Wind[M12,H1]",0.000137739,,,,,,,,,,,,,,,,,,,,,,,,,,,,,,,,,,,,,,
"Hour factor Wind[M12,H2]",0.000140077,,,,,,,,,,,,,,,,,,,,,,,,,,,,,,,,,,,,,,
"Hour factor Wind[M12,H3]",0.000143209,,,,,,,,,,,,,,,,,,,,,,,,,,,,,,,,,,,,,,
"Hour factor Wind[M12,H4]",0.000145147,,,,,,,,,,,,,,,,,,,,,,,,,,,,,,,,,,,,,,
"Hour factor Wind[M12,H5]",0.000147345,,,,,,,,,,,,,,,,,,,,,,,,,,,,,,,,,,,,,,
"Hour factor Wind[M12,H6]",0.000150757,,,,,,,,,,,,,,,,,,,,,,,,,,,,,,,,,,,,,,
"Hour factor Wind[M12,H7]",0.000155885,,,,,,,,,,,,,,,,,,,,,,,,,,,,,,,,,,,,,,
"Hour factor Wind[M12,H8]",0.000158516,,,,,,,,,,,,,,,,,,,,,,,,,,,,,,,,,,,,,,
"Hour factor Wind[M12,H9]",0.000146308,,,,,,,,,,,,,,,,,,,,,,,,,,,,,,,,,,,,,,
"Hour factor Wind[M12,H10]",0.000126335,,,,,,,,,,,,,,,,,,,,,,,,,,,,,,,,,,,,,,
"Hour factor Wind[M12,H11]",0.000116692,,,,,,,,,,,,,,,,,,,,,,,,,,,,,,,,,,,,,,
"Hour factor Wind[M12,H12]",0.00012602,,,,,,,,,,,,,,,,,,,,,,,,,,,,,,,,,,,,,,
"Hour factor Wind[M12,H13]",0.000126976,,,,,,,,,,,,,,,,,,,,,,,,,,,,,,,,,,,,,,
"Hour factor Wind[M12,H14]",0.000127092,,,,,,,,,,,,,,,,,,,,,,,,,,,,,,,,,,,,,,
"Hour factor Wind[M12,H15]",0.000136821,,,,,,,,,,,,,,,,,,,,,,,,,,,,,,,,,,,,,,
"Hour factor Wind[M12,H16]",0.000145583,,,,,,,,,,,,,,,,,,,,,,,,,,,,,,,,,,,,,,
"Hour factor Wind[M12,H17]",0.00014789,,,,,,,,,,,,,,,,,,,,,,,,,,,,,,,,,,,,,,
"Hour factor Wind[M12,H18]",0.000146992,,,,,,,,,,,,,,,,,,,,,,,,,,,,,,,,,,,,,,
"Hour factor Wind[M12,H19]",0.000148738,,,,,,,,,,,,,,,,,,,,,,,,,,,,,,,,,,,,,,
"Hour factor Wind[M12,H20]",0.000148712,,,,,,,,,,,,,,,,,,,,,,,,,,,,,,,,,,,,,,
"Hour factor Wind[M12,H21]",0.000146281,,,,,,,,,,,,,,,,,,,,,,,,,,,,,,,,,,,,,,
"Hour factor Wind[M12,H22]",0.000143391,,,,,,,,,,,,,,,,,,,,,,,,,,,,,,,,,,,,,,
"Hour factor Wind[M12,H23]",0.000142702,,,,,,,,,,,,,,,,,,,,,,,,,,,,,,,,,,,,,,
"Hour factor Wind[M12,H24]",0.000129881,,,,,,,,,,,,,,,,,,,,,,,,,,,,,,,,,,,,,,
HS Inflow[M1],0.0226346,,,,,,,,,,,,,,,,,,,,,,,,,,,,,,,,,,,,,,
HS Inflow[M2],0.0177505,,,,,,,,,,,,,,,,,,,,,,,,,,,,,,,,,,,,,,
HS Inflow[M3],0.023453,,,,,,,,,,,,,,,,,,,,,,,,,,,,,,,,,,,,,,
HS Inflow[M4],0.0504961,,,,,,,,,,,,,,,,,,,,,,,,,,,,,,,,,,,,,,
HS Inflow[M5],0.131271,,,,,,,,,,,,,,,,,,,,,,,,,,,,,,,,,,,,,,
HS Inflow[M6],0.183472,,,,,,,,,,,,,,,,,,,,,,,,,,,,,,,,,,,,,,
HS Inflow[M7],0.170225,,,,,,,,,,,,,,,,,,,,,,,,,,,,,,,,,,,,,,
HS Inflow[M8],0.128438,,,,,,,,,,,,,,,,,,,,,,,,,,,,,,,,,,,,,,
HS Inflow[M9],0.0969245,,,,,,,,,,,,,,,,,,,,,,,,,,,,,,,,,,,,,,
HS Inflow[M10],0.0848409,,,,,,,,,,,,,,,,,,,,,,,,,,,,,,,,,,,,,,
HS Inflow[M11],0.057356,,,,,,,,,,,,,,,,,,,,,,,,,,,,,,,,,,,,,,
HS Inflow[M12],0.0331384,,,,,,,,,,,,,,,,,,,,,,,,,,,,,,,,,,,,,,
Nuclear annual import,312.9,,,,,,,,,,,,,,,,,,,,,,,,,,,,,,,,,,,,,,
Other electricity consumption,120,74,85,238,209,39,34,54,74,72,88,103,119,176,,,,,,,,,,,,,,,,,,,,,,,,,
PHS annual production,183.2,89.6,114.4,82.4,84.8,173.6,174.4,136.8,119.2,168,118.4,136.8,115.68,138.64,131.137,131.137,186.636,186.636,186.636,186.636,186.636,186.636,186.636,186.636,186.636,186.636,186.636,186.636,186.636,186.636,186.636,186.636,186.636,186.636,186.636,186.636,186.636,186.636,186.636
PHSn Inflow[M1],0.0338771,,,,,,,,,,,,,,,,,,,,,,,,,,,,,,,,,,,,,,
PHSn Inflow[M2],0.0292766,,,,,,,,,,,,,,,,,,,,,,,,,,,,,,,,,,,,,,
PHSn Inflow[M3],0.0408709,,,,,,,,,,,,,,,,,,,,,,,,,,,,,,,,,,,,,,
PHSn Inflow[M4],0.0791636,,,,,,,,,,,,,,,,,,,,,,,,,,,,,,,,,,,,,,
PHSn Inflow[M5],0.151973,,,,,,,,,,,,,,,,,,,,,,,,,,,,,,,,,,,,,,
PHSn Inflow[M6],0.166909,,,,,,,,,,,,,,,,,,,,,,,,,,,,,,,,,,,,,,
PHSn Inflow[M7],0.13357,,,,,,,,,,,,,,,,,,,,,,,,,,,,,,,,,,,,,,
PHSn Inflow[M8],0.0966645,,,,,,,,,,,,,,,,,,,,,,,,,,,,,,,,,,,,,,
PHSn Inflow[M9],0.0814366,,,,,,,,,,,,,,,,,,,,,,,,,,,,,,,,,,,,,,
PHSn Inflow[M10],0.0802892,,,,,,,,,,,,,,,,,,,,,,,,,,,,,,,,,,,,,,
PHSn Inflow[M11],0.0617672,,,,,,,,,,,,,,,,,,,,,,,,,,,,,,,,,,,,,,
PHSn Inflow[M12],0.0442016,,,,,,,,,,,,,,,,,,,,,,,,,,,,,,,,,,,,,,
Public Light,55,61,50,51,51,47,44,39,33,36,35,37,42,48,,,,,,,,,,,,,,,,,,,,,,,,,
PV annual production,3,6,18,33,54,64,76,87,98,113,134,168,210,306,203.93,203.93,203.93,203.93,203.93,203.93,203.93,203.93,203.93,203.93,203.93,203.93,203.93,203.93,203.93,203.93,203.93,203.93,203.93,203.93,203.93,203.93,203.93,203.93,203.93
RR annual production for Ticino,818.536,952.627,1008.18,1176.1,1079.52,810.539,798.44,796.562,1089.34,998.532,978.592,493.439,729.527,1283.28,948.101,948.101,916.501,916.501,916.501,916.501,916.501,916.501,916.501,916.501,950.417,950.417,950.417,950.417,950.417,950.417,950.417,988.37,988.37,988.37,988.37,988.37,988.37,993.082,993.082
RR annual production NOT for Ticino,23.9724,25.9951,27.7909,31.6898,29.092,23.1999,22.9003,21.9779,29.1299,27.5029,26.2954,14.1818,19.6981,33.773,25.3401,25.3401,25.3586,25.3586,25.3586,25.3586,25.3586,25.3586,25.3586,25.3586,23.6365,23.6365,23.6365,23.6365,23.6365,23.6365,23.6365,0,0,0,0,0,0,0,0
"Share HS[M1,H1]",0.853113,,,,,,,,,,,,,,,,,,,,,,,,,,,,,,,,,,,,,,
"Share HS[M1,H2]",0.866805,,,,,,,,,,,,,,,,,,,,,,,,,,,,,,,,,,,,,,
"Share HS[M1,H3]",0.873309,,,,,,,,,,,,,,,,,,,,,,,,,,,,,,,,,,,,,,
"Share HS[M1,H4]",0.87535,,,,,,,,,,,,,,,,,,,,,,,,,,,,,,,,,,,,,,
"Share HS[M1,H5]",0.879234,,,,,,,,,,,,,,,,,,,,,,,,,,,,,,,,,,,,,,
"Share HS[M1,H6]",0.860121,,,,,,,,,,,,,,,,,,,,,,,,,,,,,,,,,,,,,,
"Share HS[M1,H7]",0.805617,,,,,,,,,,,,,,,,,,,,,,,,,,,,,,,,,,,,,,
"Share HS[M1,H8]",0.754692,,,,,,,,,,,,,,,,,,,,,,,,,,,,,,,,,,,,,,
"Share HS[M1,H9]",0.732394,,,,,,,,,,,,,,,,,,,,,,,,,,,,,,,,,,,,,,
"Share HS[M1,H10]",0.737245,,,,,,,,,,,,,,,,,,,,,,,,,,,,,,,,,,,,,,
"Share HS[M1,H11]",0.747127,,,,,,,,,,,,,,,,,,,,,,,,,,,,,,,,,,,,,,
"Share HS[M1,H12]",0.758792,,,,,,,,,,,,,,,,,,,,,,,,,,,,,,,,,,,,,,
"Share HS[M1,H13]",0.769587,,,,,,,,,,,,,,,,,,,,,,,,,,,,,,,,,,,,,,
"Share HS[M1,H14]",0.778511,,,,,,,,,,,,,,,,,,,,,,,,,,,,,,,,,,,,,,
"Share HS[M1,H15]",0.777627,,,,,,,,,,,,,,,,,,,,,,,,,,,,,,,,,,,,,,
"Share HS[M1,H16]",0.767585,,,,,,,,,,,,,,,,,,,,,,,,,,,,,,,,,,,,,,
"Share HS[M1,H17]",0.755022,,,,,,,,,,,,,,,,,,,,,,,,,,,,,,,,,,,,,,
"Share HS[M1,H18]",0.731683,,,,,,,,,,,,,,,,,,,,,,,,,,,,,,,,,,,,,,
"Share HS[M1,H19]",0.724657,,,,,,,,,,,,,,,,,,,,,,,,,,,,,,,,,,,,,,
"Share HS[M1,H20]",0.739462,,,,,,,,,,,,,,,,,,,,,,,,,,,,,,,,,,,,,,
"Share HS[M1,H21]",0.77282,,,,,,,,,,,,,,,,,,,,,,,,,,,,,,,,,,,,,,
"Share HS[M1,H22]",0.805721,,,,,,,,,,,,,,,,,,,,,,,,,,,,,,,,,,,,,,
"Share HS[M1,H23]",0.826295,,,,,,,,,,,,,,,,,,,,,,,,,,,,,,,,,,,,,,
"Share HS[M1,H24]",0.838034,,,,,,,,,,,,,,,,,,,,,,,,,,,,,,,,,,,,,,
"Share HS[M2,H1]",0.861109,,,,,,,,,,,,,,,,,,,,,,,,,,,,,,,,,,,,,,
"Share HS[M2,H2]",0.873505,,,,,,,,,,,,,,,,,,,,,,,,,,,,,,,,,,,,,,
"Share HS[M2,H3]",0.876637,,,,,,,,,,,,,,,,,,,,,,,,,,,,,,,,,,,,,,
"Share HS[M2,H4]",0.880075,,,,,,,,,,,,,,,,,,,,,,,,,,,,,,,,,,,,,,
"Share HS[M2,H5]",0.875776,,,,,,,,,,,,,,,,,,,,,,,,,,,,,,,,,,,,,,
"Share HS[M2,H6]",0.85049,,,,,,,,,,,,,,,,,,,,,,,,,,,,,,,,,,,,,,
"Share HS[M2,H7]",0.78462,,,,,,,,,,,,,,,,,,,,,,,,,,,,,,,,,,,,,,
"Share HS[M2,H8]",0.726657,,,,,,,,,,,,,,,,,,,,,,,,,,,,,,,,,,,,,,
"Share HS[M2,H9]",0.714374,,,,,,,,,,,,,,,,,,,,,,,,,,,,,,,,,,,,,,
"Share HS[M2,H10]",0.731385,,,,,,,,,,,,,,,,,,,,,,,,,,,,,,,,,,,,,,
"Share HS[M2,H11]",0.749007,,,,,,,,,,,,,,,,,,,,,,,,,,,,,,,,,,,,,,
"Share HS[M2,H12]",0.763933,,,,,,,,,,,,,,,,,,,,,,,,,,,,,,,,,,,,,,
"Share HS[M2,H13]",0.784163,,,,,,,,,,,,,,,,,,,,,,,,,,,,,,,,,,,,,,
"Share HS[M2,H14]",0.79291,,,,,,,,,,,,,,,,,,,,,,,,,,,,,,,,,,,,,,
"Share HS[M2,H15]",0.791536,,,,,,,,,,,,,,,,,,,,,,,,,,,,,,,,,,,,,,
"Share HS[M2,H16]",0.785368,,,,,,,,,,,,,,,,,,,,,,,,,,,,,,,,,,,,,,
"Share HS[M2,H17]",0.765947,,,,,,,,,,,,,,,,,,,,,,,,,,,,,,,,,,,,,,
"Share HS[M2,H18]",0.734027,,,,,,,,,,,,,,,,,,,,,,,,,,,,,,,,,,,,,,
"Share HS[M2,H19]",0.713693,,,,,,,,,,,,,,,,,,,,,,,,,,,,,,,,,,,,,,
"Share HS[M2,H20]",0.712768,,,,,,,,,,,,,,,,,,,,,,,,,,,,,,,,,,,,,,
"Share HS[M2,H21]",0.745673,,,,,,,,,,,,,,,,,,,,,,,,,,,,,,,,,,,,,,
"Share HS[M2,H22]",0.780638,,,,,,,,,,,,,,,,,,,,,,,,,,,,,,,,,,,,,,
"Share HS[M2,H23]",0.812446,,,,,,,,,,,,,,,,,,,,,,,,,,,,,,,,,,,,,,
"Share HS[M2,H24]",0.828187,,,,,,,,,,,,,,,,,,,,,,,,,,,,,,,,,,,,,,
"Share HS[M3,H1]",0.817712,,,,,,,,,,,,,,,,,,,,,,,,,,,,,,,,,,,,,,
"Share HS[M3,H2]",0.839161,,,,,,,,,,,,,,,,,,,,,,,,,,,,,,,,,,,,,,
"Share HS[M3,H3]",0.846866,,,,,,,,,,,,,,,,,,,,,,,,,,,,,,,,,,,,,,
"Share HS[M3,H4]",0.852269,,,,,,,,,,,,,,,,,,,,,,,,,,,,,,,,,,,,,,
"Share HS[M3,H5]",0.851256,,,,,,,,,,,,,,,,,,,,,,,,,,,,,,,,,,,,,,
"Share HS[M3,H6]",0.805879,,,,,,,,,,,,,,,,,,,,,,,,,,,,,,,,,,,,,,
"Share HS[M3,H7]",0.736714,,,,,,,,,,,,,,,,,,,,,,,,,,,,,,,,,,,,,,
"Share HS[M3,H8]",0.68704,,,,,,,,,,,,,,,,,,,,,,,,,,,,,,,,,,,,,,
"Share HS[M3,H9]",0.685079,,,,,,,,,,,,,,,,,,,,,,,,,,,,,,,,,,,,,,
"Share HS[M3,H10]",0.701324,,,,,,,,,,,,,,,,,,,,,,,,,,,,,,,,,,,,,,
"Share HS[M3,H11]",0.726002,,,,,,,,,,,,,,,,,,,,,,,,,,,,,,,,,,,,,,
"Share HS[M3,H12]",0.746513,,,,,,,,,,,,,,,,,,,,,,,,,,,,,,,,,,,,,,
"Share HS[M3,H13]",0.768008,,,,,,,,,,,,,,,,,,,,,,,,,,,,,,,,,,,,,,
"Share HS[M3,H14]",0.775445,,,,,,,,,,,,,,,,,,,,,,,,,,,,,,,,,,,,,,
"Share HS[M3,H15]",0.771068,,,,,,,,,,,,,,,,,,,,,,,,,,,,,,,,,,,,,,
"Share HS[M3,H16]",0.765347,,,,,,,,,,,,,,,,,,,,,,,,,,,,,,,,,,,,,,
"Share HS[M3,H17]",0.751181,,,,,,,,,,,,,,,,,,,,,,,,,,,,,,,,,,,,,,
"Share HS[M3,H18]",0.709546,,,,,,,,,,,,,,,,,,,,,,,,,,,,,,,,,,,,,,
"Share HS[M3,H19]",0.684024,,,,,,,,,,,,,,,,,,,,,,,,,,,,,,,,,,,,,,
"Share HS[M3,H20]",0.679775,,,,,,,,,,,,,,,,,,,,,,,,,,,,,,,,,,,,,,
"Share HS[M3,H21]",0.688835,,,,,,,,,,,,,,,,,,,,,,,,,,,,,,,,,,,,,,
"Share HS[M3,H22]",0.721181,,,,,,,,,,,,,,,,,,,,,,,,,,,,,,,,,,,,,,
"Share HS[M3,H23]",0.758523,,,,,,,,,,,,,,,,,,,,,,,,,,,,,,,,,,,,,,
"Share HS[M3,H24]",0.778216,,,,,,,,,,,,,,,,,,,,,,,,,,,,,,,,,,,,,,
"Share HS[M4,H1]",0.77009,,,,,,,,,,,,,,,,,,,,,,,,,,,,,,,,,,,,,,
"Share HS[M4,H2]",0.806993,,,,,,,,,,,,,,,,,,,,,,,,,,,,,,,,,,,,,,
"Share HS[M4,H3]",0.827645,,,,,,,,,,,,,,,,,,,,,,,,,,,,,,,,,,,,,,
"Share HS[M4,H4]",0.836716,,,,,,,,,,,,,,,,,,,,,,,,,,,,,,,,,,,,,,
"Share HS[M4,H5]",0.832517,,,,,,,,,,,,,,,,,,,,,,,,,,,,,,,,,,,,,,
"Share HS[M4,H6]",0.787915,,,,,,,,,,,,,,,,,,,,,,,,,,,,,,,,,,,,,,
"Share HS[M4,H7]",0.695515,,,,,,,,,,,,,,,,,,,,,,,,,,,,,,,,,,,,,,
"Share HS[M4,H8]",0.663353,,,,,,,,,,,,,,,,,,,,,,,,,,,,,,,,,,,,,,
"Share HS[M4,H9]",0.665757,,,,,,,,,,,,,,,,,,,,,,,,,,,,,,,,,,,,,,
"Share HS[M4,H10]",0.678788,,,,,,,,,,,,,,,,,,,,,,,,,,,,,,,,,,,,,,
"Share HS[M4,H11]",0.70964,,,,,,,,,,,,,,,,,,,,,,,,,,,,,,,,,,,,,,
"Share HS[M4,H12]",0.726177,,,,,,,,,,,,,,,,,,,,,,,,,,,,,,,,,,,,,,
"Share HS[M4,H13]",0.746491,,,,,,,,,,,,,,,,,,,,,,,,,,,,,,,,,,,,,,
"Share HS[M4,H14]",0.768395,,,,,,,,,,,,,,,,,,,,,,,,,,,,,,,,,,,,,,
"Share HS[M4,H15]",0.790817,,,,,,,,,,,,,,,,,,,,,,,,,,,,,,,,,,,,,,
"Share HS[M4,H16]",0.801131,,,,,,,,,,,,,,,,,,,,,,,,,,,,,,,,,,,,,,
"Share HS[M4,H17]",0.794672,,,,,,,,,,,,,,,,,,,,,,,,,,,,,,,,,,,,,,
"Share HS[M4,H18]",0.756224,,,,,,,,,,,,,,,,,,,,,,,,,,,,,,,,,,,,,,
"Share HS[M4,H19]",0.694524,,,,,,,,,,,,,,,,,,,,,,,,,,,,,,,,,,,,,,
"Share HS[M4,H20]",0.662809,,,,,,,,,,,,,,,,,,,,,,,,,,,,,,,,,,,,,,
"Share HS[M4,H21]",0.65772,,,,,,,,,,,,,,,,,,,,,,,,,,,,,,,,,,,,,,
"Share HS[M4,H22]",0.657756,,,,,,,,,,,,,,,,,,,,,,,,,,,,,,,,,,,,,,
"Share HS[M4,H23]",0.675728,,,,,,,,,,,,,,,,,,,,,,,,,,,,,,,,,,,,,,
"Share HS[M4,H24]",0.697976,,,,,,,,,,,,,,,,,,,,,,,,,,,,,,,,,,,,,,
"Share HS[M5,H1]",0.763789,,,,,,,,,,,,,,,,,,,,,,,,,,,,,,,,,,,,,,
"Share HS[M5,H2]",0.808896,,,,,,,,,,,,,,,,,,,,,,,,,,,,,,,,,,,,,,
"Share HS[M5,H3]",0.830215,,,,,,,,,,,,,,,,,,,,,,,,,,,,,,,,,,,,,,
"Share HS[M5,H4]",0.839572,,,,,,,,,,,,,,,,,,,,,,,,,,,,,,,,,,,,,,
"Share HS[M5,H5]",0.83622,,,,,,,,,,,,,,,,,,,,,,,,,,,,,,,,,,,,,,
"Share HS[M5,H6]",0.794438,,,,,,,,,,,,,,,,,,,,,,,,,,,,,,,,,,,,,,
"Share HS[M5,H7]",0.69571,,,,,,,,,,,,,,,,,,,,,,,,,,,,,,,,,,,,,,
"Share HS[M5,H8]",0.670404,,,,,,,,,,,,,,,,,,,,,,,,,,,,,,,,,,,,,,
"Share HS[M5,H9]",0.675947,,,,,,,,,,,,,,,,,,,,,,,,,,,,,,,,,,,,,,
"Share HS[M5,H10]",0.693559,,,,,,,,,,,,,,,,,,,,,,,,,,,,,,,,,,,,,,
"Share HS[M5,H11]",0.723661,,,,,,,,,,,,,,,,,,,,,,,,,,,,,,,,,,,,,,
"Share HS[M5,H12]",0.739652,,,,,,,,,,,,,,,,,,,,,,,,,,,,,,,,,,,,,,
"Share HS[M5,H13]",0.750922,,,,,,,,,,,,,,,,,,,,,,,,,,,,,,,,,,,,,,
"Share HS[M5,H14]",0.77716,,,,,,,,,,,,,,,,,,,,,,,,,,,,,,,,,,,,,,
"Share HS[M5,H15]",0.784263,,,,,,,,,,,,,,,,,,,,,,,,,,,,,,,,,,,,,,
"Share HS[M5,H16]",0.788277,,,,,,,,,,,,,,,,,,,,,,,,,,,,,,,,,,,,,,
"Share HS[M5,H17]",0.774352,,,,,,,,,,,,,,,,,,,,,,,,,,,,,,,,,,,,,,
"Share HS[M5,H18]",0.730927,,,,,,,,,,,,,,,,,,,,,,,,,,,,,,,,,,,,,,
"Share HS[M5,H19]",0.687971,,,,,,,,,,,,,,,,,,,,,,,,,,,,,,,,,,,,,,
"Share HS[M5,H20]",0.664828,,,,,,,,,,,,,,,,,,,,,,,,,,,,,,,,,,,,,,
"Share HS[M5,H21]",0.658348,,,,,,,,,,,,,,,,,,,,,,,,,,,,,,,,,,,,,,
"Share HS[M5,H22]",0.654484,,,,,,,,,,,,,,,,,,,,,,,,,,,,,,,,,,,,,,
"Share HS[M5,H23]",0.658583,,,,,,,,,,,,,,,,,,,,,,,,,,,,,,,,,,,,,,
"Share HS[M5,H24]",0.685867,,,,,,,,,,,,,,,,,,,,,,,,,,,,,,,,,,,,,,
"Share HS[M6,H1]",0.750786,,,,,,,,,,,,,,,,,,,,,,,,,,,,,,,,,,,,,,
"Share HS[M6,H2]",0.785948,,,,,,,,,,,,,,,,,,,,,,,,,,,,,,,,,,,,,,
"Share HS[M6,H3]",0.802351,,,,,,,,,,,,,,,,,,,,,,,,,,,,,,,,,,,,,,
"Share HS[M6,H4]",0.817453,,,,,,,,,,,,,,,,,,,,,,,,,,,,,,,,,,,,,,
"Share HS[M6,H5]",0.816137,,,,,,,,,,,,,,,,,,,,,,,,,,,,,,,,,,,,,,
"Share HS[M6,H6]",0.794103,,,,,,,,,,,,,,,,,,,,,,,,,,,,,,,,,,,,,,
"Share HS[M6,H7]",0.745037,,,,,,,,,,,,,,,,,,,,,,,,,,,,,,,,,,,,,,
"Share HS[M6,H8]",0.713426,,,,,,,,,,,,,,,,,,,,,,,,,,,,,,,,,,,,,,
"Share HS[M6,H9]",0.713123,,,,,,,,,,,,,,,,,,,,,,,,,,,,,,,,,,,,,,
"Share HS[M6,H10]",0.727308,,,,,,,,,,,,,,,,,,,,,,,,,,,,,,,,,,,,,,
"Share HS[M6,H11]",0.743244,,,,,,,,,,,,,,,,,,,,,,,,,,,,,,,,,,,,,,
"Share HS[M6,H12]",0.748172,,,,,,,,,,,,,,,,,,,,,,,,,,,,,,,,,,,,,,
"Share HS[M6,H13]",0.757437,,,,,,,,,,,,,,,,,,,,,,,,,,,,,,,,,,,,,,
"Share HS[M6,H14]",0.762977,,,,,,,,,,,,,,,,,,,,,,,,,,,,,,,,,,,,,,
"Share HS[M6,H15]",0.76656,,,,,,,,,,,,,,,,,,,,,,,,,,,,,,,,,,,,,,
"Share HS[M6,H16]",0.770459,,,,,,,,,,,,,,,,,,,,,,,,,,,,,,,,,,,,,,
"Share HS[M6,H17]",0.758364,,,,,,,,,,,,,,,,,,,,,,,,,,,,,,,,,,,,,,
"Share HS[M6,H18]",0.737906,,,,,,,,,,,,,,,,,,,,,,,,,,,,,,,,,,,,,,
"Share HS[M6,H19]",0.710483,,,,,,,,,,,,,,,,,,,,,,,,,,,,,,,,,,,,,,
"Share HS[M6,H20]",0.687518,,,,,,,,,,,,,,,,,,,,,,,,,,,,,,,,,,,,,,
"Share HS[M6,H21]",0.684082,,,,,,,,,,,,,,,,,,,,,,,,,,,,,,,,,,,,,,
"Share HS[M6,H22]",0.685065,,,,,,,,,,,,,,,,,,,,,,,,,,,,,,,,,,,,,,
"Share HS[M6,H23]",0.687529,,,,,,,,,,,,,,,,,,,,,,,,,,,,,,,,,,,,,,
"Share HS[M6,H24]",0.684967,,,,,,,,,,,,,,,,,,,,,,,,,,,,,,,,,,,,,,
"Share HS[M7,H1]",0.791574,,,,,,,,,,,,,,,,,,,,,,,,,,,,,,,,,,,,,,
"Share HS[M7,H2]",0.817556,,,,,,,,,,,,,,,,,,,,,,,,,,,,,,,,,,,,,,
"Share HS[M7,H3]",0.835222,,,,,,,,,,,,,,,,,,,,,,,,,,,,,,,,,,,,,,
"Share HS[M7,H4]",0.847898,,,,,,,,,,,,,,,,,,,,,,,,,,,,,,,,,,,,,,
"Share HS[M7,H5]",0.851549,,,,,,,,,,,,,,,,,,,,,,,,,,,,,,,,,,,,,,
"Share HS[M7,H6]",0.827022,,,,,,,,,,,,,,,,,,,,,,,,,,,,,,,,,,,,,,
"Share HS[M7,H7]",0.781428,,,,,,,,,,,,,,,,,,,,,,,,,,,,,,,,,,,,,,
"Share HS[M7,H8]",0.745137,,,,,,,,,,,,,,,,,,,,,,,,,,,,,,,,,,,,,,
"Share HS[M7,H9]",0.740555,,,,,,,,,,,,,,,,,,,,,,,,,,,,,,,,,,,,,,
"Share HS[M7,H10]",0.756617,,,,,,,,,,,,,,,,,,,,,,,,,,,,,,,,,,,,,,
"Share HS[M7,H11]",0.773049,,,,,,,,,,,,,,,,,,,,,,,,,,,,,,,,,,,,,,
"Share HS[M7,H12]",0.784041,,,,,,,,,,,,,,,,,,,,,,,,,,,,,,,,,,,,,,
"Share HS[M7,H13]",0.796257,,,,,,,,,,,,,,,,,,,,,,,,,,,,,,,,,,,,,,
"Share HS[M7,H14]",0.807437,,,,,,,,,,,,,,,,,,,,,,,,,,,,,,,,,,,,,,
"Share HS[M7,H15]",0.811797,,,,,,,,,,,,,,,,,,,,,,,,,,,,,,,,,,,,,,
"Share HS[M7,H16]",0.808196,,,,,,,,,,,,,,,,,,,,,,,,,,,,,,,,,,,,,,
"Share HS[M7,H17]",0.803046,,,,,,,,,,,,,,,,,,,,,,,,,,,,,,,,,,,,,,
"Share HS[M7,H18]",0.778879,,,,,,,,,,,,,,,,,,,,,,,,,,,,,,,,,,,,,,
"Share HS[M7,H19]",0.747026,,,,,,,,,,,,,,,,,,,,,,,,,,,,,,,,,,,,,,
"Share HS[M7,H20]",0.728866,,,,,,,,,,,,,,,,,,,,,,,,,,,,,,,,,,,,,,
"Share HS[M7,H21]",0.72801,,,,,,,,,,,,,,,,,,,,,,,,,,,,,,,,,,,,,,
"Share HS[M7,H22]",0.728375,,,,,,,,,,,,,,,,,,,,,,,,,,,,,,,,,,,,,,
"Share HS[M7,H23]",0.733149,,,,,,,,,,,,,,,,,,,,,,,,,,,,,,,,,,,,,,
"Share HS[M7,H24]",0.728731,,,,,,,,,,,,,,,,,,,,,,,,,,,,,,,,,,,,,,
"Share HS[M8,H1]",0.817496,,,,,,,,,,,,,,,,,,,,,,,,,,,,,,,,,,,,,,
"Share HS[M8,H2]",0.8478,,,,,,,,,,,,,,,,,,,,,,,,,,,,,,,,,,,,,,
"Share HS[M8,H3]",0.862045,,,,,,,,,,,,,,,,,,,,,,,,,,,,,,,,,,,,,,
"Share HS[M8,H4]",0.868614,,,,,,,,,,,,,,,,,,,,,,,,,,,,,,,,,,,,,,
"Share HS[M8,H5]",0.868588,,,,,,,,,,,,,,,,,,,,,,,,,,,,,,,,,,,,,,
"Share HS[M8,H6]",0.839677,,,,,,,,,,,,,,,,,,,,,,,,,,,,,,,,,,,,,,
"Share HS[M8,H7]",0.790551,,,,,,,,,,,,,,,,,,,,,,,,,,,,,,,,,,,,,,
"Share HS[M8,H8]",0.759151,,,,,,,,,,,,,,,,,,,,,,,,,,,,,,,,,,,,,,
"Share HS[M8,H9]",0.750548,,,,,,,,,,,,,,,,,,,,,,,,,,,,,,,,,,,,,,
"Share HS[M8,H10]",0.768076,,,,,,,,,,,,,,,,,,,,,,,,,,,,,,,,,,,,,,
"Share HS[M8,H11]",0.784024,,,,,,,,,,,,,,,,,,,,,,,,,,,,,,,,,,,,,,
"Share HS[M8,H12]",0.793268,,,,,,,,,,,,,,,,,,,,,,,,,,,,,,,,,,,,,,
"Share HS[M8,H13]",0.808553,,,,,,,,,,,,,,,,,,,,,,,,,,,,,,,,,,,,,,
"Share HS[M8,H14]",0.814575,,,,,,,,,,,,,,,,,,,,,,,,,,,,,,,,,,,,,,
"Share HS[M8,H15]",0.8217,,,,,,,,,,,,,,,,,,,,,,,,,,,,,,,,,,,,,,
"Share HS[M8,H16]",0.82361,,,,,,,,,,,,,,,,,,,,,,,,,,,,,,,,,,,,,,
"Share HS[M8,H17]",0.816311,,,,,,,,,,,,,,,,,,,,,,,,,,,,,,,,,,,,,,
"Share HS[M8,H18]",0.784641,,,,,,,,,,,,,,,,,,,,,,,,,,,,,,,,,,,,,,
"Share HS[M8,H19]",0.745974,,,,,,,,,,,,,,,,,,,,,,,,,,,,,,,,,,,,,,
"Share HS[M8,H20]",0.726134,,,,,,,,,,,,,,,,,,,,,,,,,,,,,,,,,,,,,,
"Share HS[M8,H21]",0.724453,,,,,,,,,,,,,,,,,,,,,,,,,,,,,,,,,,,,,,
"Share HS[M8,H22]",0.731102,,,,,,,,,,,,,,,,,,,,,,,,,,,,,,,,,,,,,,
"Share HS[M8,H23]",0.74675,,,,,,,,,,,,,,,,,,,,,,,,,,,,,,,,,,,,,,
"Share HS[M8,H24]",0.753745,,,,,,,,,,,,,,,,,,,,,,,,,,,,,,,,,,,,,,
"Share HS[M9,H1]",0.850374,,,,,,,,,,,,,,,,,,,,,,,,,,,,,,,,,,,,,,
"Share HS[M9,H2]",0.864209,,,,,,,,,,,,,,,,,,,,,,,,,,,,,,,,,,,,,,
"Share HS[M9,H3]",0.871336,,,,,,,,,,,,,,,,,,,,,,,,,,,,,,,,,,,,,,
"Share HS[M9,H4]",0.874249,,,,,,,,,,,,,,,,,,,,,,,,,,,,,,,,,,,,,,
"Share HS[M9,H5]",0.875136,,,,,,,,,,,,,,,,,,,,,,,,,,,,,,,,,,,,,,
"Share HS[M9,H6]",0.84607,,,,,,,,,,,,,,,,,,,,,,,,,,,,,,,,,,,,,,
"Share HS[M9,H7]",0.777006,,,,,,,,,,,,,,,,,,,,,,,,,,,,,,,,,,,,,,
"Share HS[M9,H8]",0.730539,,,,,,,,,,,,,,,,,,,,,,,,,,,,,,,,,,,,,,
"Share HS[M9,H9]",0.725746,,,,,,,,,,,,,,,,,,,,,,,,,,,,,,,,,,,,,,
"Share HS[M9,H10]",0.740165,,,,,,,,,,,,,,,,,,,,,,,,,,,,,,,,,,,,,,
"Share HS[M9,H11]",0.760837,,,,,,,,,,,,,,,,,,,,,,,,,,,,,,,,,,,,,,
"Share HS[M9,H12]",0.772818,,,,,,,,,,,,,,,,,,,,,,,,,,,,,,,,,,,,,,
"Share HS[M9,H13]",0.793042,,,,,,,,,,,,,,,,,,,,,,,,,,,,,,,,,,,,,,
"Share HS[M9,H14]",0.807193,,,,,,,,,,,,,,,,,,,,,,,,,,,,,,,,,,,,,,
"Share HS[M9,H15]",0.812744,,,,,,,,,,,,,,,,,,,,,,,,,,,,,,,,,,,,,,
"Share HS[M9,H16]",0.808834,,,,,,,,,,,,,,,,,,,,,,,,,,,,,,,,,,,,,,
"Share HS[M9,H17]",0.797791,,,,,,,,,,,,,,,,,,,,,,,,,,,,,,,,,,,,,,
"Share HS[M9,H18]",0.762189,,,,,,,,,,,,,,,,,,,,,,,,,,,,,,,,,,,,,,
"Share HS[M9,H19]",0.729101,,,,,,,,,,,,,,,,,,,,,,,,,,,,,,,,,,,,,,
"Share HS[M9,H20]",0.714876,,,,,,,,,,,,,,,,,,,,,,,,,,,,,,,,,,,,,,
"Share HS[M9,H21]",0.71855,,,,,,,,,,,,,,,,,,,,,,,,,,,,,,,,,,,,,,
"Share HS[M9,H22]",0.753126,,,,,,,,,,,,,,,,,,,,,,,,,,,,,,,,,,,,,,
"Share HS[M9,H23]",0.793229,,,,,,,,,,,,,,,,,,,,,,,,,,,,,,,,,,,,,,
"Share HS[M9,H24]",0.801017,,,,,,,,,,,,,,,,,,,,,,,,,,,,,,,,,,,,,,
"Share HS[M10,H1]",0.840217,,,,,,,,,,,,,,,,,,,,,,,,,,,,,,,,,,,,,,
"Share HS[M10,H2]",0.850729,,,,,,,,,,,,,,,,,,,,,,,,,,,,,,,,,,,,,,
"Share HS[M10,H3]",0.855315,,,,,,,,,,,,,,,,,,,,,,,,,,,,,,,,,,,,,,
"Share HS[M10,H4]",0.858093,,,,,,,,,,,,,,,,,,,,,,,,,,,,,,,,,,,,,,
"Share HS[M10,H5]",0.859745,,,,,,,,,,,,,,,,,,,,,,,,,,,,,,,,,,,,,,
"Share HS[M10,H6]",0.835801,,,,,,,,,,,,,,,,,,,,,,,,,,,,,,,,,,,,,,
"Share HS[M10,H7]",0.773928,,,,,,,,,,,,,,,,,,,,,,,,,,,,,,,,,,,,,,
"Share HS[M10,H8]",0.723965,,,,,,,,,,,,,,,,,,,,,,,,,,,,,,,,,,,,,,
"Share HS[M10,H9]",0.717363,,,,,,,,,,,,,,,,,,,,,,,,,,,,,,,,,,,,,,
"Share HS[M10,H10]",0.725134,,,,,,,,,,,,,,,,,,,,,,,,,,,,,,,,,,,,,,
"Share HS[M10,H11]",0.744559,,,,,,,,,,,,,,,,,,,,,,,,,,,,,,,,,,,,,,
"Share HS[M10,H12]",0.755552,,,,,,,,,,,,,,,,,,,,,,,,,,,,,,,,,,,,,,
"Share HS[M10,H13]",0.764409,,,,,,,,,,,,,,,,,,,,,,,,,,,,,,,,,,,,,,
"Share HS[M10,H14]",0.777717,,,,,,,,,,,,,,,,,,,,,,,,,,,,,,,,,,,,,,
"Share HS[M10,H15]",0.79232,,,,,,,,,,,,,,,,,,,,,,,,,,,,,,,,,,,,,,
"Share HS[M10,H16]",0.776651,,,,,,,,,,,,,,,,,,,,,,,,,,,,,,,,,,,,,,
"Share HS[M10,H17]",0.756972,,,,,,,,,,,,,,,,,,,,,,,,,,,,,,,,,,,,,,
"Share HS[M10,H18]",0.724564,,,,,,,,,,,,,,,,,,,,,,,,,,,,,,,,,,,,,,
"Share HS[M10,H19]",0.701689,,,,,,,,,,,,,,,,,,,,,,,,,,,,,,,,,,,,,,
"Share HS[M10,H20]",0.701419,,,,,,,,,,,,,,,,,,,,,,,,,,,,,,,,,,,,,,
"Share HS[M10,H21]",0.718499,,,,,,,,,,,,,,,,,,,,,,,,,,,,,,,,,,,,,,
"Share HS[M10,H22]",0.756917,,,,,,,,,,,,,,,,,,,,,,,,,,,,,,,,,,,,,,
"Share HS[M10,H23]",0.793132,,,,,,,,,,,,,,,,,,,,,,,,,,,,,,,,,,,,,,
"Share HS[M10,H24]",0.805588,,,,,,,,,,,,,,,,,,,,,,,,,,,,,,,,,,,,,,
"Share HS[M11,H1]",0.897585,,,,,,,,,,,,,,,,,,,,,,,,,,,,,,,,,,,,,,
"Share HS[M11,H2]",0.908008,,,,,,,,,,,,,,,,,,,,,,,,,,,,,,,,,,,,,,
"Share HS[M11,H3]",0.91688,,,,,,,,,,,,,,,,,,,,,,,,,,,,,,,,,,,,,,
"Share HS[M11,H4]",0.922619,,,,,,,,,,,,,,,,,,,,,,,,,,,,,,,,,,,,,,
"Share HS[M11,H5]",0.916991,,,,,,,,,,,,,,,,,,,,,,,,,,,,,,,,,,,,,,
"Share HS[M11,H6]",0.894487,,,,,,,,,,,,,,,,,,,,,,,,,,,,,,,,,,,,,,
"Share HS[M11,H7]",0.818185,,,,,,,,,,,,,,,,,,,,,,,,,,,,,,,,,,,,,,
"Share HS[M11,H8]",0.753336,,,,,,,,,,,,,,,,,,,,,,,,,,,,,,,,,,,,,,
"Share HS[M11,H9]",0.737626,,,,,,,,,,,,,,,,,,,,,,,,,,,,,,,,,,,,,,
"Share HS[M11,H10]",0.746594,,,,,,,,,,,,,,,,,,,,,,,,,,,,,,,,,,,,,,
"Share HS[M11,H11]",0.760423,,,,,,,,,,,,,,,,,,,,,,,,,,,,,,,,,,,,,,
"Share HS[M11,H12]",0.767448,,,,,,,,,,,,,,,,,,,,,,,,,,,,,,,,,,,,,,
"Share HS[M11,H13]",0.778214,,,,,,,,,,,,,,,,,,,,,,,,,,,,,,,,,,,,,,
"Share HS[M11,H14]",0.780639,,,,,,,,,,,,,,,,,,,,,,,,,,,,,,,,,,,,,,
"Share HS[M11,H15]",0.771204,,,,,,,,,,,,,,,,,,,,,,,,,,,,,,,,,,,,,,
"Share HS[M11,H16]",0.750036,,,,,,,,,,,,,,,,,,,,,,,,,,,,,,,,,,,,,,
"Share HS[M11,H17]",0.732237,,,,,,,,,,,,,,,,,,,,,,,,,,,,,,,,,,,,,,
"Share HS[M11,H18]",0.722241,,,,,,,,,,,,,,,,,,,,,,,,,,,,,,,,,,,,,,
"Share HS[M11,H19]",0.722138,,,,,,,,,,,,,,,,,,,,,,,,,,,,,,,,,,,,,,
"Share HS[M11,H20]",0.73703,,,,,,,,,,,,,,,,,,,,,,,,,,,,,,,,,,,,,,
"Share HS[M11,H21]",0.773677,,,,,,,,,,,,,,,,,,,,,,,,,,,,,,,,,,,,,,
"Share HS[M11,H22]",0.827311,,,,,,,,,,,,,,,,,,,,,,,,,,,,,,,,,,,,,,
"Share HS[M11,H23]",0.851149,,,,,,,,,,,,,,,,,,,,,,,,,,,,,,,,,,,,,,
"Share HS[M11,H24]",0.871268,,,,,,,,,,,,,,,,,,,,,,,,,,,,,,,,,,,,,,
"Share HS[M12,H1]",0.864971,,,,,,,,,,,,,,,,,,,,,,,,,,,,,,,,,,,,,,
"Share HS[M12,H2]",0.868949,,,,,,,,,,,,,,,,,,,,,,,,,,,,,,,,,,,,,,
"Share HS[M12,H3]",0.872519,,,,,,,,,,,,,,,,,,,,,,,,,,,,,,,,,,,,,,
"Share HS[M12,H4]",0.88259,,,,,,,,,,,,,,,,,,,,,,,,,,,,,,,,,,,,,,
"Share HS[M12,H5]",0.882997,,,,,,,,,,,,,,,,,,,,,,,,,,,,,,,,,,,,,,
"Share HS[M12,H6]",0.868372,,,,,,,,,,,,,,,,,,,,,,,,,,,,,,,,,,,,,,
"Share HS[M12,H7]",0.814662,,,,,,,,,,,,,,,,,,,,,,,,,,,,,,,,,,,,,,
"Share HS[M12,H8]",0.749597,,,,,,,,,,,,,,,,,,,,,,,,,,,,,,,,,,,,,,
"Share HS[M12,H9]",0.730424,,,,,,,,,,,,,,,,,,,,,,,,,,,,,,,,,,,,,,
"Share HS[M12,H10]",0.734528,,,,,,,,,,,,,,,,,,,,,,,,,,,,,,,,,,,,,,
"Share HS[M12,H11]",0.750177,,,,,,,,,,,,,,,,,,,,,,,,,,,,,,,,,,,,,,
"Share HS[M12,H12]",0.752758,,,,,,,,,,,,,,,,,,,,,,,,,,,,,,,,,,,,,,
"Share HS[M12,H13]",0.758751,,,,,,,,,,,,,,,,,,,,,,,,,,,,,,,,,,,,,,
"Share HS[M12,H14]",0.760311,,,,,,,,,,,,,,,,,,,,,,,,,,,,,,,,,,,,,,
"Share HS[M12,H15]",0.757312,,,,,,,,,,,,,,,,,,,,,,,,,,,,,,,,,,,,,,
"Share HS[M12,H16]",0.745787,,,,,,,,,,,,,,,,,,,,,,,,,,,,,,,,,,,,,,
"Share HS[M12,H17]",0.733723,,,,,,,,,,,,,,,,,,,,,,,,,,,,,,,,,,,,,,
"Share HS[M12,H18]",0.724557,,,,,,,,,,,,,,,,,,,,,,,,,,,,,,,,,,,,,,
"Share HS[M12,H19]",0.724498,,,,,,,,,,,,,,,,,,,,,,,,,,,,,,,,,,,,,,
"Share HS[M12,H20]",0.738699,,,,,,,,,,,,,,,,,,,,,,,,,,,,,,,,,,,,,,
"Share HS[M12,H21]",0.772263,,,,,,,,,,,,,,,,,,,,,,,,,,,,,,,,,,,,,,
"Share HS[M12,H22]",0.812006,,,,,,,,,,,,,,,,,,,,,,,,,,,,,,,,,,,,,,
"Share HS[M12,H23]",0.831529,,,,,,,,,,,,,,,,,,,,,,,,,,,,,,,,,,,,,,
"Share HS[M12,H24]",0.842742,,,,,,,,,,,,,,,,,,,,,,,,,,,,,,,,,,,,,,
"Share PHS[M1,H1]",0.146887,,,,,,,,,,,,,,,,,,,,,,,,,,,,,,,,,,,,,,
"Share PHS[M1,H2]",0.133195,,,,,,,,,,,,,,,,,,,,,,,,,,,,,,,,,,,,,,
"Share PHS[M1,H3]",0.126691,,,,,,,,,,,,,,,,,,,,,,,,,,,,,,,,,,,,,,
"Share PHS[M1,H4]",0.12465,,,,,,,,,,,,,,,,,,,,,,,,,,,,,,,,,,,,,,
"Share PHS[M1,H5]",0.120766,,,,,,,,,,,,,,,,,,,,,,,,,,,,,,,,,,,,,,
"Share PHS[M1,H6]",0.139879,,,,,,,,,,,,,,,,,,,,,,,,,,,,,,,,,,,,,,
"Share PHS[M1,H7]",0.194383,,,,,,,,,,,,,,,,,,,,,,,,,,,,,,,,,,,,,,
"Share PHS[M1,H8]",0.245308,,,,,,,,,,,,,,,,,,,,,,,,,,,,,,,,,,,,,,
"Share PHS[M1,H9]",0.267606,,,,,,,,,,,,,,,,,,,,,,,,,,,,,,,,,,,,,,
"Share PHS[M1,H10]",0.262755,,,,,,,,,,,,,,,,,,,,,,,,,,,,,,,,,,,,,,
"Share PHS[M1,H11]",0.252873,,,,,,,,,,,,,,,,,,,,,,,,,,,,,,,,,,,,,,
"Share PHS[M1,H12]",0.241208,,,,,,,,,,,,,,,,,,,,,,,,,,,,,,,,,,,,,,
"Share PHS[M1,H13]",0.230413,,,,,,,,,,,,,,,,,,,,,,,,,,,,,,,,,,,,,,
"Share PHS[M1,H14]",0.221489,,,,,,,,,,,,,,,,,,,,,,,,,,,,,,,,,,,,,,
"Share PHS[M1,H15]",0.222373,,,,,,,,,,,,,,,,,,,,,,,,,,,,,,,,,,,,,,
"Share PHS[M1,H16]",0.232415,,,,,,,,,,,,,,,,,,,,,,,,,,,,,,,,,,,,,,
"Share PHS[M1,H17]",0.244978,,,,,,,,,,,,,,,,,,,,,,,,,,,,,,,,,,,,,,
"Share PHS[M1,H18]",0.268317,,,,,,,,,,,,,,,,,,,,,,,,,,,,,,,,,,,,,,
"Share PHS[M1,H19]",0.275343,,,,,,,,,,,,,,,,,,,,,,,,,,,,,,,,,,,,,,
"Share PHS[M1,H20]",0.260538,,,,,,,,,,,,,,,,,,,,,,,,,,,,,,,,,,,,,,
"Share PHS[M1,H21]",0.22718,,,,,,,,,,,,,,,,,,,,,,,,,,,,,,,,,,,,,,
"Share PHS[M1,H22]",0.194279,,,,,,,,,,,,,,,,,,,,,,,,,,,,,,,,,,,,,,
"Share PHS[M1,H23]",0.173705,,,,,,,,,,,,,,,,,,,,,,,,,,,,,,,,,,,,,,
"Share PHS[M1,H24]",0.161966,,,,,,,,,,,,,,,,,,,,,,,,,,,,,,,,,,,,,,
"Share PHS[M2,H1]",0.138891,,,,,,,,,,,,,,,,,,,,,,,,,,,,,,,,,,,,,,
"Share PHS[M2,H2]",0.126495,,,,,,,,,,,,,,,,,,,,,,,,,,,,,,,,,,,,,,
"Share PHS[M2,H3]",0.123363,,,,,,,,,,,,,,,,,,,,,,,,,,,,,,,,,,,,,,
"Share PHS[M2,H4]",0.119925,,,,,,,,,,,,,,,,,,,,,,,,,,,,,,,,,,,,,,
"Share PHS[M2,H5]",0.124224,,,,,,,,,,,,,,,,,,,,,,,,,,,,,,,,,,,,,,
"Share PHS[M2,H6]",0.14951,,,,,,,,,,,,,,,,,,,,,,,,,,,,,,,,,,,,,,
"Share PHS[M2,H7]",0.21538,,,,,,,,,,,,,,,,,,,,,,,,,,,,,,,,,,,,,,
"Share PHS[M2,H8]",0.273343,,,,,,,,,,,,,,,,,,,,,,,,,,,,,,,,,,,,,,
"Share PHS[M2,H9]",0.285626,,,,,,,,,,,,,,,,,,,,,,,,,,,,,,,,,,,,,,
"Share PHS[M2,H10]",0.268615,,,,,,,,,,,,,,,,,,,,,,,,,,,,,,,,,,,,,,
"Share PHS[M2,H11]",0.250993,,,,,,,,,,,,,,,,,,,,,,,,,,,,,,,,,,,,,,
"Share PHS[M2,H12]",0.236067,,,,,,,,,,,,,,,,,,,,,,,,,,,,,,,,,,,,,,
"Share PHS[M2,H13]",0.215837,,,,,,,,,,,,,,,,,,,,,,,,,,,,,,,,,,,,,,
"Share PHS[M2,H14]",0.20709,,,,,,,,,,,,,,,,,,,,,,,,,,,,,,,,,,,,,,
"Share PHS[M2,H15]",0.208464,,,,,,,,,,,,,,,,,,,,,,,,,,,,,,,,,,,,,,
"Share PHS[M2,H16]",0.214632,,,,,,,,,,,,,,,,,,,,,,,,,,,,,,,,,,,,,,
"Share PHS[M2,H17]",0.234053,,,,,,,,,,,,,,,,,,,,,,,,,,,,,,,,,,,,,,
"Share PHS[M2,H18]",0.265973,,,,,,,,,,,,,,,,,,,,,,,,,,,,,,,,,,,,,,
"Share PHS[M2,H19]",0.286307,,,,,,,,,,,,,,,,,,,,,,,,,,,,,,,,,,,,,,
"Share PHS[M2,H20]",0.287232,,,,,,,,,,,,,,,,,,,,,,,,,,,,,,,,,,,,,,
"Share PHS[M2,H21]",0.254327,,,,,,,,,,,,,,,,,,,,,,,,,,,,,,,,,,,,,,
"Share PHS[M2,H22]",0.219362,,,,,,,,,,,,,,,,,,,,,,,,,,,,,,,,,,,,,,
"Share PHS[M2,H23]",0.187554,,,,,,,,,,,,,,,,,,,,,,,,,,,,,,,,,,,,,,
"Share PHS[M2,H24]",0.171813,,,,,,,,,,,,,,,,,,,,,,,,,,,,,,,,,,,,,,
"Share PHS[M3,H1]",0.182288,,,,,,,,,,,,,,,,,,,,,,,,,,,,,,,,,,,,,,
"Share PHS[M3,H2]",0.160839,,,,,,,,,,,,,,,,,,,,,,,,,,,,,,,,,,,,,,
"Share PHS[M3,H3]",0.153134,,,,,,,,,,,,,,,,,,,,,,,,,,,,,,,,,,,,,,
"Share PHS[M3,H4]",0.147731,,,,,,,,,,,,,,,,,,,,,,,,,,,,,,,,,,,,,,
"Share PHS[M3,H5]",0.148744,,,,,,,,,,,,,,,,,,,,,,,,,,,,,,,,,,,,,,
"Share PHS[M3,H6]",0.194121,,,,,,,,,,,,,,,,,,,,,,,,,,,,,,,,,,,,,,
"Share PHS[M3,H7]",0.263286,,,,,,,,,,,,,,,,,,,,,,,,,,,,,,,,,,,,,,
"Share PHS[M3,H8]",0.31296,,,,,,,,,,,,,,,,,,,,,,,,,,,,,,,,,,,,,,
"Share PHS[M3,H9]",0.314921,,,,,,,,,,,,,,,,,,,,,,,,,,,,,,,,,,,,,,
"Share PHS[M3,H10]",0.298676,,,,,,,,,,,,,,,,,,,,,,,,,,,,,,,,,,,,,,
"Share PHS[M3,H11]",0.273998,,,,,,,,,,,,,,,,,,,,,,,,,,,,,,,,,,,,,,
"Share PHS[M3,H12]",0.253487,,,,,,,,,,,,,,,,,,,,,,,,,,,,,,,,,,,,,,
"Share PHS[M3,H13]",0.231992,,,,,,,,,,,,,,,,,,,,,,,,,,,,,,,,,,,,,,
"Share PHS[M3,H14]",0.224555,,,,,,,,,,,,,,,,,,,,,,,,,,,,,,,,,,,,,,
"Share PHS[M3,H15]",0.228932,,,,,,,,,,,,,,,,,,,,,,,,,,,,,,,,,,,,,,
"Share PHS[M3,H16]",0.234653,,,,,,,,,,,,,,,,,,,,,,,,,,,,,,,,,,,,,,
"Share PHS[M3,H17]",0.248819,,,,,,,,,,,,,,,,,,,,,,,,,,,,,,,,,,,,,,
"Share PHS[M3,H18]",0.290454,,,,,,,,,,,,,,,,,,,,,,,,,,,,,,,,,,,,,,
"Share PHS[M3,H19]",0.315976,,,,,,,,,,,,,,,,,,,,,,,,,,,,,,,,,,,,,,
"Share PHS[M3,H20]",0.320225,,,,,,,,,,,,,,,,,,,,,,,,,,,,,,,,,,,,,,
"Share PHS[M3,H21]",0.311165,,,,,,,,,,,,,,,,,,,,,,,,,,,,,,,,,,,,,,
"Share PHS[M3,H22]",0.278819,,,,,,,,,,,,,,,,,,,,,,,,,,,,,,,,,,,,,,
"Share PHS[M3,H23]",0.241477,,,,,,,,,,,,,,,,,,,,,,,,,,,,,,,,,,,,,,
"Share PHS[M3,H24]",0.221784,,,,,,,,,,,,,,,,,,,,,,,,,,,,,,,,,,,,,,
"Share PHS[M4,H1]",0.22991,,,,,,,,,,,,,,,,,,,,,,,,,,,,,,,,,,,,,,
"Share PHS[M4,H2]",0.193007,,,,,,,,,,,,,,,,,,,,,,,,,,,,,,,,,,,,,,
"Share PHS[M4,H3]",0.172355,,,,,,,,,,,,,,,,,,,,,,,,,,,,,,,,,,,,,,
"Share PHS[M4,H4]",0.163284,,,,,,,,,,,,,,,,,,,,,,,,,,,,,,,,,,,,,,
"Share PHS[M4,H5]",0.167483,,,,,,,,,,,,,,,,,,,,,,,,,,,,,,,,,,,,,,
"Share PHS[M4,H6]",0.212085,,,,,,,,,,,,,,,,,,,,,,,,,,,,,,,,,,,,,,
"Share PHS[M4,H7]",0.304485,,,,,,,,,,,,,,,,,,,,,,,,,,,,,,,,,,,,,,
"Share PHS[M4,H8]",0.336647,,,,,,,,,,,,,,,,,,,,,,,,,,,,,,,,,,,,,,
"Share PHS[M4,H9]",0.334243,,,,,,,,,,,,,,,,,,,,,,,,,,,,,,,,,,,,,,
"Share PHS[M4,H10]",0.321212,,,,,,,,,,,,,,,,,,,,,,,,,,,,,,,,,,,,,,
"Share PHS[M4,H11]",0.29036,,,,,,,,,,,,,,,,,,,,,,,,,,,,,,,,,,,,,,
"Share PHS[M4,H12]",0.273823,,,,,,,,,,,,,,,,,,,,,,,,,,,,,,,,,,,,,,
"Share PHS[M4,H13]",0.253509,,,,,,,,,,,,,,,,,,,,,,,,,,,,,,,,,,,,,,
"Share PHS[M4,H14]",0.231605,,,,,,,,,,,,,,,,,,,,,,,,,,,,,,,,,,,,,,
"Share PHS[M4,H15]",0.209183,,,,,,,,,,,,,,,,,,,,,,,,,,,,,,,,,,,,,,
"Share PHS[M4,H16]",0.198869,,,,,,,,,,,,,,,,,,,,,,,,,,,,,,,,,,,,,,
"Share PHS[M4,H17]",0.205328,,,,,,,,,,,,,,,,,,,,,,,,,,,,,,,,,,,,,,
"Share PHS[M4,H18]",0.243776,,,,,,,,,,,,,,,,,,,,,,,,,,,,,,,,,,,,,,
"Share PHS[M4,H19]",0.305476,,,,,,,,,,,,,,,,,,,,,,,,,,,,,,,,,,,,,,
"Share PHS[M4,H20]",0.337191,,,,,,,,,,,,,,,,,,,,,,,,,,,,,,,,,,,,,,
"Share PHS[M4,H21]",0.34228,,,,,,,,,,,,,,,,,,,,,,,,,,,,,,,,,,,,,,
"Share PHS[M4,H22]",0.342244,,,,,,,,,,,,,,,,,,,,,,,,,,,,,,,,,,,,,,
"Share PHS[M4,H23]",0.324272,,,,,,,,,,,,,,,,,,,,,,,,,,,,,,,,,,,,,,
"Share PHS[M4,H24]",0.302024,,,,,,,,,,,,,,,,,,,,,,,,,,,,,,,,,,,,,,
"Share PHS[M5,H1]",0.236211,,,,,,,,,,,,,,,,,,,,,,,,,,,,,,,,,,,,,,
"Share PHS[M5,H2]",0.191104,,,,,,,,,,,,,,,,,,,,,,,,,,,,,,,,,,,,,,
"Share PHS[M5,H3]",0.169785,,,,,,,,,,,,,,,,,,,,,,,,,,,,,,,,,,,,,,
"Share PHS[M5,H4]",0.160428,,,,,,,,,,,,,,,,,,,,,,,,,,,,,,,,,,,,,,
"Share PHS[M5,H5]",0.16378,,,,,,,,,,,,,,,,,,,,,,,,,,,,,,,,,,,,,,
"Share PHS[M5,H6]",0.205562,,,,,,,,,,,,,,,,,,,,,,,,,,,,,,,,,,,,,,
"Share PHS[M5,H7]",0.30429,,,,,,,,,,,,,,,,,,,,,,,,,,,,,,,,,,,,,,
"Share PHS[M5,H8]",0.329596,,,,,,,,,,,,,,,,,,,,,,,,,,,,,,,,,,,,,,
"Share PHS[M5,H9]",0.324053,,,,,,,,,,,,,,,,,,,,,,,,,,,,,,,,,,,,,,
"Share PHS[M5,H10]",0.306441,,,,,,,,,,,,,,,,,,,,,,,,,,,,,,,,,,,,,,
"Share PHS[M5,H11]",0.276339,,,,,,,,,,,,,,,,,,,,,,,,,,,,,,,,,,,,,,
"Share PHS[M5,H12]",0.260348,,,,,,,,,,,,,,,,,,,,,,,,,,,,,,,,,,,,,,
"Share PHS[M5,H13]",0.249078,,,,,,,,,,,,,,,,,,,,,,,,,,,,,,,,,,,,,,
"Share PHS[M5,H14]",0.22284,,,,,,,,,,,,,,,,,,,,,,,,,,,,,,,,,,,,,,
"Share PHS[M5,H15]",0.215737,,,,,,,,,,,,,,,,,,,,,,,,,,,,,,,,,,,,,,
"Share PHS[M5,H16]",0.211723,,,,,,,,,,,,,,,,,,,,,,,,,,,,,,,,,,,,,,
"Share PHS[M5,H17]",0.225648,,,,,,,,,,,,,,,,,,,,,,,,,,,,,,,,,,,,,,
"Share PHS[M5,H18]",0.269073,,,,,,,,,,,,,,,,,,,,,,,,,,,,,,,,,,,,,,
"Share PHS[M5,H19]",0.312029,,,,,,,,,,,,,,,,,,,,,,,,,,,,,,,,,,,,,,
"Share PHS[M5,H20]",0.335172,,,,,,,,,,,,,,,,,,,,,,,,,,,,,,,,,,,,,,
"Share PHS[M5,H21]",0.341652,,,,,,,,,,,,,,,,,,,,,,,,,,,,,,,,,,,,,,
"Share PHS[M5,H22]",0.345516,,,,,,,,,,,,,,,,,,,,,,,,,,,,,,,,,,,,,,
"Share PHS[M5,H23]",0.341417,,,,,,,,,,,,,,,,,,,,,,,,,,,,,,,,,,,,,,
"Share PHS[M5,H24]",0.314133,,,,,,,,,,,,,,,,,,,,,,,,,,,,,,,,,,,,,,
"Share PHS[M6,H1]",0.249214,,,,,,,,,,,,,,,,,,,,,,,,,,,,,,,,,,,,,,
"Share PHS[M6,H2]",0.214052,,,,,,,,,,,,,,,,,,,,,,,,,,,,,,,,,,,,,,
"Share PHS[M6,H3]",0.197649,,,,,,,,,,,,,,,,,,,,,,,,,,,,,,,,,,,,,,
"Share PHS[M6,H4]",0.182547,,,,,,,,,,,,,,,,,,,,,,,,,,,,,,,,,,,,,,
"Share PHS[M6,H5]",0.183863,,,,,,,,,,,,,,,,,,,,,,,,,,,,,,,,,,,,,,
"Share PHS[M6,H6]",0.205897,,,,,,,,,,,,,,,,,,,,,,,,,,,,,,,,,,,,,,
"Share PHS[M6,H7]",0.254963,,,,,,,,,,,,,,,,,,,,,,,,,,,,,,,,,,,,,,
"Share PHS[M6,H8]",0.286574,,,,,,,,,,,,,,,,,,,,,,,,,,,,,,,,,,,,,,
"Share PHS[M6,H9]",0.286877,,,,,,,,,,,,,,,,,,,,,,,,,,,,,,,,,,,,,,
"Share PHS[M6,H10]",0.272692,,,,,,,,,,,,,,,,,,,,,,,,,,,,,,,,,,,,,,
"Share PHS[M6,H11]",0.256756,,,,,,,,,,,,,,,,,,,,,,,,,,,,,,,,,,,,,,
"Share PHS[M6,H12]",0.251828,,,,,,,,,,,,,,,,,,,,,,,,,,,,,,,,,,,,,,
"Share PHS[M6,H13]",0.242563,,,,,,,,,,,,,,,,,,,,,,,,,,,,,,,,,,,,,,
"Share PHS[M6,H14]",0.237023,,,,,,,,,,,,,,,,,,,,,,,,,,,,,,,,,,,,,,
"Share PHS[M6,H15]",0.23344,,,,,,,,,,,,,,,,,,,,,,,,,,,,,,,,,,,,,,
"Share PHS[M6,H16]",0.229541,,,,,,,,,,,,,,,,,,,,,,,,,,,,,,,,,,,,,,
"Share PHS[M6,H17]",0.241636,,,,,,,,,,,,,,,,,,,,,,,,,,,,,,,,,,,,,,
"Share PHS[M6,H18]",0.262094,,,,,,,,,,,,,,,,,,,,,,,,,,,,,,,,,,,,,,
"Share PHS[M6,H19]",0.289517,,,,,,,,,,,,,,,,,,,,,,,,,,,,,,,,,,,,,,
"Share PHS[M6,H20]",0.312482,,,,,,,,,,,,,,,,,,,,,,,,,,,,,,,,,,,,,,
"Share PHS[M6,H21]",0.315918,,,,,,,,,,,,,,,,,,,,,,,,,,,,,,,,,,,,,,
"Share PHS[M6,H22]",0.314935,,,,,,,,,,,,,,,,,,,,,,,,,,,,,,,,,,,,,,
"Share PHS[M6,H23]",0.312471,,,,,,,,,,,,,,,,,,,,,,,,,,,,,,,,,,,,,,
"Share PHS[M6,H24]",0.315033,,,,,,,,,,,,,,,,,,,,,,,,,,,,,,,,,,,,,,
"Share PHS[M7,H1]",0.208426,,,,,,,,,,,,,,,,,,,,,,,,,,,,,,,,,,,,,,
"Share PHS[M7,H2]",0.182444,,,,,,,,,,,,,,,,,,,,,,,,,,,,,,,,,,,,,,
"Share PHS[M7,H3]",0.164778,,,,,,,,,,,,,,,,,,,,,,,,,,,,,,,,,,,,,,
"Share PHS[M7,H4]",0.152102,,,,,,,,,,,,,,,,,,,,,,,,,,,,,,,,,,,,,,
"Share PHS[M7,H5]",0.148451,,,,,,,,,,,,,,,,,,,,,,,,,,,,,,,,,,,,,,
"Share PHS[M7,H6]",0.172978,,,,,,,,,,,,,,,,,,,,,,,,,,,,,,,,,,,,,,
"Share PHS[M7,H7]",0.218572,,,,,,,,,,,,,,,,,,,,,,,,,,,,,,,,,,,,,,
"Share PHS[M7,H8]",0.254863,,,,,,,,,,,,,,,,,,,,,,,,,,,,,,,,,,,,,,
"Share PHS[M7,H9]",0.259445,,,,,,,,,,,,,,,,,,,,,,,,,,,,,,,,,,,,,,
"Share PHS[M7,H10]",0.243383,,,,,,,,,,,,,,,,,,,,,,,,,,,,,,,,,,,,,,
"Share PHS[M7,H11]",0.226951,,,,,,,,,,,,,,,,,,,,,,,,,,,,,,,,,,,,,,
"Share PHS[M7,H12]",0.215959,,,,,,,,,,,,,,,,,,,,,,,,,,,,,,,,,,,,,,
"Share PHS[M7,H13]",0.203743,,,,,,,,,,,,,,,,,,,,,,,,,,,,,,,,,,,,,,
"Share PHS[M7,H14]",0.192563,,,,,,,,,,,,,,,,,,,,,,,,,,,,,,,,,,,,,,
"Share PHS[M7,H15]",0.188203,,,,,,,,,,,,,,,,,,,,,,,,,,,,,,,,,,,,,,
"Share PHS[M7,H16]",0.191804,,,,,,,,,,,,,,,,,,,,,,,,,,,,,,,,,,,,,,
"Share PHS[M7,H17]",0.196954,,,,,,,,,,,,,,,,,,,,,,,,,,,,,,,,,,,,,,
"Share PHS[M7,H18]",0.221121,,,,,,,,,,,,,,,,,,,,,,,,,,,,,,,,,,,,,,
"Share PHS[M7,H19]",0.252974,,,,,,,,,,,,,,,,,,,,,,,,,,,,,,,,,,,,,,
"Share PHS[M7,H20]",0.271134,,,,,,,,,,,,,,,,,,,,,,,,,,,,,,,,,,,,,,
"Share PHS[M7,H21]",0.27199,,,,,,,,,,,,,,,,,,,,,,,,,,,,,,,,,,,,,,
"Share PHS[M7,H22]",0.271625,,,,,,,,,,,,,,,,,,,,,,,,,,,,,,,,,,,,,,
"Share PHS[M7,H23]",0.266851,,,,,,,,,,,,,,,,,,,,,,,,,,,,,,,,,,,,,,
"Share PHS[M7,H24]",0.271269,,,,,,,,,,,,,,,,,,,,,,,,,,,,,,,,,,,,,,
"Share PHS[M8,H1]",0.182504,,,,,,,,,,,,,,,,,,,,,,,,,,,,,,,,,,,,,,
"Share PHS[M8,H2]",0.1522,,,,,,,,,,,,,,,,,,,,,,,,,,,,,,,,,,,,,,
"Share PHS[M8,H3]",0.137955,,,,,,,,,,,,,,,,,,,,,,,,,,,,,,,,,,,,,,
"Share PHS[M8,H4]",0.131386,,,,,,,,,,,,,,,,,,,,,,,,,,,,,,,,,,,,,,
"Share PHS[M8,H5]",0.131412,,,,,,,,,,,,,,,,,,,,,,,,,,,,,,,,,,,,,,
"Share PHS[M8,H6]",0.160323,,,,,,,,,,,,,,,,,,,,,,,,,,,,,,,,,,,,,,
"Share PHS[M8,H7]",0.209449,,,,,,,,,,,,,,,,,,,,,,,,,,,,,,,,,,,,,,
"Share PHS[M8,H8]",0.240849,,,,,,,,,,,,,,,,,,,,,,,,,,,,,,,,,,,,,,
"Share PHS[M8,H9]",0.249452,,,,,,,,,,,,,,,,,,,,,,,,,,,,,,,,,,,,,,
"Share PHS[M8,H10]",0.231924,,,,,,,,,,,,,,,,,,,,,,,,,,,,,,,,,,,,,,
"Share PHS[M8,H11]",0.215976,,,,,,,,,,,,,,,,,,,,,,,,,,,,,,,,,,,,,,
"Share PHS[M8,H12]",0.206732,,,,,,,,,,,,,,,,,,,,,,,,,,,,,,,,,,,,,,
"Share PHS[M8,H13]",0.191447,,,,,,,,,,,,,,,,,,,,,,,,,,,,,,,,,,,,,,
"Share PHS[M8,H14]",0.185425,,,,,,,,,,,,,,,,,,,,,,,,,,,,,,,,,,,,,,
"Share PHS[M8,H15]",0.1783,,,,,,,,,,,,,,,,,,,,,,,,,,,,,,,,,,,,,,
"Share PHS[M8,H16]",0.17639,,,,,,,,,,,,,,,,,,,,,,,,,,,,,,,,,,,,,,
"Share PHS[M8,H17]",0.183689,,,,,,,,,,,,,,,,,,,,,,,,,,,,,,,,,,,,,,
"Share PHS[M8,H18]",0.215359,,,,,,,,,,,,,,,,,,,,,,,,,,,,,,,,,,,,,,
"Share PHS[M8,H19]",0.254026,,,,,,,,,,,,,,,,,,,,,,,,,,,,,,,,,,,,,,
"Share PHS[M8,H20]",0.273866,,,,,,,,,,,,,,,,,,,,,,,,,,,,,,,,,,,,,,
"Share PHS[M8,H21]",0.275547,,,,,,,,,,,,,,,,,,,,,,,,,,,,,,,,,,,,,,
"Share PHS[M8,H22]",0.268898,,,,,,,,,,,,,,,,,,,,,,,,,,,,,,,,,,,,,,
"Share PHS[M8,H23]",0.25325,,,,,,,,,,,,,,,,,,,,,,,,,,,,,,,,,,,,,,
"Share PHS[M8,H24]",0.246255,,,,,,,,,,,,,,,,,,,,,,,,,,,,,,,,,,,,,,
"Share PHS[M9,H1]",0.149626,,,,,,,,,,,,,,,,,,,,,,,,,,,,,,,,,,,,,,
"Share PHS[M9,H2]",0.135791,,,,,,,,,,,,,,,,,,,,,,,,,,,,,,,,,,,,,,
"Share PHS[M9,H3]",0.128664,,,,,,,,,,,,,,,,,,,,,,,,,,,,,,,,,,,,,,
"Share PHS[M9,H4]",0.125751,,,,,,,,,,,,,,,,,,,,,,,,,,,,,,,,,,,,,,
"Share PHS[M9,H5]",0.124864,,,,,,,,,,,,,,,,,,,,,,,,,,,,,,,,,,,,,,
"Share PHS[M9,H6]",0.15393,,,,,,,,,,,,,,,,,,,,,,,,,,,,,,,,,,,,,,
"Share PHS[M9,H7]",0.222994,,,,,,,,,,,,,,,,,,,,,,,,,,,,,,,,,,,,,,
"Share PHS[M9,H8]",0.269461,,,,,,,,,,,,,,,,,,,,,,,,,,,,,,,,,,,,,,
"Share PHS[M9,H9]",0.274254,,,,,,,,,,,,,,,,,,,,,,,,,,,,,,,,,,,,,,
"Share PHS[M9,H10]",0.259835,,,,,,,,,,,,,,,,,,,,,,,,,,,,,,,,,,,,,,
"Share PHS[M9,H11]",0.239163,,,,,,,,,,,,,,,,,,,,,,,,,,,,,,,,,,,,,,
"Share PHS[M9,H12]",0.227182,,,,,,,,,,,,,,,,,,,,,,,,,,,,,,,,,,,,,,
"Share PHS[M9,H13]",0.206958,,,,,,,,,,,,,,,,,,,,,,,,,,,,,,,,,,,,,,
"Share PHS[M9,H14]",0.192807,,,,,,,,,,,,,,,,,,,,,,,,,,,,,,,,,,,,,,
"Share PHS[M9,H15]",0.187256,,,,,,,,,,,,,,,,,,,,,,,,,,,,,,,,,,,,,,
"Share PHS[M9,H16]",0.191166,,,,,,,,,,,,,,,,,,,,,,,,,,,,,,,,,,,,,,
"Share PHS[M9,H17]",0.202209,,,,,,,,,,,,,,,,,,,,,,,,,,,,,,,,,,,,,,
"Share PHS[M9,H18]",0.237811,,,,,,,,,,,,,,,,,,,,,,,,,,,,,,,,,,,,,,
"Share PHS[M9,H19]",0.270899,,,,,,,,,,,,,,,,,,,,,,,,,,,,,,,,,,,,,,
"Share PHS[M9,H20]",0.285124,,,,,,,,,,,,,,,,,,,,,,,,,,,,,,,,,,,,,,
"Share PHS[M9,H21]",0.28145,,,,,,,,,,,,,,,,,,,,,,,,,,,,,,,,,,,,,,
"Share PHS[M9,H22]",0.246874,,,,,,,,,,,,,,,,,,,,,,,,,,,,,,,,,,,,,,
"Share PHS[M9,H23]",0.206771,,,,,,,,,,,,,,,,,,,,,,,,,,,,,,,,,,,,,,
"Share PHS[M9,H24]",0.198983,,,,,,,,,,,,,,,,,,,,,,,,,,,,,,,,,,,,,,
"Share PHS[M10,H1]",0.159783,,,,,,,,,,,,,,,,,,,,,,,,,,,,,,,,,,,,,,
"Share PHS[M10,H2]",0.149271,,,,,,,,,,,,,,,,,,,,,,,,,,,,,,,,,,,,,,
"Share PHS[M10,H3]",0.144685,,,,,,,,,,,,,,,,,,,,,,,,,,,,,,,,,,,,,,
"Share PHS[M10,H4]",0.141907,,,,,,,,,,,,,,,,,,,,,,,,,,,,,,,,,,,,,,
"Share PHS[M10,H5]",0.140255,,,,,,,,,,,,,,,,,,,,,,,,,,,,,,,,,,,,,,
"Share PHS[M10,H6]",0.164199,,,,,,,,,,,,,,,,,,,,,,,,,,,,,,,,,,,,,,
"Share PHS[M10,H7]",0.226072,,,,,,,,,,,,,,,,,,,,,,,,,,,,,,,,,,,,,,
"Share PHS[M10,H8]",0.276035,,,,,,,,,,,,,,,,,,,,,,,,,,,,,,,,,,,,,,
"Share PHS[M10,H9]",0.282637,,,,,,,,,,,,,,,,,,,,,,,,,,,,,,,,,,,,,,
"Share PHS[M10,H10]",0.274866,,,,,,,,,,,,,,,,,,,,,,,,,,,,,,,,,,,,,,
"Share PHS[M10,H11]",0.255441,,,,,,,,,,,,,,,,,,,,,,,,,,,,,,,,,,,,,,
"Share PHS[M10,H12]",0.244448,,,,,,,,,,,,,,,,,,,,,,,,,,,,,,,,,,,,,,
"Share PHS[M10,H13]",0.235591,,,,,,,,,,,,,,,,,,,,,,,,,,,,,,,,,,,,,,
"Share PHS[M10,H14]",0.222283,,,,,,,,,,,,,,,,,,,,,,,,,,,,,,,,,,,,,,
"Share PHS[M10,H15]",0.20768,,,,,,,,,,,,,,,,,,,,,,,,,,,,,,,,,,,,,,
"Share PHS[M10,H16]",0.223349,,,,,,,,,,,,,,,,,,,,,,,,,,,,,,,,,,,,,,
"Share PHS[M10,H17]",0.243028,,,,,,,,,,,,,,,,,,,,,,,,,,,,,,,,,,,,,,
"Share PHS[M10,H18]",0.275436,,,,,,,,,,,,,,,,,,,,,,,,,,,,,,,,,,,,,,
"Share PHS[M10,H19]",0.298311,,,,,,,,,,,,,,,,,,,,,,,,,,,,,,,,,,,,,,
"Share PHS[M10,H20]",0.298581,,,,,,,,,,,,,,,,,,,,,,,,,,,,,,,,,,,,,,
"Share PHS[M10,H21]",0.281501,,,,,,,,,,,,,,,,,,,,,,,,,,,,,,,,,,,,,,
"Share PHS[M10,H22]",0.243083,,,,,,,,,,,,,,,,,,,,,,,,,,,,,,,,,,,,,,
"Share PHS[M10,H23]",0.206868,,,,,,,,,,,,,,,,,,,,,,,,,,,,,,,,,,,,,,
"Share PHS[M10,H24]",0.194412,,,,,,,,,,,,,,,,,,,,,,,,,,,,,,,,,,,,,,
"Share PHS[M11,H1]",0.102415,,,,,,,,,,,,,,,,,,,,,,,,,,,,,,,,,,,,,,
"Share PHS[M11,H2]",0.0919922,,,,,,,,,,,,,,,,,,,,,,,,,,,,,,,,,,,,,,
"Share PHS[M11,H3]",0.0831198,,,,,,,,,,,,,,,,,,,,,,,,,,,,,,,,,,,,,,
"Share PHS[M11,H4]",0.0773813,,,,,,,,,,,,,,,,,,,,,,,,,,,,,,,,,,,,,,
"Share PHS[M11,H5]",0.0830088,,,,,,,,,,,,,,,,,,,,,,,,,,,,,,,,,,,,,,
"Share PHS[M11,H6]",0.105513,,,,,,,,,,,,,,,,,,,,,,,,,,,,,,,,,,,,,,
"Share PHS[M11,H7]",0.181815,,,,,,,,,,,,,,,,,,,,,,,,,,,,,,,,,,,,,,
"Share PHS[M11,H8]",0.246664,,,,,,,,,,,,,,,,,,,,,,,,,,,,,,,,,,,,,,
"Share PHS[M11,H9]",0.262374,,,,,,,,,,,,,,,,,,,,,,,,,,,,,,,,,,,,,,
"Share PHS[M11,H10]",0.253406,,,,,,,,,,,,,,,,,,,,,,,,,,,,,,,,,,,,,,
"Share PHS[M11,H11]",0.239577,,,,,,,,,,,,,,,,,,,,,,,,,,,,,,,,,,,,,,
"Share PHS[M11,H12]",0.232552,,,,,,,,,,,,,,,,,,,,,,,,,,,,,,,,,,,,,,
"Share PHS[M11,H13]",0.221786,,,,,,,,,,,,,,,,,,,,,,,,,,,,,,,,,,,,,,
"Share PHS[M11,H14]",0.219361,,,,,,,,,,,,,,,,,,,,,,,,,,,,,,,,,,,,,,
"Share PHS[M11,H15]",0.228796,,,,,,,,,,,,,,,,,,,,,,,,,,,,,,,,,,,,,,
"Share PHS[M11,H16]",0.249964,,,,,,,,,,,,,,,,,,,,,,,,,,,,,,,,,,,,,,
"Share PHS[M11,H17]",0.267763,,,,,,,,,,,,,,,,,,,,,,,,,,,,,,,,,,,,,,
"Share PHS[M11,H18]",0.277759,,,,,,,,,,,,,,,,,,,,,,,,,,,,,,,,,,,,,,
"Share PHS[M11,H19]",0.277862,,,,,,,,,,,,,,,,,,,,,,,,,,,,,,,,,,,,,,
"Share PHS[M11,H20]",0.26297,,,,,,,,,,,,,,,,,,,,,,,,,,,,,,,,,,,,,,
"Share PHS[M11,H21]",0.226323,,,,,,,,,,,,,,,,,,,,,,,,,,,,,,,,,,,,,,
"Share PHS[M11,H22]",0.172689,,,,,,,,,,,,,,,,,,,,,,,,,,,,,,,,,,,,,,
"Share PHS[M11,H23]",0.148851,,,,,,,,,,,,,,,,,,,,,,,,,,,,,,,,,,,,,,
"Share PHS[M11,H24]",0.128732,,,,,,,,,,,,,,,,,,,,,,,,,,,,,,,,,,,,,,
"Share PHS[M12,H1]",0.135029,,,,,,,,,,,,,,,,,,,,,,,,,,,,,,,,,,,,,,
"Share PHS[M12,H2]",0.131051,,,,,,,,,,,,,,,,,,,,,,,,,,,,,,,,,,,,,,
"Share PHS[M12,H3]",0.127481,,,,,,,,,,,,,,,,,,,,,,,,,,,,,,,,,,,,,,
"Share PHS[M12,H4]",0.11741,,,,,,,,,,,,,,,,,,,,,,,,,,,,,,,,,,,,,,
"Share PHS[M12,H5]",0.117003,,,,,,,,,,,,,,,,,,,,,,,,,,,,,,,,,,,,,,
"Share PHS[M12,H6]",0.131628,,,,,,,,,,,,,,,,,,,,,,,,,,,,,,,,,,,,,,
"Share PHS[M12,H7]",0.185338,,,,,,,,,,,,,,,,,,,,,,,,,,,,,,,,,,,,,,
"Share PHS[M12,H8]",0.250403,,,,,,,,,,,,,,,,,,,,,,,,,,,,,,,,,,,,,,
"Share PHS[M12,H9]",0.269576,,,,,,,,,,,,,,,,,,,,,,,,,,,,,,,,,,,,,,
"Share PHS[M12,H10]",0.265472,,,,,,,,,,,,,,,,,,,,,,,,,,,,,,,,,,,,,,
"Share PHS[M12,H11]",0.249823,,,,,,,,,,,,,,,,,,,,,,,,,,,,,,,,,,,,,,
"Share PHS[M12,H12]",0.247242,,,,,,,,,,,,,,,,,,,,,,,,,,,,,,,,,,,,,,
"Share PHS[M12,H13]",0.241249,,,,,,,,,,,,,,,,,,,,,,,,,,,,,,,,,,,,,,
"Share PHS[M12,H14]",0.239689,,,,,,,,,,,,,,,,,,,,,,,,,,,,,,,,,,,,,,
"Share PHS[M12,H15]",0.242688,,,,,,,,,,,,,,,,,,,,,,,,,,,,,,,,,,,,,,
"Share PHS[M12,H16]",0.254213,,,,,,,,,,,,,,,,,,,,,,,,,,,,,,,,,,,,,,
"Share PHS[M12,H17]",0.266277,,,,,,,,,,,,,,,,,,,,,,,,,,,,,,,,,,,,,,
"Share PHS[M12,H18]",0.275443,,,,,,,,,,,,,,,,,,,,,,,,,,,,,,,,,,,,,,
"Share PHS[M12,H19]",0.275502,,,,,,,,,,,,,,,,,,,,,,,,,,,,,,,,,,,,,,
"Share PHS[M12,H20]",0.261301,,,,,,,,,,,,,,,,,,,,,,,,,,,,,,,,,,,,,,
"Share PHS[M12,H21]",0.227737,,,,,,,,,,,,,,,,,,,,,,,,,,,,,,,,,,,,,,
"Share PHS[M12,H22]",0.187994,,,,,,,,,,,,,,,,,,,,,,,,,,,,,,,,,,,,,,
"Share PHS[M12,H23]",0.168471,,,,,,,,,,,,,,,,,,,,,,,,,,,,,,,,,,,,,,
"Share PHS[M12,H24]",0.157258,,,,,,,,,,,,,,,,,,,,,,,,,,,,,,,,,,,,,,
Waste annual production,125,132,129,123,131,137,134,132,134,126,136,135,137,139,,,,,,,,,,,,,,,,,,,,,,,,,
Wind annual production,0,0,0,0,0,0,0,0,0,1,11,12,13,12,14.4,16.8,19.2,21.6,24,26.4,28.8,31.2,33.6,36,38.4,40.8,43.2,45.6,48,50.4,52.8,55.2,57.6,60,62.4,64.8,67.2,69.6,72
